{"type": "FeatureCollection", "features": [{"type": "Feature", "geometry": {"type": "Polygon", "coordinates": [[[-79.68802, 34.3618], [-79.68762, 34.36176], [-79.68727, 34.36154], [-79.68717, 34.3613], [-79.68717, 34.36102], [-79.68717, 34.36068], [-79.68686, 34.3602], [-79.68623, 34.35969], [-79.6853, 34.35927], [-79.68457, 34.35913], [-79.68371, 34.35937], [-79.68269, 34.35971], [-79.68172, 34.36045], [-79.68098, 34.36187], [-79.68082, 34.36247], [-79.68053, 34.36297], [-79.67934, 34.36385], [-79.67589, 34.3669], [-79.67549, 34.3673], [-79.6746, 34.36907], [-79.67385, 34.37068], [-79.67368, 34.3711], [-79.67351, 34.37186], [-79.67339, 34.37281], [-79.67348, 34.37363], [-79.6737, 34.37439], [-79.67412, 34.37516], [-79.67511, 34.37629], [-79.67585, 34.3769], [-79.67653, 34.37751], [-79.67815, 34.37833], [-79.67936, 34.37872], [-79.68075, 34.37914], [-79.68217, 34.37948], [-79.68368, 34.3797], [-79.68518, 34.37982], [-79.68702, 34.38016], [-79.68865, 34.38103], [-79.68916, 34.38145], [-79.68944, 34.38177], [-79.68958, 34.38267], [-79.68963, 34.38309], [-79.68938, 34.3838], [-79.68886, 34.38429], [-79.68845, 34.38469], [-79.68829, 34.38532], [-79.68833, 34.38595], [-79.68876, 34.38667], [-79.68946, 34.38716], [-79.69039, 34.38805], [-79.69093, 34.38885], [-79.69098, 34.38932], [-79.69092, 34.38974], [-79.69067, 34.39031], [-79.69041, 34.39082], [-79.69002, 34.39116], [-79.68939, 34.3914], [-79.68885, 34.39134], [-79.68795, 34.3911], [-79.68739, 34.39104], [-79.68676, 34.39112], [-79.68619, 34.39133], [-79.6855, 34.39162], [-79.68481, 34.3921], [-79.68429, 34.39292], [-79.68408, 34.39401], [-79.68414, 34.39488], [-79.68429, 34.39584], [-79.68407, 34.39668], [-79.68359, 34.39766], [-79.68337, 34.39837], [-79.6834, 34.39915], [-79.68387, 34.39996], [-79.68456, 34.40049], [-79.68523, 34.40067], [-79.68612, 34.40078], [-79.68773, 34.40101], [-79.68931, 34.40126], [-79.69049, 34.40151], [-79.69182, 34.40161], [-79.69303, 34.40167], [-79.69483, 34.40191], [-79.69584, 34.40224], [-79.69645, 34.40275], [-79.69685, 34.40341], [-79.69708, 34.40398], [-79.69717, 34.40455], [-79.69728, 34.40515], [-79.69755, 34.40577], [-79.69811, 34.40632], [-79.69873, 34.40655], [-79.69966, 34.40664], [-79.70042, 34.40643], [-79.70098, 34.40602], [-79.70149, 34.40534], [-79.70179, 34.40462], [-79.70204, 34.40378], [-79.70252, 34.40105], [-79.7027, 34.40026], [-79.70295, 34.39979], [-79.70347, 34.39933], [-79.7041, 34.39915], [-79.70484, 34.39907], [-79.70523, 34.39915], [-79.70582, 34.39943], [-79.70643, 34.39983], [-79.70695, 34.40028], [-79.70735, 34.40071], [-79.70936, 34.40245], [-79.71043, 34.40271], [-79.71112, 34.40268], [-79.71196, 34.40247], [-79.71261, 34.4021], [-79.71298, 34.40153], [-79.71313, 34.40087], [-79.7131, 34.40026], [-79.71311, 34.3993], [-79.71314, 34.39821], [-79.71335, 34.39711], [-79.71397, 34.39597], [-79.71486, 34.39483], [-79.71528, 34.39437], [-79.71684, 34.39346], [-79.71844, 34.39258], [-79.71943, 34.39211], [-79.72014, 34.39205], [-79.72092, 34.39224], [-79.72131, 34.39246], [-79.7217, 34.39314], [-79.72206, 34.39445], [-79.72211, 34.39583], [-79.7217, 34.39697], [-79.72115, 34.39742], [-79.72033, 34.3977], [-79.71925, 34.39796], [-79.71824, 34.3982], [-79.71763, 34.39848], [-79.71691, 34.39901], [-79.7165, 34.39964], [-79.7164, 34.4003], [-79.71648, 34.40123], [-79.7167, 34.40229], [-79.71704, 34.40344], [-79.7175, 34.40434], [-79.71784, 34.40486], [-79.7179, 34.40495], [-79.71854, 34.4057], [-79.71922, 34.40616], [-79.71996, 34.40666], [-79.72074, 34.40712], [-79.72143, 34.40785], [-79.72195, 34.40868], [-79.72215, 34.40954], [-79.72219, 34.41033], [-79.72175, 34.4115], [-79.72132, 34.41231], [-79.72054, 34.41345], [-79.71945, 34.41474], [-79.71888, 34.41566], [-79.71854, 34.41643], [-79.71844, 34.41709], [-79.71873, 34.41764], [-79.71908, 34.41806], [-79.7199, 34.4187], [-79.72048, 34.41902], [-79.72128, 34.41915], [-79.72183, 34.41906], [-79.72252, 34.41887], [-79.72303, 34.41862], [-79.72349, 34.41828], [-79.7244, 34.41764], [-79.72501, 34.41724], [-79.7251, 34.41719], [-79.72603, 34.41689], [-79.72683, 34.41689], [-79.72756, 34.41697], [-79.72807, 34.41719], [-79.72926, 34.41793], [-79.73048, 34.41892], [-79.73118, 34.4196], [-79.73194, 34.42064], [-79.73268, 34.42152], [-79.73403, 34.42366], [-79.7347, 34.42455], [-79.73557, 34.42537], [-79.73662, 34.42606], [-79.73741, 34.42657], [-79.73876, 34.42748], [-79.73988, 34.42834], [-79.74093, 34.42917], [-79.74215, 34.43022], [-79.74345, 34.43162], [-79.74427, 34.4326], [-79.74523, 34.43356], [-79.74598, 34.43406], [-79.74692, 34.43455], [-79.74783, 34.43501], [-79.74874, 34.43542], [-79.74978, 34.43613], [-79.75057, 34.4368], [-79.75084, 34.43769], [-79.75086, 34.43874], [-79.75078, 34.43967], [-79.75028, 34.44081], [-79.75019, 34.44097], [-79.74978, 34.44291], [-79.7495, 34.44355], [-79.74938, 34.44402], [-79.74909, 34.44496], [-79.74895, 34.44638], [-79.74898, 34.44749], [-79.7492, 34.44847], [-79.74954, 34.44929], [-79.74955, 34.4493], [-79.74978, 34.44957], [-79.74978, 34.44991], [-79.74978, 34.4506], [-79.74978, 34.45075], [-79.74978, 34.45085], [-79.75002, 34.45134], [-79.75136, 34.45419], [-79.7524, 34.45648], [-79.75279, 34.45748], [-79.75279, 34.45922], [-79.75269, 34.4607], [-79.75252, 34.46218], [-79.75228, 34.46362], [-79.75245, 34.46465], [-79.7518, 34.4665], [-79.75089, 34.46722], [-79.74978, 34.46773], [-79.74927, 34.46796], [-79.74815, 34.46797], [-79.7466, 34.46778], [-79.74495, 34.4676], [-79.7435, 34.46739], [-79.74272, 34.46733], [-79.7418, 34.46745], [-79.74046, 34.46788], [-79.73897, 34.46809], [-79.73754, 34.46793], [-79.7368, 34.46769], [-79.73615, 34.46738], [-79.7356, 34.46699], [-79.73527, 34.46674], [-79.73485, 34.46634], [-79.73431, 34.46599], [-79.73362, 34.46588], [-79.73318, 34.46587], [-79.73232, 34.46611], [-79.73169, 34.46638], [-79.73109, 34.46692], [-79.73081, 34.46737], [-79.73052, 34.46794], [-79.73038, 34.46857], [-79.73041, 34.46917], [-79.73071, 34.46972], [-79.73117, 34.47071], [-79.73172, 34.47189], [-79.73228, 34.47332], [-79.73258, 34.47422], [-79.73278, 34.4753], [-79.73264, 34.47635], [-79.73238, 34.47714], [-79.73183, 34.47785], [-79.73088, 34.47884], [-79.72929, 34.48013], [-79.72732, 34.48148], [-79.72483, 34.48287], [-79.7234, 34.4838], [-79.72239, 34.48469], [-79.72179, 34.48542], [-79.72155, 34.48605], [-79.72157, 34.48682], [-79.72169, 34.48745], [-79.7219, 34.48802], [-79.72234, 34.48889], [-79.72294, 34.4896], [-79.72387, 34.49101], [-79.72515, 34.4929], [-79.72658, 34.49552], [-79.7272, 34.49629], [-79.72783, 34.49682], [-79.72887, 34.49744], [-79.73036, 34.49819], [-79.73206, 34.49862], [-79.73368, 34.49877], [-79.7363, 34.49877], [-79.73836, 34.49869], [-79.74004, 34.49828], [-79.74102, 34.4982], [-79.74272, 34.49823], [-79.7442, 34.49861], [-79.74499, 34.4988], [-79.74612, 34.49939], [-79.74694, 34.49976], [-79.74751, 34.50016], [-79.74767, 34.50043], [-79.74775, 34.50061], [-79.74785, 34.50071], [-79.74815, 34.50099], [-79.7486, 34.50134], [-79.74875, 34.50148], [-79.74898, 34.50168], [-79.74926, 34.50194], [-79.74978, 34.50234], [-79.75141, 34.50311], [-79.75291, 34.50339], [-79.75406, 34.50371], [-79.75441, 34.50414], [-79.75462, 34.50481], [-79.75458, 34.50557], [-79.75415, 34.50629], [-79.75349, 34.50703], [-79.7523, 34.50812], [-79.75139, 34.5091], [-79.75099, 34.51004], [-79.75105, 34.51101], [-79.75125, 34.51191], [-79.7517, 34.51299], [-79.75201, 34.51345], [-79.75212, 34.51353], [-79.75277, 34.51406], [-79.7537, 34.51457], [-79.75588, 34.51535], [-79.75792, 34.51614], [-79.75903, 34.51666], [-79.75969, 34.51712], [-79.76028, 34.51763], [-79.76095, 34.5182], [-79.76161, 34.5187], [-79.7623, 34.51902], [-79.76283, 34.51912], [-79.76328, 34.51907], [-79.76371, 34.51871], [-79.764, 34.51831], [-79.764, 34.51771], [-79.76385, 34.51554], [-79.76388, 34.51442], [-79.76418, 34.51376], [-79.76481, 34.51283], [-79.7653, 34.51225], [-79.76617, 34.51174], [-79.76798, 34.51088], [-79.76919, 34.51022], [-79.77004, 34.50924], [-79.77047, 34.50847], [-79.77057, 34.50754], [-79.77056, 34.50645], [-79.77027, 34.50501], [-79.77012, 34.50372], [-79.77004, 34.5025], [-79.76997, 34.50154], [-79.76974, 34.50075], [-79.7687, 34.50016], [-79.76826, 34.4996], [-79.76784, 34.49893], [-79.76791, 34.49827], [-79.76832, 34.49735], [-79.76909, 34.49653], [-79.7701, 34.49627], [-79.77283, 34.49685], [-79.77628, 34.49765], [-79.77837, 34.49811], [-79.78043, 34.49836], [-79.78194, 34.49827], [-79.78293, 34.49777], [-79.78368, 34.49672], [-79.78447, 34.4953], [-79.78589, 34.49374], [-79.78717, 34.4919], [-79.78782, 34.49073], [-79.78802, 34.48966], [-79.78777, 34.48832], [-79.78745, 34.48641], [-79.78724, 34.48519], [-79.78749, 34.4846], [-79.78804, 34.4843], [-79.78914, 34.48452], [-79.7905, 34.4853], [-79.79173, 34.48653], [-79.79301, 34.48809], [-79.79405, 34.48952], [-79.79488, 34.49045], [-79.79643, 34.49162], [-79.79706, 34.49167], [-79.7982, 34.4915], [-79.79928, 34.4913], [-79.79988, 34.49084], [-79.80033, 34.48981], [-79.80141, 34.48757], [-79.8026, 34.48588], [-79.80351, 34.48476], [-79.80462, 34.48439], [-79.80615, 34.48458], [-79.80852, 34.48545], [-79.80947, 34.48608], [-79.81018, 34.48694], [-79.81083, 34.488], [-79.81108, 34.48842], [-79.81133, 34.48969], [-79.81192, 34.49203], [-79.8128, 34.49436], [-79.81393, 34.49614], [-79.81488, 34.49719], [-79.8168, 34.49836], [-79.81968, 34.49951], [-79.82121, 34.50016], [-79.82299, 34.50074], [-79.82438, 34.50141], [-79.82578, 34.50225], [-79.82679, 34.50302], [-79.82825, 34.5045], [-79.82939, 34.50565], [-79.83018, 34.50662], [-79.83106, 34.50748], [-79.83221, 34.50863], [-79.83338, 34.51026], [-79.83368, 34.51117], [-79.83367, 34.51212], [-79.83349, 34.51343], [-79.83267, 34.51457], [-79.83228, 34.51489], [-79.83187, 34.51522], [-79.83186, 34.51524], [-79.83091, 34.516], [-79.82976, 34.51717], [-79.82928, 34.51857], [-79.82922, 34.51947], [-79.82925, 34.52028], [-79.82965, 34.52114], [-79.83061, 34.52215], [-79.83155, 34.52341], [-79.83257, 34.52486], [-79.8328, 34.52545], [-79.83288, 34.52565], [-79.8329, 34.52577], [-79.83301, 34.52644], [-79.83296, 34.52735], [-79.83272, 34.52808], [-79.83212, 34.52894], [-79.83109, 34.53026], [-79.82998, 34.53193], [-79.83013, 34.53198], [-79.83057, 34.53217], [-79.83072, 34.53223], [-79.83093, 34.53229], [-79.831, 34.53233], [-79.83107, 34.53238], [-79.83115, 34.53246], [-79.83118, 34.53249], [-79.83125, 34.53262], [-79.8313, 34.53275], [-79.83134, 34.53289], [-79.83146, 34.53323], [-79.83149, 34.53334], [-79.8316, 34.53379], [-79.83165, 34.53401], [-79.83171, 34.53418], [-79.83173, 34.53425], [-79.83178, 34.53434], [-79.8318, 34.53438], [-79.83185, 34.53443], [-79.83192, 34.53448], [-79.83199, 34.53452], [-79.83203, 34.53454], [-79.83207, 34.53454], [-79.83211, 34.53453], [-79.8322, 34.53452], [-79.83224, 34.53451], [-79.83234, 34.53448], [-79.83237, 34.53446], [-79.83245, 34.53442], [-79.83248, 34.5344], [-79.83253, 34.53434], [-79.83257, 34.53432], [-79.83261, 34.5343], [-79.83265, 34.53429], [-79.83273, 34.53428], [-79.83282, 34.53427], [-79.83287, 34.53427], [-79.8329, 34.53426], [-79.83299, 34.53418], [-79.83302, 34.53416], [-79.83306, 34.53414], [-79.83314, 34.53411], [-79.83323, 34.5341], [-79.83348, 34.53403], [-79.83362, 34.53395], [-79.83375, 34.53386], [-79.83378, 34.53383], [-79.83382, 34.53376], [-79.83393, 34.53357], [-79.83395, 34.53354], [-79.83395, 34.5335], [-79.83399, 34.5334], [-79.83402, 34.53334], [-79.83407, 34.53328], [-79.8341, 34.53325], [-79.83417, 34.53321], [-79.83424, 34.53317], [-79.83428, 34.53317], [-79.83437, 34.53317], [-79.83441, 34.53318], [-79.83445, 34.53321], [-79.83447, 34.53323], [-79.83451, 34.5333], [-79.83452, 34.53333], [-79.83453, 34.5334], [-79.83456, 34.53379], [-79.83457, 34.5339], [-79.8346, 34.53404], [-79.83466, 34.53418], [-79.83474, 34.5343], [-79.83489, 34.53443], [-79.83501, 34.53453], [-79.83511, 34.5346], [-79.83515, 34.53462], [-79.83524, 34.53464], [-79.83527, 34.53466], [-79.83533, 34.53471], [-79.8354, 34.5348], [-79.83558, 34.53496], [-79.8357, 34.53506], [-79.8358, 34.53518], [-79.83584, 34.5352], [-79.83587, 34.53521], [-79.83592, 34.53522], [-79.83596, 34.53522], [-79.836, 34.5352], [-79.83611, 34.53514], [-79.83616, 34.53508], [-79.8362, 34.53502], [-79.83635, 34.53485], [-79.83645, 34.53478], [-79.83648, 34.53475], [-79.83652, 34.53474], [-79.83657, 34.53473], [-79.83665, 34.53473], [-79.8367, 34.53474], [-79.83674, 34.53475], [-79.83677, 34.53477], [-79.83681, 34.53479], [-79.83694, 34.53494], [-79.83706, 34.53504], [-79.83715, 34.53511], [-79.83722, 34.53515], [-79.8373, 34.53518], [-79.83735, 34.53519], [-79.83748, 34.53518], [-79.83752, 34.53517], [-79.8376, 34.53514], [-79.83763, 34.53512], [-79.83766, 34.53509], [-79.83767, 34.53506], [-79.83768, 34.53495], [-79.83765, 34.53481], [-79.83763, 34.53474], [-79.8376, 34.5346], [-79.83758, 34.53453], [-79.83757, 34.53446], [-79.83758, 34.53439], [-79.83759, 34.53436], [-79.83761, 34.53433], [-79.83768, 34.53424], [-79.83772, 34.53422], [-79.83778, 34.53418], [-79.83784, 34.53418], [-79.83788, 34.53419], [-79.838, 34.53424], [-79.83813, 34.53433], [-79.83829, 34.53445], [-79.83845, 34.53452], [-79.83849, 34.53453], [-79.83853, 34.53454], [-79.83861, 34.53453], [-79.8387, 34.5345], [-79.83874, 34.53449], [-79.83878, 34.5345], [-79.83887, 34.53452], [-79.83891, 34.53453], [-79.83894, 34.53455], [-79.83906, 34.53459], [-79.83919, 34.53461], [-79.83924, 34.53461], [-79.83928, 34.5346], [-79.83935, 34.53456], [-79.83938, 34.53453], [-79.83942, 34.53447], [-79.83945, 34.53433], [-79.83945, 34.53429], [-79.83942, 34.53422], [-79.83937, 34.53413], [-79.83936, 34.53409], [-79.83936, 34.53398], [-79.83937, 34.53391], [-79.83941, 34.53385], [-79.83945, 34.53379], [-79.83948, 34.53368], [-79.8395, 34.53365], [-79.83953, 34.53363], [-79.83961, 34.53363], [-79.8397, 34.53364], [-79.83979, 34.53364], [-79.83983, 34.53364], [-79.83986, 34.53361], [-79.83994, 34.53348], [-79.83997, 34.53346], [-79.84, 34.53344], [-79.84005, 34.53344], [-79.84016, 34.5335], [-79.84023, 34.53354], [-79.84027, 34.53355], [-79.84031, 34.53355], [-79.84044, 34.53352], [-79.84048, 34.53351], [-79.84052, 34.53349], [-79.84056, 34.53339], [-79.84056, 34.53332], [-79.8406, 34.53315], [-79.84062, 34.53312], [-79.84071, 34.53309], [-79.84075, 34.5331], [-79.84083, 34.53312], [-79.84087, 34.53314], [-79.84093, 34.53319], [-79.84097, 34.53325], [-79.84103, 34.5333], [-79.84106, 34.53333], [-79.84112, 34.53333], [-79.84114, 34.53337], [-79.84117, 34.53344], [-79.84124, 34.53352], [-79.84131, 34.53358], [-79.84142, 34.53365], [-79.84167, 34.53366], [-79.84176, 34.53367], [-79.84184, 34.53372], [-79.84193, 34.53373], [-79.84204, 34.5337], [-79.84219, 34.53364], [-79.8424, 34.53354], [-79.84252, 34.53354], [-79.84257, 34.53359], [-79.8426, 34.53368], [-79.84269, 34.53373], [-79.84277, 34.53372], [-79.8429, 34.53369], [-79.84307, 34.53356], [-79.84325, 34.53338], [-79.84341, 34.53323], [-79.84368, 34.53308], [-79.84371, 34.53295], [-79.84377, 34.53284], [-79.84392, 34.53278], [-79.84409, 34.53277], [-79.84433, 34.53278], [-79.84444, 34.53276], [-79.84452, 34.5327], [-79.84451, 34.53261], [-79.84443, 34.53254], [-79.84439, 34.53252], [-79.84424, 34.53248], [-79.84404, 34.5324], [-79.84401, 34.53232], [-79.84414, 34.53216], [-79.84421, 34.53208], [-79.84427, 34.53198], [-79.84436, 34.53185], [-79.84448, 34.53178], [-79.84457, 34.53174], [-79.8447, 34.53171], [-79.84485, 34.53171], [-79.84496, 34.53169], [-79.84504, 34.53164], [-79.8451, 34.53158], [-79.84531, 34.53157], [-79.84547, 34.53159], [-79.84563, 34.53156], [-79.84576, 34.53151], [-79.84588, 34.5315], [-79.84607, 34.53152], [-79.84617, 34.53151], [-79.84631, 34.53142], [-79.84641, 34.53135], [-79.8465, 34.53126], [-79.84676, 34.53111], [-79.84682, 34.53105], [-79.8469, 34.53094], [-79.84688, 34.53082], [-79.84682, 34.53064], [-79.84666, 34.53029], [-79.84666, 34.5302], [-79.84673, 34.53005], [-79.8468, 34.52993], [-79.84682, 34.52985], [-79.84679, 34.52971], [-79.84679, 34.52965], [-79.84691, 34.52957], [-79.84699, 34.52945], [-79.84699, 34.5294], [-79.84701, 34.52928], [-79.84695, 34.52906], [-79.84703, 34.52892], [-79.84714, 34.52885], [-79.84719, 34.52871], [-79.84715, 34.52856], [-79.84715, 34.52855], [-79.84705, 34.52843], [-79.8469, 34.52832], [-79.84679, 34.52825], [-79.84664, 34.52818], [-79.84649, 34.52808], [-79.84646, 34.52804], [-79.84645, 34.52799], [-79.84652, 34.52792], [-79.8466, 34.5279], [-79.84679, 34.52792], [-79.84692, 34.52792], [-79.84704, 34.52788], [-79.84712, 34.52782], [-79.84723, 34.52773], [-79.84737, 34.52767], [-79.84749, 34.52762], [-79.84763, 34.52752], [-79.84769, 34.52743], [-79.84774, 34.52732], [-79.84775, 34.52719], [-79.84774, 34.5271], [-79.84763, 34.52689], [-79.84753, 34.52673], [-79.84747, 34.52659], [-79.84735, 34.52648], [-79.84735, 34.52639], [-79.84737, 34.52635], [-79.84746, 34.52627], [-79.84757, 34.52616], [-79.84764, 34.52604], [-79.84764, 34.52584], [-79.84763, 34.52575], [-79.84764, 34.52558], [-79.84768, 34.5255], [-79.84782, 34.52546], [-79.84798, 34.52543], [-79.84811, 34.52536], [-79.84825, 34.52526], [-79.8484, 34.5251], [-79.84847, 34.525], [-79.84847, 34.52492], [-79.84845, 34.52482], [-79.84847, 34.52475], [-79.84871, 34.52454], [-79.84881, 34.52444], [-79.84889, 34.5244], [-79.84899, 34.52439], [-79.84911, 34.52441], [-79.84918, 34.52446], [-79.84928, 34.52447], [-79.84938, 34.52443], [-79.84944, 34.52438], [-79.84951, 34.52434], [-79.8496, 34.52433], [-79.84969, 34.52435], [-79.84984, 34.52452], [-79.84993, 34.5246], [-79.85004, 34.52463], [-79.85018, 34.52465], [-79.85045, 34.52473], [-79.85066, 34.5247], [-79.85102, 34.52461], [-79.85113, 34.5246], [-79.85126, 34.52463], [-79.85136, 34.52462], [-79.85143, 34.52457], [-79.85144, 34.52444], [-79.85148, 34.52439], [-79.85157, 34.52437], [-79.85164, 34.52441], [-79.85178, 34.52462], [-79.85183, 34.52469], [-79.85193, 34.5247], [-79.85206, 34.52462], [-79.85212, 34.52457], [-79.85223, 34.52455], [-79.85229, 34.52458], [-79.85232, 34.52463], [-79.85237, 34.52469], [-79.85243, 34.52468], [-79.85252, 34.5246], [-79.85261, 34.52448], [-79.85271, 34.52438], [-79.85273, 34.52436], [-79.85281, 34.52431], [-79.85298, 34.52424], [-79.85316, 34.52419], [-79.8533, 34.52418], [-79.85348, 34.52413], [-79.85363, 34.52405], [-79.8538, 34.52394], [-79.85393, 34.52383], [-79.85399, 34.52373], [-79.85404, 34.52363], [-79.85406, 34.52353], [-79.85399, 34.52342], [-79.85391, 34.52334], [-79.85385, 34.52323], [-79.85383, 34.52314], [-79.85385, 34.52304], [-79.85386, 34.52303], [-79.85393, 34.52297], [-79.85395, 34.52296], [-79.85415, 34.52286], [-79.85416, 34.52285], [-79.85424, 34.52281], [-79.85434, 34.52275], [-79.85465, 34.52264], [-79.85475, 34.52256], [-79.85478, 34.52242], [-79.85478, 34.52224], [-79.85482, 34.52215], [-79.85493, 34.52214], [-79.85505, 34.52218], [-79.85518, 34.52224], [-79.85539, 34.52224], [-79.85591, 34.52214], [-79.85605, 34.52219], [-79.85611, 34.52225], [-79.85629, 34.52224], [-79.85636, 34.52219], [-79.8564, 34.52204], [-79.85644, 34.52195], [-79.85653, 34.52185], [-79.8566, 34.52181], [-79.8567, 34.5218], [-79.8568, 34.52177], [-79.85687, 34.52174], [-79.8569, 34.52167], [-79.85687, 34.52161], [-79.85677, 34.52155], [-79.85669, 34.52149], [-79.85667, 34.52142], [-79.85669, 34.52137], [-79.85679, 34.52132], [-79.8571, 34.52116], [-79.85719, 34.52112], [-79.85727, 34.52112], [-79.85733, 34.52113], [-79.8576, 34.52129], [-79.8577, 34.5213], [-79.85774, 34.52126], [-79.85774, 34.52119], [-79.8577, 34.52107], [-79.85771, 34.521], [-79.85783, 34.52089], [-79.85817, 34.52072], [-79.85823, 34.52066], [-79.85834, 34.52051], [-79.85845, 34.52049], [-79.85851, 34.52051], [-79.85858, 34.52072], [-79.85863, 34.52081], [-79.85874, 34.52087], [-79.85883, 34.52083], [-79.85893, 34.52075], [-79.85903, 34.52069], [-79.85913, 34.52065], [-79.85922, 34.52059], [-79.85928, 34.52052], [-79.8593, 34.52044], [-79.85937, 34.52036], [-79.85949, 34.52031], [-79.85963, 34.52034], [-79.85966, 34.52053], [-79.8597, 34.52058], [-79.85979, 34.52056], [-79.85994, 34.52043], [-79.86001, 34.52043], [-79.86005, 34.52044], [-79.86012, 34.5205], [-79.86017, 34.52051], [-79.86033, 34.5205], [-79.86044, 34.52051], [-79.8606, 34.52055], [-79.86065, 34.52058], [-79.86071, 34.52065], [-79.86077, 34.52065], [-79.86089, 34.52059], [-79.86095, 34.52058], [-79.861, 34.52059], [-79.8611, 34.52065], [-79.86127, 34.52087], [-79.86134, 34.52088], [-79.86143, 34.52087], [-79.8615, 34.52083], [-79.86158, 34.52083], [-79.86167, 34.52086], [-79.8619, 34.52105], [-79.86197, 34.52105], [-79.86203, 34.52104], [-79.86205, 34.52101], [-79.862, 34.52083], [-79.86206, 34.52072], [-79.86213, 34.52064], [-79.86217, 34.52063], [-79.8622, 34.52055], [-79.8622, 34.5205], [-79.86215, 34.52045], [-79.86215, 34.52038], [-79.86219, 34.52031], [-79.86218, 34.52019], [-79.86219, 34.52012], [-79.86204, 34.51992], [-79.86204, 34.51987], [-79.86209, 34.51979], [-79.86217, 34.5197], [-79.86219, 34.51966], [-79.86219, 34.51962], [-79.86222, 34.51955], [-79.86229, 34.5195], [-79.86233, 34.51945], [-79.8623, 34.51938], [-79.86223, 34.51932], [-79.86221, 34.51922], [-79.86223, 34.51909], [-79.86225, 34.51904], [-79.86229, 34.519], [-79.86243, 34.51886], [-79.86247, 34.51878], [-79.86252, 34.5187], [-79.86248, 34.51864], [-79.86243, 34.51848], [-79.86244, 34.5184], [-79.8624, 34.51834], [-79.86232, 34.51835], [-79.86227, 34.51845], [-79.8622, 34.51849], [-79.86213, 34.51848], [-79.86205, 34.51842], [-79.86202, 34.51832], [-79.86201, 34.51804], [-79.86199, 34.51802], [-79.86188, 34.51797], [-79.86174, 34.51793], [-79.86157, 34.51787], [-79.86151, 34.51782], [-79.86141, 34.51772], [-79.86145, 34.51765], [-79.86154, 34.51764], [-79.86169, 34.51769], [-79.86173, 34.51769], [-79.86194, 34.51769], [-79.86217, 34.51764], [-79.86235, 34.51758], [-79.86247, 34.51747], [-79.86252, 34.51736], [-79.86252, 34.51728], [-79.86248, 34.5172], [-79.86245, 34.51711], [-79.86252, 34.51696], [-79.86258, 34.51688], [-79.86264, 34.51663], [-79.86266, 34.51657], [-79.86285, 34.51655], [-79.86295, 34.51653], [-79.86299, 34.51648], [-79.86303, 34.51641], [-79.86303, 34.5163], [-79.86294, 34.51623], [-79.86291, 34.51619], [-79.86293, 34.51613], [-79.86303, 34.51608], [-79.86313, 34.51607], [-79.86316, 34.516], [-79.86313, 34.51593], [-79.86305, 34.51587], [-79.86298, 34.51576], [-79.86295, 34.51558], [-79.86289, 34.51545], [-79.8629, 34.51539], [-79.86293, 34.51531], [-79.86297, 34.51525], [-79.86295, 34.51517], [-79.86289, 34.51508], [-79.86289, 34.51502], [-79.86277, 34.515], [-79.86269, 34.51496], [-79.8627, 34.51489], [-79.86273, 34.51483], [-79.86291, 34.51475], [-79.86297, 34.51473], [-79.86307, 34.51462], [-79.86313, 34.51457], [-79.8632, 34.51453], [-79.86351, 34.51449], [-79.8636, 34.51443], [-79.86364, 34.51434], [-79.86364, 34.51424], [-79.86364, 34.51414], [-79.86368, 34.51403], [-79.86376, 34.51393], [-79.86383, 34.51387], [-79.86392, 34.51382], [-79.86403, 34.51381], [-79.86414, 34.51376], [-79.86426, 34.51367], [-79.86433, 34.51353], [-79.86434, 34.51341], [-79.86434, 34.51339], [-79.86437, 34.51331], [-79.86443, 34.51323], [-79.86447, 34.51321], [-79.86467, 34.51321], [-79.86473, 34.51318], [-79.86473, 34.51312], [-79.86468, 34.51297], [-79.86476, 34.5128], [-79.86478, 34.5127], [-79.86474, 34.51266], [-79.86458, 34.5126], [-79.86459, 34.51255], [-79.86458, 34.5125], [-79.86478, 34.51226], [-79.86487, 34.51211], [-79.86488, 34.51203], [-79.86488, 34.51195], [-79.86482, 34.51187], [-79.86469, 34.51176], [-79.86458, 34.5117], [-79.86455, 34.51165], [-79.86454, 34.51159], [-79.8646, 34.51151], [-79.86472, 34.5114], [-79.86471, 34.5113], [-79.86463, 34.51119], [-79.86441, 34.511], [-79.86436, 34.51095], [-79.86422, 34.51084], [-79.86405, 34.51069], [-79.86393, 34.51058], [-79.86372, 34.51026], [-79.86366, 34.51009], [-79.86356, 34.50945], [-79.86357, 34.50936], [-79.86363, 34.50925], [-79.86363, 34.50911], [-79.86366, 34.509], [-79.86366, 34.50889], [-79.86364, 34.50873], [-79.8637, 34.50856], [-79.86377, 34.50843], [-79.86388, 34.50829], [-79.86413, 34.50813], [-79.86429, 34.50802], [-79.86447, 34.50795], [-79.86488, 34.50782], [-79.86521, 34.50776], [-79.8654, 34.50774], [-79.86557, 34.50774], [-79.86573, 34.50776], [-79.86586, 34.50777], [-79.866, 34.50774], [-79.8662, 34.50765], [-79.86647, 34.50743], [-79.86651, 34.50739], [-79.86667, 34.50728], [-79.86671, 34.50726], [-79.86684, 34.50719], [-79.86698, 34.50714], [-79.86756, 34.50718], [-79.86821, 34.50713], [-79.86834, 34.50707], [-79.86843, 34.50697], [-79.86849, 34.50675], [-79.86875, 34.50644], [-79.86878, 34.50641], [-79.86902, 34.50632], [-79.8692, 34.50622], [-79.86938, 34.50609], [-79.86953, 34.506], [-79.86954, 34.50599], [-79.86971, 34.50594], [-79.87006, 34.50587], [-79.87009, 34.50587], [-79.87035, 34.50571], [-79.87051, 34.50559], [-79.87069, 34.5055], [-79.87087, 34.50543], [-79.87116, 34.50536], [-79.87133, 34.50531], [-79.87153, 34.50516], [-79.87197, 34.50483], [-79.87208, 34.5046], [-79.87215, 34.5045], [-79.87254, 34.50425], [-79.87263, 34.50419], [-79.87289, 34.50383], [-79.87307, 34.50365], [-79.87324, 34.50344], [-79.87335, 34.50327], [-79.87338, 34.50306], [-79.87348, 34.50277], [-79.87354, 34.50269], [-79.87368, 34.50261], [-79.8737, 34.50259], [-79.87387, 34.50254], [-79.87407, 34.50247], [-79.8741, 34.50245], [-79.87412, 34.50243], [-79.87417, 34.50236], [-79.87418, 34.50227], [-79.87423, 34.5022], [-79.87433, 34.5021], [-79.87449, 34.50202], [-79.8747, 34.50194], [-79.87478, 34.50191], [-79.87484, 34.5019], [-79.87502, 34.50187], [-79.8753, 34.50183], [-79.87545, 34.50182], [-79.8755, 34.50167], [-79.87563, 34.50123], [-79.87568, 34.50109], [-79.87572, 34.50095], [-79.8757, 34.5008], [-79.87564, 34.50025], [-79.87563, 34.50016], [-79.8756, 34.49995], [-79.87558, 34.49991], [-79.87547, 34.49968], [-79.87544, 34.49966], [-79.87535, 34.49958], [-79.87532, 34.49955], [-79.8753, 34.49954], [-79.87513, 34.49938], [-79.87479, 34.49902], [-79.87476, 34.499], [-79.87445, 34.49865], [-79.87428, 34.49849], [-79.87423, 34.49843], [-79.8742, 34.49816], [-79.87419, 34.4981], [-79.87418, 34.49804], [-79.87433, 34.49781], [-79.87461, 34.49739], [-79.87463, 34.49737], [-79.87458, 34.4972], [-79.87452, 34.49702], [-79.87451, 34.49699], [-79.87452, 34.49666], [-79.87466, 34.49649], [-79.87472, 34.49641], [-79.87479, 34.49633], [-79.87482, 34.49631], [-79.87493, 34.49623], [-79.87496, 34.49621], [-79.87534, 34.49602], [-79.87573, 34.49583], [-79.87601, 34.49569], [-79.8763, 34.49555], [-79.87647, 34.49547], [-79.87657, 34.49542], [-79.87685, 34.49528], [-79.87708, 34.49526], [-79.87726, 34.49525], [-79.87746, 34.49519], [-79.8776, 34.49502], [-79.87776, 34.4947], [-79.87781, 34.49465], [-79.87786, 34.49462], [-79.87796, 34.49464], [-79.87814, 34.49473], [-79.87824, 34.49467], [-79.87828, 34.49456], [-79.87844, 34.49449], [-79.87863, 34.49446], [-79.87876, 34.49437], [-79.87863, 34.49423], [-79.87864, 34.49411], [-79.87873, 34.49406], [-79.87882, 34.49402], [-79.87912, 34.49393], [-79.87944, 34.49377], [-79.87958, 34.49362], [-79.87965, 34.49347], [-79.87978, 34.4934], [-79.88011, 34.4934], [-79.88037, 34.49333], [-79.88057, 34.49321], [-79.88068, 34.49312], [-79.88077, 34.49306], [-79.88094, 34.49301], [-79.88114, 34.49306], [-79.8814, 34.49314], [-79.8816, 34.49308], [-79.88183, 34.49297], [-79.88188, 34.49297], [-79.88199, 34.49296], [-79.88218, 34.49297], [-79.88234, 34.4929], [-79.88242, 34.49277], [-79.88254, 34.49265], [-79.88274, 34.49258], [-79.88301, 34.49251], [-79.88333, 34.49239], [-79.8836, 34.49226], [-79.88377, 34.4922], [-79.88401, 34.49199], [-79.88417, 34.49182], [-79.8844, 34.4914], [-79.88454, 34.49122], [-79.88464, 34.49117], [-79.88474, 34.49114], [-79.88497, 34.49111], [-79.88522, 34.4912], [-79.88542, 34.49132], [-79.88553, 34.49136], [-79.88574, 34.4913], [-79.88594, 34.49115], [-79.88609, 34.49099], [-79.88624, 34.49088], [-79.88639, 34.49087], [-79.88657, 34.49094], [-79.88671, 34.49101], [-79.88681, 34.4911], [-79.88692, 34.49116], [-79.88713, 34.49117], [-79.88763, 34.49113], [-79.88793, 34.49102], [-79.8881, 34.49105], [-79.88819, 34.49105], [-79.88828, 34.49102], [-79.88831, 34.49099], [-79.88832, 34.49093], [-79.88825, 34.49079], [-79.88827, 34.4907], [-79.88831, 34.49065], [-79.88841, 34.49059], [-79.88865, 34.49054], [-79.88922, 34.49087], [-79.88957, 34.49097], [-79.88999, 34.49096], [-79.8904, 34.491], [-79.89084, 34.49092], [-79.89149, 34.49067], [-79.89201, 34.49066], [-79.89227, 34.49063], [-79.89255, 34.49048], [-79.89259, 34.49047], [-79.89261, 34.49043], [-79.8927, 34.49036], [-79.89274, 34.49034], [-79.89284, 34.49028], [-79.89298, 34.49014], [-79.89308, 34.48998], [-79.89317, 34.48978], [-79.89322, 34.48972], [-79.89327, 34.48967], [-79.89331, 34.48964], [-79.89335, 34.48963], [-79.89339, 34.48963], [-79.89344, 34.48964], [-79.89348, 34.48963], [-79.89352, 34.48962], [-79.89356, 34.4896], [-79.89358, 34.48957], [-79.89362, 34.48951], [-79.89364, 34.48947], [-79.89366, 34.48944], [-79.8937, 34.48941], [-79.89375, 34.48936], [-79.8938, 34.48931], [-79.89384, 34.48929], [-79.89388, 34.48929], [-79.89396, 34.48926], [-79.89404, 34.48924], [-79.89415, 34.48917], [-79.89418, 34.48915], [-79.89423, 34.48915], [-79.8944, 34.48917], [-79.89449, 34.48917], [-79.89461, 34.48918], [-79.8947, 34.4892], [-79.89474, 34.48921], [-79.89483, 34.48922], [-79.89496, 34.48923], [-79.89507, 34.48919], [-79.89511, 34.48917], [-79.89515, 34.48915], [-79.89519, 34.48915], [-79.89524, 34.48916], [-79.89532, 34.48917], [-79.89536, 34.48917], [-79.89546, 34.48915], [-79.89564, 34.48917], [-79.89593, 34.48918], [-79.89611, 34.48924], [-79.89625, 34.48938], [-79.89635, 34.4895], [-79.89649, 34.48955], [-79.89669, 34.48956], [-79.8969, 34.48956], [-79.89708, 34.48953], [-79.89739, 34.4895], [-79.89759, 34.48955], [-79.89781, 34.48956], [-79.89787, 34.48962], [-79.89792, 34.48971], [-79.89799, 34.48976], [-79.89805, 34.48974], [-79.89813, 34.48963], [-79.89825, 34.48952], [-79.89842, 34.4895], [-79.89854, 34.48953], [-79.89874, 34.48971], [-79.89881, 34.48974], [-79.89892, 34.48974], [-79.8991, 34.48966], [-79.89931, 34.48967], [-79.89948, 34.48974], [-79.89969, 34.48969], [-79.89987, 34.48958], [-79.89988, 34.48957], [-79.89992, 34.4894], [-79.90005, 34.48939], [-79.90018, 34.48948], [-79.90036, 34.48951], [-79.90071, 34.48941], [-79.90087, 34.48948], [-79.90107, 34.48951], [-79.90117, 34.4894], [-79.90127, 34.4892], [-79.90134, 34.48916], [-79.90141, 34.48917], [-79.90155, 34.48926], [-79.90176, 34.48931], [-79.90189, 34.48931], [-79.90201, 34.48924], [-79.90208, 34.48923], [-79.90216, 34.4893], [-79.90232, 34.48939], [-79.90243, 34.4895], [-79.90258, 34.48981], [-79.9027, 34.48997], [-79.90283, 34.4901], [-79.90304, 34.49028], [-79.90328, 34.49037], [-79.90363, 34.49068], [-79.90383, 34.49084], [-79.90406, 34.49095], [-79.90423, 34.49106], [-79.90442, 34.49122], [-79.90465, 34.49131], [-79.90483, 34.49144], [-79.90506, 34.49152], [-79.90525, 34.49169], [-79.90535, 34.49183], [-79.90549, 34.49189], [-79.90571, 34.49193], [-79.90591, 34.49208], [-79.90606, 34.49225], [-79.90616, 34.49245], [-79.90636, 34.49262], [-79.90652, 34.49264], [-79.90689, 34.49268], [-79.90722, 34.49289], [-79.90736, 34.49294], [-79.90753, 34.49294], [-79.9077, 34.49287], [-79.90788, 34.49277], [-79.90797, 34.49272], [-79.9081, 34.49266], [-79.90831, 34.49266], [-79.90847, 34.49273], [-79.90859, 34.4929], [-79.90881, 34.49334], [-79.90894, 34.49356], [-79.90909, 34.49369], [-79.9093, 34.49374], [-79.90946, 34.49377], [-79.90969, 34.49384], [-79.9101, 34.494], [-79.91028, 34.49411], [-79.91046, 34.49427], [-79.9106, 34.49432], [-79.91074, 34.49435], [-79.91088, 34.4943], [-79.911, 34.4943], [-79.91121, 34.49428], [-79.91159, 34.49442], [-79.91176, 34.49462], [-79.91199, 34.49468], [-79.91227, 34.49466], [-79.91239, 34.49464], [-79.9128, 34.49458], [-79.91307, 34.49456], [-79.91349, 34.4946], [-79.91388, 34.49455], [-79.91403, 34.49456], [-79.91431, 34.49457], [-79.91526, 34.49455], [-79.91607, 34.49444], [-79.91654, 34.49437], [-79.91703, 34.49438], [-79.91733, 34.49442], [-79.91753, 34.49449], [-79.91787, 34.49469], [-79.91804, 34.49485], [-79.91847, 34.49527], [-79.91856, 34.49535], [-79.91879, 34.49549], [-79.91912, 34.49564], [-79.91929, 34.49571], [-79.9195, 34.49577], [-79.91968, 34.49578], [-79.91985, 34.49576], [-79.92007, 34.49573], [-79.92034, 34.49569], [-79.92107, 34.49555], [-79.92125, 34.49552], [-79.9215, 34.49549], [-79.92164, 34.49544], [-79.92347, 34.49484], [-79.92383, 34.4947], [-79.92422, 34.49454], [-79.92453, 34.49442], [-79.92523, 34.494], [-79.92561, 34.49376], [-79.92635, 34.49333], [-79.92653, 34.49324], [-79.92686, 34.49309], [-79.92724, 34.49298], [-79.92755, 34.49293], [-79.92874, 34.49277], [-79.9291, 34.49275], [-79.92999, 34.49263], [-79.93031, 34.49255], [-79.9307, 34.49242], [-79.93166, 34.49216], [-79.93192, 34.49207], [-79.9322, 34.49199], [-79.93296, 34.49165], [-79.93327, 34.49154], [-79.93389, 34.49135], [-79.93429, 34.49126], [-79.9345, 34.49119], [-79.9347, 34.49117], [-79.93496, 34.4911], [-79.93518, 34.49104], [-79.93592, 34.49091], [-79.93598, 34.4909], [-79.93646, 34.49074], [-79.93663, 34.49066], [-79.9368, 34.49059], [-79.93717, 34.49043], [-79.93736, 34.49031], [-79.93751, 34.49014], [-79.93775, 34.49], [-79.93818, 34.48979], [-79.93842, 34.48963], [-79.93868, 34.48937], [-79.93899, 34.48912], [-79.93925, 34.48886], [-79.93948, 34.48867], [-79.93954, 34.48864], [-79.9398, 34.48849], [-79.94004, 34.48834], [-79.94045, 34.48813], [-79.94064, 34.48804], [-79.94083, 34.48802], [-79.94104, 34.488], [-79.94126, 34.48802], [-79.94179, 34.48806], [-79.94213, 34.48809], [-79.94251, 34.48816], [-79.94255, 34.48816], [-79.94282, 34.48817], [-79.94298, 34.48814], [-79.94325, 34.48809], [-79.94383, 34.48788], [-79.94448, 34.4878], [-79.94487, 34.48782], [-79.94497, 34.48782], [-79.94516, 34.48782], [-79.94547, 34.4879], [-79.94565, 34.48803], [-79.9458, 34.4881], [-79.94598, 34.48821], [-79.94621, 34.48834], [-79.94671, 34.4886], [-79.94719, 34.48894], [-79.94754, 34.48913], [-79.94772, 34.48925], [-79.94803, 34.48943], [-79.94863, 34.48972], [-79.9492, 34.48988], [-79.94944, 34.48984], [-79.94961, 34.48972], [-79.94981, 34.48955], [-79.94999, 34.48934], [-79.95017, 34.4891], [-79.9502, 34.48905], [-79.95063, 34.48834], [-79.95079, 34.48818], [-79.95094, 34.48812], [-79.95133, 34.48809], [-79.95153, 34.4881], [-79.95175, 34.48815], [-79.95188, 34.48816], [-79.95221, 34.48817], [-79.9525, 34.48824], [-79.95273, 34.48825], [-79.95288, 34.48824], [-79.95306, 34.4882], [-79.95318, 34.48817], [-79.95337, 34.48814], [-79.95361, 34.48815], [-79.9538, 34.48821], [-79.95416, 34.48839], [-79.95438, 34.48847], [-79.95457, 34.48845], [-79.95491, 34.48833], [-79.95515, 34.48831], [-79.95535, 34.48824], [-79.95552, 34.4881], [-79.95574, 34.48796], [-79.95591, 34.48792], [-79.95657, 34.48786], [-79.95682, 34.4878], [-79.95688, 34.48779], [-79.95687, 34.4877], [-79.95677, 34.48754], [-79.95676, 34.48746], [-79.95682, 34.48737], [-79.95683, 34.48729], [-79.9568, 34.48727], [-79.95677, 34.48723], [-79.9567, 34.4872], [-79.95659, 34.48707], [-79.95661, 34.48686], [-79.9567, 34.4867], [-79.95686, 34.48662], [-79.95696, 34.48669], [-79.9571, 34.4868], [-79.95736, 34.48708], [-79.95738, 34.48708], [-79.95765, 34.48709], [-79.95807, 34.48706], [-79.95882, 34.48675], [-79.9589, 34.48674], [-79.95906, 34.48673], [-79.95921, 34.48691], [-79.95936, 34.48696], [-79.95962, 34.48693], [-79.96046, 34.48696], [-79.96069, 34.48701], [-79.96138, 34.48703], [-79.96162, 34.487], [-79.96172, 34.48702], [-79.96187, 34.48709], [-79.962, 34.48714], [-79.9621, 34.48703], [-79.96247, 34.48701], [-79.96266, 34.48708], [-79.9628, 34.48714], [-79.96298, 34.4872], [-79.96338, 34.48719], [-79.96352, 34.48716], [-79.96359, 34.48716], [-79.96373, 34.4872], [-79.96388, 34.4873], [-79.96413, 34.48743], [-79.9643, 34.48749], [-79.96464, 34.48749], [-79.96532, 34.48761], [-79.96545, 34.48769], [-79.96557, 34.48779], [-79.96566, 34.48786], [-79.96582, 34.48802], [-79.96585, 34.48805], [-79.96595, 34.48823], [-79.96604, 34.48843], [-79.96617, 34.48898], [-79.96634, 34.4891], [-79.9665, 34.48927], [-79.96705, 34.48991], [-79.96715, 34.49001], [-79.96726, 34.49012], [-79.96754, 34.49019], [-79.96801, 34.49028], [-79.96854, 34.49036], [-79.96894, 34.49055], [-79.96905, 34.4907], [-79.96907, 34.49088], [-79.96907, 34.49114], [-79.96902, 34.49137], [-79.96902, 34.49145], [-79.96901, 34.49172], [-79.96903, 34.49216], [-79.96912, 34.49273], [-79.96937, 34.49295], [-79.96964, 34.49309], [-79.9699, 34.49312], [-79.97017, 34.49313], [-79.97048, 34.49327], [-79.97072, 34.49355], [-79.97093, 34.49376], [-79.97129, 34.49405], [-79.97172, 34.49449], [-79.97201, 34.49491], [-79.97206, 34.49503], [-79.97203, 34.49522], [-79.97196, 34.49547], [-79.97172, 34.49584], [-79.9716, 34.4961], [-79.97162, 34.49631], [-79.97154, 34.49657], [-79.97143, 34.49678], [-79.97139, 34.49695], [-79.97137, 34.49714], [-79.97147, 34.49727], [-79.97177, 34.49743], [-79.97229, 34.4977], [-79.9725, 34.49782], [-79.97275, 34.49793], [-79.97278, 34.49795], [-79.97304, 34.498], [-79.97331, 34.49801], [-79.9736, 34.498], [-79.97406, 34.49795], [-79.97456, 34.49796], [-79.97506, 34.49801], [-79.9753, 34.49805], [-79.97564, 34.4982], [-79.97566, 34.49821], [-79.9759, 34.49831], [-79.97616, 34.49849], [-79.97658, 34.49873], [-79.97717, 34.49898], [-79.9773, 34.49902], [-79.97779, 34.49917], [-79.97788, 34.49921], [-79.97807, 34.4993], [-79.97818, 34.49936], [-79.97862, 34.49962], [-79.97899, 34.49992], [-79.97901, 34.49994], [-79.97912, 34.50006], [-79.97926, 34.50017], [-79.9796, 34.50045], [-79.97983, 34.50066], [-79.9801, 34.5009], [-79.98058, 34.50124], [-79.98062, 34.50127], [-79.98104, 34.50151], [-79.98129, 34.50157], [-79.98151, 34.5016], [-79.98188, 34.50159], [-79.98214, 34.5016], [-79.98241, 34.50165], [-79.9828, 34.50169], [-79.98315, 34.50171], [-79.98344, 34.50171], [-79.98363, 34.50167], [-79.98389, 34.50158], [-79.98416, 34.50142], [-79.98437, 34.50129], [-79.98491, 34.50101], [-79.9852, 34.50083], [-79.98536, 34.50074], [-79.98553, 34.50064], [-79.98596, 34.50051], [-79.98629, 34.50039], [-79.98649, 34.50032], [-79.98677, 34.50029], [-79.98699, 34.50028], [-79.9872, 34.50028], [-79.9874, 34.50028], [-79.98805, 34.5003], [-79.98864, 34.50039], [-79.98867, 34.5004], [-79.98886, 34.5004], [-79.98905, 34.50036], [-79.98918, 34.50032], [-79.98927, 34.50027], [-79.98932, 34.50025], [-79.98946, 34.50016], [-79.98968, 34.50004], [-79.98989, 34.4999], [-79.99002, 34.49982], [-79.99011, 34.49979], [-79.99032, 34.49972], [-79.99074, 34.49961], [-79.99098, 34.49957], [-79.99118, 34.49954], [-79.99172, 34.4994], [-79.99197, 34.49931], [-79.99237, 34.49919], [-79.9927, 34.49907], [-79.99298, 34.49891], [-79.99348, 34.49861], [-79.99376, 34.49844], [-79.99396, 34.49834], [-79.99425, 34.49813], [-79.99439, 34.49803], [-79.9946, 34.49792], [-79.9949, 34.4976], [-79.99511, 34.49733], [-79.99581, 34.49661], [-79.99588, 34.49656], [-79.99626, 34.49627], [-79.99649, 34.49615], [-79.99664, 34.49615], [-79.99682, 34.49619], [-79.99721, 34.49619], [-79.99765, 34.49622], [-79.99786, 34.49625], [-79.99827, 34.49628], [-79.99854, 34.49628], [-79.99893, 34.49631], [-79.9993, 34.49636], [-79.99979, 34.49634], [-79.99992, 34.49634], [-80.00012, 34.49637], [-80.00107, 34.49665], [-80.00135, 34.49669], [-80.00165, 34.49671], [-80.00182, 34.49669], [-80.00203, 34.49666], [-80.00234, 34.49658], [-80.00252, 34.49652], [-80.00305, 34.49636], [-80.00325, 34.4963], [-80.00342, 34.4962], [-80.00384, 34.49599], [-80.0042, 34.49578], [-80.00437, 34.49566], [-80.00456, 34.49554], [-80.00477, 34.49537], [-80.00504, 34.49525], [-80.0054, 34.49508], [-80.00553, 34.49505], [-80.00562, 34.49505], [-80.00586, 34.49502], [-80.00609, 34.49491], [-80.00626, 34.49491], [-80.00639, 34.49492], [-80.00656, 34.49491], [-80.00668, 34.49493], [-80.00676, 34.49494], [-80.00724, 34.49488], [-80.00748, 34.49485], [-80.00761, 34.49484], [-80.00795, 34.49482], [-80.00817, 34.4948], [-80.00822, 34.49479], [-80.00829, 34.49472], [-80.00832, 34.49469], [-80.00842, 34.49459], [-80.00846, 34.49457], [-80.00856, 34.49454], [-80.00862, 34.49449], [-80.0087, 34.49444], [-80.00876, 34.49442], [-80.00882, 34.49443], [-80.00891, 34.49447], [-80.00897, 34.49447], [-80.009, 34.49447], [-80.00906, 34.49445], [-80.00938, 34.49428], [-80.00953, 34.49415], [-80.00965, 34.49402], [-80.00995, 34.49364], [-80.01031, 34.49329], [-80.01059, 34.49294], [-80.01135, 34.49196], [-80.01136, 34.49195], [-80.01145, 34.49184], [-80.01173, 34.49156], [-80.01183, 34.49144], [-80.01195, 34.49133], [-80.0124, 34.49097], [-80.01256, 34.49085], [-80.01284, 34.49069], [-80.01306, 34.49052], [-80.01321, 34.49044], [-80.01371, 34.49013], [-80.01385, 34.49006], [-80.01413, 34.48995], [-80.01444, 34.48986], [-80.01488, 34.4898], [-80.015, 34.4898], [-80.01529, 34.48984], [-80.01542, 34.48988], [-80.01596, 34.48996], [-80.01616, 34.48995], [-80.01651, 34.48987], [-80.01673, 34.4898], [-80.01694, 34.48971], [-80.01702, 34.48966], [-80.01746, 34.48946], [-80.01782, 34.48933], [-80.01797, 34.48929], [-80.01875, 34.48913], [-80.01934, 34.489], [-80.02018, 34.48879], [-80.02059, 34.48864], [-80.02074, 34.48858], [-80.02088, 34.4885], [-80.02093, 34.48847], [-80.02178, 34.48792], [-80.02197, 34.48782], [-80.02215, 34.48775], [-80.02228, 34.4877], [-80.0224, 34.48768], [-80.02252, 34.48767], [-80.02273, 34.4876], [-80.02301, 34.48755], [-80.02316, 34.4875], [-80.02325, 34.4875], [-80.02341, 34.48745], [-80.02365, 34.48741], [-80.02419, 34.48733], [-80.02424, 34.48732], [-80.02427, 34.48731], [-80.02445, 34.48727], [-80.02451, 34.48725], [-80.02458, 34.48722], [-80.02483, 34.48712], [-80.02538, 34.48697], [-80.02592, 34.48675], [-80.02597, 34.48673], [-80.02655, 34.48654], [-80.02673, 34.48649], [-80.0272, 34.48639], [-80.02745, 34.48635], [-80.02765, 34.48633], [-80.02783, 34.48632], [-80.02857, 34.48636], [-80.02883, 34.48639], [-80.02908, 34.48644], [-80.02943, 34.48652], [-80.02987, 34.48666], [-80.03007, 34.4867], [-80.03023, 34.48674], [-80.03046, 34.4868], [-80.03119, 34.48694], [-80.03145, 34.48702], [-80.0317, 34.48711], [-80.032, 34.48725], [-80.0322, 34.48736], [-80.03236, 34.48742], [-80.03252, 34.48755], [-80.03265, 34.48764], [-80.03283, 34.48774], [-80.03298, 34.48784], [-80.03322, 34.48806], [-80.03342, 34.48826], [-80.03348, 34.48834], [-80.03358, 34.48855], [-80.03374, 34.48875], [-80.03383, 34.48885], [-80.03419, 34.48919], [-80.03449, 34.4894], [-80.03497, 34.48966], [-80.03522, 34.48978], [-80.0355, 34.4899], [-80.03593, 34.49006], [-80.0362, 34.49019], [-80.0364, 34.49027], [-80.03652, 34.49033], [-80.03678, 34.49048], [-80.03761, 34.49108], [-80.03797, 34.49131], [-80.03836, 34.49163], [-80.03844, 34.49168], [-80.03882, 34.4919], [-80.03917, 34.49209], [-80.03963, 34.49229], [-80.03994, 34.4924], [-80.04042, 34.49243], [-80.04065, 34.49241], [-80.04117, 34.49229], [-80.04172, 34.49219], [-80.04191, 34.49212], [-80.04246, 34.492], [-80.04277, 34.49194], [-80.04305, 34.49193], [-80.04336, 34.49194], [-80.04354, 34.49195], [-80.04378, 34.492], [-80.04432, 34.49215], [-80.04487, 34.49235], [-80.0451, 34.49244], [-80.04544, 34.49263], [-80.04549, 34.4926], [-80.04558, 34.49259], [-80.04564, 34.4926], [-80.04579, 34.4926], [-80.04593, 34.49257], [-80.04601, 34.49252], [-80.04604, 34.49248], [-80.04606, 34.49244], [-80.04606, 34.49236], [-80.04608, 34.49227], [-80.04615, 34.49221], [-80.04623, 34.49217], [-80.04648, 34.49218], [-80.04661, 34.49216], [-80.04677, 34.49207], [-80.0469, 34.49198], [-80.04701, 34.49186], [-80.04751, 34.49151], [-80.04762, 34.49136], [-80.04788, 34.49127], [-80.04799, 34.49125], [-80.04812, 34.49122], [-80.04822, 34.49117], [-80.04833, 34.49108], [-80.04839, 34.49097], [-80.04847, 34.4909], [-80.04857, 34.49087], [-80.04878, 34.49086], [-80.04944, 34.49065], [-80.04975, 34.49056], [-80.04998, 34.49039], [-80.0501, 34.49037], [-80.05018, 34.49037], [-80.05025, 34.49036], [-80.05037, 34.49033], [-80.05047, 34.49032], [-80.05063, 34.49027], [-80.05073, 34.49021], [-80.05084, 34.49013], [-80.05095, 34.49006], [-80.05105, 34.49001], [-80.05133, 34.48995], [-80.05143, 34.48991], [-80.05147, 34.48986], [-80.0515, 34.48979], [-80.0516, 34.48971], [-80.05195, 34.48952], [-80.05236, 34.48934], [-80.05255, 34.48923], [-80.05266, 34.48917], [-80.05273, 34.48914], [-80.05295, 34.48894], [-80.053, 34.48888], [-80.05308, 34.48882], [-80.05328, 34.48857], [-80.05343, 34.48837], [-80.05353, 34.48826], [-80.05362, 34.4882], [-80.05383, 34.48808], [-80.05395, 34.48801], [-80.05409, 34.4879], [-80.05446, 34.48755], [-80.05461, 34.48738], [-80.05465, 34.48731], [-80.05467, 34.48723], [-80.05471, 34.48713], [-80.05478, 34.48706], [-80.05486, 34.48698], [-80.05495, 34.48694], [-80.05503, 34.48691], [-80.05506, 34.48691], [-80.05523, 34.48696], [-80.05529, 34.48695], [-80.05554, 34.48687], [-80.05565, 34.48681], [-80.05586, 34.48654], [-80.05593, 34.4865], [-80.05629, 34.48637], [-80.05657, 34.48629], [-80.05745, 34.48615], [-80.05789, 34.48611], [-80.05807, 34.48609], [-80.05832, 34.48603], [-80.05843, 34.48602], [-80.05848, 34.48604], [-80.05867, 34.48604], [-80.05877, 34.48601], [-80.05899, 34.48587], [-80.05953, 34.48548], [-80.06007, 34.48516], [-80.0604, 34.48497], [-80.06058, 34.48486], [-80.0608, 34.48476], [-80.0612, 34.48462], [-80.06136, 34.48456], [-80.06158, 34.48448], [-80.06176, 34.4844], [-80.06182, 34.48436], [-80.06186, 34.48434], [-80.06194, 34.48426], [-80.062, 34.48419], [-80.06209, 34.48408], [-80.06217, 34.48402], [-80.06225, 34.48397], [-80.07651, 34.47634], [-80.08084, 34.47414], [-80.08145, 34.47383], [-80.08249, 34.47331], [-80.08325, 34.47285], [-80.08328, 34.47283], [-80.08385, 34.47253], [-80.08399, 34.47245], [-80.08441, 34.47221], [-80.08454, 34.47213], [-80.08524, 34.47173], [-80.08731, 34.47054], [-80.088, 34.47014], [-80.09262, 34.4675], [-80.09695, 34.46501], [-80.09724, 34.46484], [-80.09726, 34.46483], [-80.11281, 34.45708], [-80.11997, 34.45345], [-80.1215, 34.4527], [-80.12349, 34.45173], [-80.12479, 34.45123], [-80.12614, 34.45053], [-80.12766, 34.44974], [-80.12861, 34.44925], [-80.13146, 34.44778], [-80.13241, 34.44729], [-80.13248, 34.44726], [-80.13269, 34.44715], [-80.13276, 34.44711], [-80.13384, 34.44656], [-80.13708, 34.44489], [-80.13816, 34.44433], [-80.13924, 34.44377], [-80.1425, 34.44208], [-80.1434, 34.44162], [-80.14348, 34.44158], [-80.14359, 34.44152], [-80.14372, 34.44146], [-80.14385, 34.44139], [-80.14424, 34.44119], [-80.1462, 34.44019], [-80.14685, 34.43986], [-80.14711, 34.43972], [-80.14789, 34.43933], [-80.14814, 34.4392], [-80.14835, 34.43909], [-80.14896, 34.43878], [-80.14916, 34.43867], [-80.15018, 34.43815], [-80.1516, 34.43741], [-80.15323, 34.43657], [-80.15405, 34.43615], [-80.15415, 34.4361], [-80.15424, 34.43605], [-80.15506, 34.43563], [-80.15578, 34.43526], [-80.15588, 34.43521], [-80.15891, 34.43365], [-80.1604, 34.43288], [-80.16194, 34.43208], [-80.16202, 34.43204], [-80.16218, 34.43196], [-80.16292, 34.43158], [-80.16317, 34.43145], [-80.16336, 34.43135], [-80.16394, 34.43105], [-80.16414, 34.43095], [-80.16423, 34.4309], [-80.16453, 34.43074], [-80.16463, 34.43069], [-80.16507, 34.43047], [-80.16514, 34.43043], [-80.1664, 34.42978], [-80.16685, 34.42955], [-80.17306, 34.42635], [-80.18212, 34.42168], [-80.18225, 34.42161], [-80.18239, 34.42154], [-80.18253, 34.42147], [-80.18263, 34.42141], [-80.20217, 34.41134], [-80.20248, 34.41118], [-80.20326, 34.41078], [-80.20655, 34.40908], [-80.20765, 34.40852], [-80.20819, 34.40824], [-80.20983, 34.4074], [-80.21038, 34.40712], [-80.21137, 34.4066], [-80.21437, 34.40505], [-80.21536, 34.40454], [-80.21537, 34.40454], [-80.21727, 34.40355], [-80.21956, 34.40237], [-80.22299, 34.40061], [-80.2249, 34.39962], [-80.22723, 34.39842], [-80.23001, 34.39698], [-80.23639, 34.3937], [-80.23646, 34.39366], [-80.2481, 34.38769], [-80.2481, 34.38766], [-80.24813, 34.3876], [-80.24816, 34.38757], [-80.24836, 34.38747], [-80.24839, 34.38745], [-80.24844, 34.38743], [-80.24856, 34.38738], [-80.24891, 34.38721], [-80.24903, 34.38716], [-80.24942, 34.38693], [-80.25058, 34.38623], [-80.25096, 34.386], [-80.25347, 34.38471], [-80.25495, 34.38396], [-80.26097, 34.38081], [-80.26347, 34.37951], [-80.26498, 34.37872], [-80.2695, 34.37637], [-80.27101, 34.37558], [-80.2713, 34.37543], [-80.27206, 34.37504], [-80.27215, 34.37499], [-80.27243, 34.37484], [-80.27256, 34.37477], [-80.27294, 34.37457], [-80.27307, 34.3745], [-80.2745, 34.37373], [-80.27881, 34.37143], [-80.28024, 34.37067], [-80.28191, 34.36978], [-80.28693, 34.3671], [-80.28844, 34.36629], [-80.28858, 34.36622], [-80.2886, 34.36621], [-80.28815, 34.36592], [-80.28799, 34.36585], [-80.28688, 34.36531], [-80.28674, 34.36517], [-80.28663, 34.36512], [-80.28658, 34.36485], [-80.28694, 34.36457], [-80.28778, 34.36462], [-80.28854, 34.36466], [-80.28873, 34.3645], [-80.28879, 34.36428], [-80.28869, 34.36414], [-80.28837, 34.36368], [-80.28743, 34.36285], [-80.28738, 34.36253], [-80.28754, 34.36219], [-80.28754, 34.36171], [-80.2865, 34.361], [-80.28583, 34.36068], [-80.28536, 34.36077], [-80.28431, 34.36118], [-80.2836, 34.36116], [-80.28335, 34.36102], [-80.28335, 34.36059], [-80.28406, 34.35981], [-80.28426, 34.35942], [-80.28429, 34.359], [-80.28404, 34.35843], [-80.28351, 34.35793], [-80.28349, 34.35763], [-80.28409, 34.35726], [-80.28418, 34.35699], [-80.28404, 34.35683], [-80.28379, 34.35676], [-80.28208, 34.35674], [-80.2815, 34.35642], [-80.28139, 34.35555], [-80.28128, 34.35522], [-80.28103, 34.35504], [-80.28056, 34.3549], [-80.28028, 34.35472], [-80.28028, 34.35433], [-80.2805, 34.35383], [-80.28053, 34.35348], [-80.28045, 34.35344], [-80.28045, 34.3533], [-80.27968, 34.3522], [-80.27924, 34.35174], [-80.27841, 34.3516], [-80.27722, 34.35215], [-80.27658, 34.35218], [-80.27661, 34.35183], [-80.27686, 34.35144], [-80.27716, 34.35126], [-80.27747, 34.35089], [-80.27747, 34.35069], [-80.27728, 34.35051], [-80.27658, 34.35041], [-80.27634, 34.35057], [-80.27606, 34.35119], [-80.27553, 34.35147], [-80.27471, 34.35144], [-80.27435, 34.35124], [-80.27435, 34.35105], [-80.27454, 34.3508], [-80.27551, 34.35032], [-80.27564, 34.35005], [-80.27556, 34.34924], [-80.27529, 34.34904], [-80.27468, 34.34888], [-80.27413, 34.34913], [-80.27366, 34.34968], [-80.27341, 34.35011], [-80.27305, 34.35041], [-80.27244, 34.35041], [-80.27211, 34.35018], [-80.27189, 34.34915], [-80.2715, 34.3484], [-80.27109, 34.34823], [-80.27081, 34.34821], [-80.27059, 34.34856], [-80.27034, 34.3491], [-80.26976, 34.34956], [-80.26916, 34.34968], [-80.26841, 34.34959], [-80.2678, 34.34938], [-80.26753, 34.3491], [-80.26755, 34.34872], [-80.26805, 34.34842], [-80.26844, 34.34784], [-80.26836, 34.3473], [-80.26838, 34.34645], [-80.26822, 34.34629], [-80.26659, 34.34601], [-80.26598, 34.3458], [-80.2656, 34.34539], [-80.26557, 34.34498], [-80.2654, 34.34464], [-80.26474, 34.34464], [-80.26394, 34.34491], [-80.26308, 34.34498], [-80.26217, 34.3447], [-80.26173, 34.3447], [-80.26123, 34.34539], [-80.26104, 34.34548], [-80.2606, 34.34548], [-80.26024, 34.34521], [-80.26024, 34.34393], [-80.26005, 34.34356], [-80.2598, 34.34328], [-80.25944, 34.34312], [-80.2585, 34.34308], [-80.25828, 34.3428], [-80.25825, 34.34228], [-80.25864, 34.34156], [-80.25864, 34.34124], [-80.25836, 34.34108], [-80.25798, 34.34104], [-80.25751, 34.34117], [-80.25621, 34.34211], [-80.2553, 34.34211], [-80.25428, 34.3412], [-80.25428, 34.3409], [-80.25497, 34.34003], [-80.25489, 34.33985], [-80.2545, 34.33968], [-80.25395, 34.33984], [-80.2535, 34.34023], [-80.25334, 34.34051], [-80.25315, 34.34065], [-80.25287, 34.34071], [-80.25248, 34.34062], [-80.25229, 34.34044], [-80.25207, 34.33984], [-80.25066, 34.33801], [-80.25026, 34.33765], [-80.24979, 34.33747], [-80.24938, 34.33739], [-80.24934, 34.33721], [-80.24933, 34.33673], [-80.24944, 34.33604], [-80.24979, 34.33584], [-80.25069, 34.33513], [-80.25089, 34.33457], [-80.25097, 34.33435], [-80.25086, 34.33409], [-80.2505, 34.3338], [-80.24979, 34.33357], [-80.24945, 34.3335], [-80.24922, 34.33318], [-80.2492, 34.33297], [-80.24933, 34.33249], [-80.2493, 34.33204], [-80.24898, 34.33181], [-80.24875, 34.33178], [-80.24812, 34.33218], [-80.2476, 34.33222], [-80.24735, 34.33211], [-80.24735, 34.33163], [-80.24724, 34.33138], [-80.24671, 34.33124], [-80.24566, 34.33138], [-80.24536, 34.3312], [-80.24569, 34.32955], [-80.24558, 34.32859], [-80.2455, 34.32742], [-80.24536, 34.32692], [-80.24527, 34.32669], [-80.24506, 34.32618], [-80.24436, 34.32552], [-80.24433, 34.32476], [-80.2445, 34.32409], [-80.24439, 34.32391], [-80.24408, 34.3237], [-80.24375, 34.32368], [-80.24356, 34.32388], [-80.24331, 34.32446], [-80.24323, 34.32446], [-80.23546, 34.32753], [-80.22235, 34.33271], [-80.22085, 34.33331], [-80.2063, 34.33906], [-80.20625, 34.33916], [-80.20238, 34.34623], [-80.19958, 34.35135], [-80.19776, 34.35467], [-80.19461, 34.36045], [-80.19344, 34.36265], [-80.19335, 34.36282], [-80.19334, 34.36285], [-80.19333, 34.36286], [-80.19332, 34.36288], [-80.19327, 34.36296], [-80.1913, 34.36669], [-80.1911, 34.36667], [-80.19108, 34.36667], [-80.191, 34.36666], [-80.19099, 34.36665], [-80.19085, 34.36664], [-80.18993, 34.36664], [-80.18963, 34.36669], [-80.18929, 34.36674], [-80.18851, 34.36703], [-80.18784, 34.36737], [-80.18723, 34.36764], [-80.18679, 34.36783], [-80.18597, 34.36796], [-80.18512, 34.36794], [-80.18322, 34.36745], [-80.18035, 34.36674], [-80.178, 34.36638], [-80.17722, 34.3662], [-80.17715, 34.36507], [-80.17683, 34.36058], [-80.17656, 34.35464], [-80.17654, 34.35419], [-80.1764, 34.35168], [-80.17629, 34.34971], [-80.17597, 34.34456], [-80.17573, 34.34001], [-80.17564, 34.33767], [-80.1756, 34.33699], [-80.17551, 34.33535], [-80.1752, 34.32929], [-80.17504, 34.32627], [-80.17441, 34.3258], [-80.17369, 34.32559], [-80.17291, 34.32502], [-80.1722, 34.32432], [-80.17195, 34.32326], [-80.17195, 34.32304], [-80.17195, 34.32272], [-80.1714, 34.32107], [-80.17122, 34.31993], [-80.171, 34.31872], [-80.17093, 34.31787], [-80.1706, 34.31737], [-80.17039, 34.31634], [-80.1703, 34.3163], [-80.17022, 34.316], [-80.16891, 34.31463], [-80.16828, 34.31422], [-80.16808, 34.31413], [-80.16631, 34.31336], [-80.16541, 34.31281], [-80.16441, 34.31203], [-80.16433, 34.31184], [-80.16419, 34.31166], [-80.16399, 34.31077], [-80.16402, 34.30983], [-80.16422, 34.30845], [-80.16458, 34.30751], [-80.16474, 34.30628], [-80.16458, 34.30589], [-80.16413, 34.30534], [-80.16286, 34.30442], [-80.16195, 34.30348], [-80.16082, 34.30213], [-80.1603, 34.30167], [-80.15958, 34.30135], [-80.1577, 34.30085], [-80.15663, 34.30025], [-80.15576, 34.29959], [-80.15446, 34.29857], [-80.15424, 34.29836], [-80.15398, 34.2981], [-80.15387, 34.29783], [-80.15385, 34.29747], [-80.1537, 34.29695], [-80.15358, 34.29647], [-80.15347, 34.29597], [-80.15328, 34.29558], [-80.15285, 34.29512], [-80.15056, 34.29377], [-80.14937, 34.29262], [-80.14832, 34.29134], [-80.14716, 34.29024], [-80.14614, 34.28966], [-80.14374, 34.28868], [-80.14264, 34.28836], [-80.14201, 34.28806], [-80.14087, 34.28708], [-80.1406, 34.28684], [-80.13966, 34.28629], [-80.13729, 34.28524], [-80.13602, 34.28485], [-80.13541, 34.28455], [-80.13494, 34.28393], [-80.1347, 34.28315], [-80.13448, 34.28286], [-80.1339, 34.28244], [-80.13313, 34.28125], [-80.13301, 34.28082], [-80.13284, 34.28018], [-80.1327, 34.27953], [-80.13243, 34.27892], [-80.13227, 34.27857], [-80.13247, 34.27745], [-80.13363, 34.27548], [-80.13418, 34.27466], [-80.13455, 34.27412], [-80.13468, 34.27394], [-80.1348, 34.27377], [-80.13552, 34.27292], [-80.13584, 34.27249], [-80.13582, 34.27246], [-80.1358, 34.27244], [-80.13488, 34.27088], [-80.13465, 34.2705], [-80.13454, 34.27031], [-80.13379, 34.269], [-80.1337, 34.26886], [-80.13342, 34.26846], [-80.13324, 34.26819], [-80.13263, 34.2673], [-80.13242, 34.26698], [-80.13184, 34.26615], [-80.13172, 34.26598], [-80.13161, 34.26581], [-80.13115, 34.26516], [-80.131, 34.26494], [-80.13068, 34.26453], [-80.13066, 34.2645], [-80.13065, 34.26449], [-80.13064, 34.26448], [-80.13041, 34.26417], [-80.13011, 34.26368], [-80.12916, 34.26242], [-80.12864, 34.26171], [-80.12508, 34.25637], [-80.12479, 34.25585], [-80.12316, 34.25346], [-80.12479, 34.25391], [-80.12704, 34.25435], [-80.1271, 34.25438], [-80.12728, 34.25443], [-80.12479, 34.25109], [-80.12433, 34.25015], [-80.12139, 34.24503], [-80.11772, 34.23832], [-80.11742, 34.23792], [-80.11724, 34.23776], [-80.11722, 34.23774], [-80.11707, 34.23749], [-80.11173, 34.22861], [-80.11176, 34.22807], [-80.112, 34.21806], [-80.11218, 34.21108], [-80.11273, 34.19702], [-80.11371, 34.19639], [-80.11387, 34.19629], [-80.11409, 34.19612], [-80.11802, 34.19313], [-80.12479, 34.18792], [-80.12561, 34.18721], [-80.13039, 34.1835], [-80.13181, 34.18238], [-80.1341, 34.18062], [-80.14171, 34.17493], [-80.14354, 34.17349], [-80.14441, 34.1726], [-80.14447, 34.17255], [-80.15858, 34.16162], [-80.15842, 34.16123], [-80.158, 34.16112], [-80.15775, 34.16144], [-80.15737, 34.16151], [-80.15726, 34.16142], [-80.1572, 34.16048], [-80.15704, 34.1602], [-80.15643, 34.16004], [-80.15563, 34.1602], [-80.15431, 34.15903], [-80.15379, 34.15837], [-80.15296, 34.15677], [-80.15263, 34.1556], [-80.15261, 34.15312], [-80.15203, 34.15228], [-80.15156, 34.15186], [-80.15128, 34.1517], [-80.15098, 34.15168], [-80.15035, 34.15207], [-80.14996, 34.15216], [-80.14938, 34.15154], [-80.14891, 34.15072], [-80.14872, 34.15063], [-80.14809, 34.15065], [-80.14795, 34.15053], [-80.14795, 34.15028], [-80.14809, 34.15019], [-80.14861, 34.1501], [-80.14889, 34.14992], [-80.1493, 34.14941], [-80.14936, 34.14918], [-80.14919, 34.14879], [-80.149, 34.14854], [-80.14908, 34.14689], [-80.14875, 34.14636], [-80.14795, 34.14577], [-80.14707, 34.14533], [-80.14691, 34.14517], [-80.14691, 34.14478], [-80.14727, 34.1443], [-80.14732, 34.14389], [-80.14718, 34.14373], [-80.14685, 34.14357], [-80.14649, 34.14357], [-80.14622, 34.14366], [-80.14586, 34.14391], [-80.14534, 34.14451], [-80.14495, 34.14471], [-80.14456, 34.14476], [-80.14418, 34.14462], [-80.14377, 34.14421], [-80.14366, 34.14387], [-80.14377, 34.14325], [-80.14495, 34.14316], [-80.14506, 34.1429], [-80.14492, 34.14268], [-80.14437, 34.14213], [-80.14407, 34.14194], [-80.14349, 34.14213], [-80.14335, 34.14233], [-80.14286, 34.14235], [-80.14212, 34.14226], [-80.14143, 34.14199], [-80.14087, 34.14153], [-80.14063, 34.14109], [-80.14055, 34.1407], [-80.14027, 34.14034], [-80.13936, 34.13983], [-80.13925, 34.13969], [-80.1392, 34.13931], [-80.13928, 34.13903], [-80.13933, 34.13844], [-80.13917, 34.13738], [-80.13898, 34.13706], [-80.13873, 34.13685], [-80.13837, 34.13681], [-80.1381, 34.13697], [-80.13766, 34.13706], [-80.13741, 34.1369], [-80.13697, 34.13541], [-80.13675, 34.13498], [-80.13636, 34.13484], [-80.13625, 34.1347], [-80.13625, 34.13447], [-80.13636, 34.13429], [-80.13691, 34.1339], [-80.13777, 34.13383], [-80.13793, 34.13365], [-80.13793, 34.13335], [-80.13782, 34.13314], [-80.1376, 34.13294], [-80.13722, 34.13275], [-80.13669, 34.13262], [-80.1362, 34.13207], [-80.13573, 34.13211], [-80.13565, 34.13241], [-80.13501, 34.13223], [-80.13446, 34.13179], [-80.13424, 34.13124], [-80.13419, 34.13074], [-80.13375, 34.12994], [-80.13383, 34.12964], [-80.13463, 34.12943], [-80.13477, 34.12922], [-80.13477, 34.12884], [-80.13452, 34.12849], [-80.13353, 34.12838], [-80.13334, 34.12847], [-80.13306, 34.12881], [-80.13306, 34.12925], [-80.13271, 34.12935], [-80.13225, 34.12952], [-80.13198, 34.1295], [-80.13174, 34.12931], [-80.13156, 34.12884], [-80.13144, 34.12867], [-80.13062, 34.1275], [-80.13053, 34.1272], [-80.13045, 34.12715], [-80.13044, 34.12593], [-80.13035, 34.12574], [-80.13013, 34.12565], [-80.12994, 34.12567], [-80.12966, 34.12591], [-80.1293, 34.126], [-80.12916, 34.12593], [-80.1286, 34.12546], [-80.12854, 34.12515], [-80.12834, 34.12496], [-80.12816, 34.12477], [-80.12766, 34.12468], [-80.12725, 34.12467], [-80.12681, 34.1248], [-80.12678, 34.12515], [-80.12667, 34.12564], [-80.12648, 34.12583], [-80.12604, 34.12601], [-80.12551, 34.12604], [-80.12479, 34.12576], [-80.12442, 34.12564], [-80.12436, 34.12555], [-80.12441, 34.12515], [-80.12446, 34.12482], [-80.12479, 34.12487], [-80.12524, 34.12473], [-80.12573, 34.12443], [-80.12607, 34.12395], [-80.12607, 34.12356], [-80.12582, 34.12336], [-80.12479, 34.12293], [-80.12436, 34.12283], [-80.12324, 34.12292], [-80.12261, 34.12258], [-80.12197, 34.1221], [-80.12197, 34.12171], [-80.12225, 34.1215], [-80.12236, 34.12077], [-80.12225, 34.1202], [-80.12194, 34.11979], [-80.12087, 34.1194], [-80.11897, 34.11837], [-80.11872, 34.11846], [-80.11875, 34.1186], [-80.11908, 34.11903], [-80.11914, 34.11922], [-80.11891, 34.11951], [-80.11839, 34.11956], [-80.11803, 34.11928], [-80.11781, 34.11853], [-80.11792, 34.11837], [-80.11789, 34.11791], [-80.11778, 34.11775], [-80.11756, 34.11763], [-80.1171, 34.11763], [-80.11638, 34.11793], [-80.11569, 34.11798], [-80.11464, 34.11715], [-80.11451, 34.11693], [-80.11448, 34.11654], [-80.11497, 34.1158], [-80.11497, 34.11514], [-80.11497, 34.11505], [-80.11489, 34.11489], [-80.11448, 34.11459], [-80.11282, 34.11429], [-80.11238, 34.11443], [-80.11145, 34.11519], [-80.11115, 34.11523], [-80.11076, 34.1151], [-80.11018, 34.1151], [-80.10988, 34.11485], [-80.10982, 34.11452], [-80.10963, 34.11434], [-80.10913, 34.11425], [-80.10902, 34.11434], [-80.10902, 34.11496], [-80.10891, 34.11512], [-80.10858, 34.11521], [-80.10798, 34.11521], [-80.10789, 34.11528], [-80.10745, 34.11526], [-80.10718, 34.11517], [-80.1071, 34.11457], [-80.10726, 34.11439], [-80.10811, 34.11425], [-80.10828, 34.11402], [-80.10823, 34.11384], [-80.10798, 34.11372], [-80.1063, 34.11333], [-80.10608, 34.11313], [-80.10599, 34.11274], [-80.1063, 34.11226], [-80.1063, 34.1118], [-80.10608, 34.11134], [-80.1055, 34.11113], [-80.10385, 34.11104], [-80.10324, 34.11095], [-80.10296, 34.11072], [-80.10291, 34.11043], [-80.10357, 34.11004], [-80.10387, 34.10978], [-80.10407, 34.10942], [-80.10387, 34.10914], [-80.10362, 34.10907], [-80.10255, 34.10905], [-80.10208, 34.10917], [-80.10145, 34.10914], [-80.10117, 34.10889], [-80.10117, 34.10878], [-80.10095, 34.1085], [-80.10032, 34.1069], [-80.09938, 34.10662], [-80.09886, 34.1066], [-80.09886, 34.10692], [-80.09861, 34.10743], [-80.09812, 34.10756], [-80.09767, 34.10747], [-80.09754, 34.10736], [-80.09748, 34.10718], [-80.09765, 34.10637], [-80.09781, 34.10621], [-80.0982, 34.10601], [-80.0982, 34.10546], [-80.09795, 34.10518], [-80.09765, 34.10507], [-80.09723, 34.10507], [-80.09666, 34.1053], [-80.096, 34.10539], [-80.09542, 34.10505], [-80.09528, 34.10454], [-80.09555, 34.10395], [-80.09558, 34.10356], [-80.09498, 34.10321], [-80.0947, 34.10294], [-80.09478, 34.10259], [-80.09558, 34.10227], [-80.09572, 34.10202], [-80.09575, 34.10156], [-80.09522, 34.1006], [-80.09495, 34.09994], [-80.09451, 34.09946], [-80.09357, 34.09914], [-80.09332, 34.09897], [-80.09332, 34.09886], [-80.09321, 34.09879], [-80.0931, 34.09813], [-80.09274, 34.09797], [-80.09203, 34.09806], [-80.09115, 34.09852], [-80.09071, 34.09891], [-80.09051, 34.0995], [-80.09018, 34.09994], [-80.08982, 34.10012], [-80.08938, 34.10017], [-80.08914, 34.10001], [-80.08881, 34.09957], [-80.08853, 34.09863], [-80.08839, 34.09811], [-80.08803, 34.09749], [-80.08737, 34.09735], [-80.08721, 34.09714], [-80.08715, 34.09687], [-80.08773, 34.09627], [-80.08814, 34.09568], [-80.08817, 34.09527], [-80.08803, 34.09499], [-80.08759, 34.09488], [-80.08724, 34.09499], [-80.08702, 34.09517], [-80.08666, 34.09531], [-80.08638, 34.09531], [-80.08624, 34.09522], [-80.08589, 34.09453], [-80.08591, 34.09396], [-80.08635, 34.0935], [-80.08638, 34.0932], [-80.08622, 34.09286], [-80.08602, 34.09277], [-80.08517, 34.09302], [-80.08484, 34.09275], [-80.08481, 34.09236], [-80.08465, 34.09174], [-80.08443, 34.09128], [-80.08415, 34.09112], [-80.08355, 34.0911], [-80.08233, 34.09023], [-80.0811, 34.08991], [-80.08066, 34.09], [-80.08032, 34.0902], [-80.08038, 34.09087], [-80.08021, 34.09098], [-80.07975, 34.09105], [-80.07936, 34.09062], [-80.07925, 34.08993], [-80.079, 34.08933], [-80.0787, 34.08922], [-80.07812, 34.08933], [-80.07796, 34.08917], [-80.07798, 34.08867], [-80.0779, 34.0884], [-80.07757, 34.08824], [-80.07697, 34.08817], [-80.07666, 34.08794], [-80.07653, 34.08773], [-80.07653, 34.08746], [-80.07697, 34.08672], [-80.07699, 34.08649], [-80.07675, 34.08611], [-80.07609, 34.08595], [-80.07595, 34.08592], [-80.07545, 34.08613], [-80.07446, 34.08622], [-80.07385, 34.08604], [-80.07302, 34.08602], [-80.07281, 34.08601], [-80.07267, 34.08594], [-80.07229, 34.08542], [-80.0722, 34.0853], [-80.0714, 34.08519], [-80.07116, 34.08528], [-80.07088, 34.08551], [-80.07085, 34.08615], [-80.07052, 34.08627], [-80.06988, 34.08619], [-80.05881, 34.09324], [-80.0582, 34.09362], [-80.05506, 34.09562], [-80.05045, 34.09855], [-80.04206, 34.10387], [-80.03941, 34.10556], [-80.03785, 34.10655], [-80.03599, 34.10773], [-80.03355, 34.10928], [-80.02705, 34.1134], [-80.02004, 34.11787], [-80.01991, 34.11795], [-80.01793, 34.1192], [-80.01549, 34.12078], [-80.01241, 34.1227], [-80.00921, 34.12473], [-80.0061, 34.12671], [-80.00451, 34.12773], [-80.00204, 34.1293], [-79.9997, 34.13078], [-79.99753, 34.13215], [-79.99653, 34.13279], [-79.99154, 34.13596], [-79.98716, 34.13874], [-79.98714, 34.13876], [-79.98234, 34.14181], [-79.98122, 34.14252], [-79.97412, 34.14703], [-79.96965, 34.14986], [-79.96142, 34.15509], [-79.95454, 34.15947], [-79.9543, 34.15962], [-79.95209, 34.16102], [-79.94691, 34.16431], [-79.93742, 34.17034], [-79.92152, 34.18045], [-79.91615, 34.18384], [-79.91478, 34.18471], [-79.91398, 34.18522], [-79.9088, 34.18849], [-79.90714, 34.18955], [-79.90541, 34.19064], [-79.90511, 34.19085], [-79.90462, 34.19114], [-79.90454, 34.19119], [-79.90333, 34.19196], [-79.89542, 34.19697], [-79.89332, 34.1983], [-79.89079, 34.1999], [-79.89018, 34.20029], [-79.88934, 34.20082], [-79.88482, 34.20368], [-79.88431, 34.204], [-79.88096, 34.20612], [-79.87983, 34.20684], [-79.87751, 34.20831], [-79.87742, 34.20837], [-79.87592, 34.20932], [-79.8745, 34.21022], [-79.87409, 34.21047], [-79.87303, 34.21115], [-79.87267, 34.21136], [-79.86867, 34.2139], [-79.86243, 34.21786], [-79.85948, 34.21972], [-79.8546, 34.22281], [-79.85158, 34.22472], [-79.84954, 34.22601], [-79.84732, 34.22742], [-79.83748, 34.23365], [-79.8228, 34.24294], [-79.8197, 34.2449], [-79.81948, 34.24506], [-79.81945, 34.24508], [-79.81936, 34.24514], [-79.81932, 34.24517], [-79.81913, 34.24531], [-79.81906, 34.24535], [-79.81859, 34.24562], [-79.81851, 34.24587], [-79.81827, 34.24586], [-79.81795, 34.24585], [-79.8178, 34.24586], [-79.81752, 34.24596], [-79.81737, 34.24598], [-79.81713, 34.24598], [-79.8169, 34.24605], [-79.81668, 34.24614], [-79.81648, 34.24627], [-79.81636, 34.24644], [-79.81622, 34.24663], [-79.81569, 34.24676], [-79.81494, 34.24698], [-79.81476, 34.24706], [-79.81458, 34.2472], [-79.81444, 34.24737], [-79.81441, 34.2475], [-79.81438, 34.24767], [-79.8143, 34.24779], [-79.81401, 34.2479], [-79.81359, 34.24801], [-79.81323, 34.24817], [-79.81297, 34.24829], [-79.8127, 34.24834], [-79.81252, 34.24842], [-79.8122, 34.24868], [-79.81197, 34.24892], [-79.81183, 34.24912], [-79.81183, 34.24927], [-79.81169, 34.24948], [-79.81151, 34.24974], [-79.81123, 34.25003], [-79.81137, 34.25032], [-79.81128, 34.25034], [-79.81101, 34.25039], [-79.81078, 34.25062], [-79.81061, 34.25081], [-79.81044, 34.25094], [-79.80994, 34.25129], [-79.80966, 34.25151], [-79.80946, 34.25165], [-79.80927, 34.25174], [-79.80916, 34.25177], [-79.80907, 34.25184], [-79.80905, 34.25193], [-79.80902, 34.25202], [-79.80907, 34.25224], [-79.80907, 34.25235], [-79.80902, 34.25244], [-79.8089, 34.25246], [-79.8087, 34.25244], [-79.8085, 34.25242], [-79.80841, 34.25244], [-79.80829, 34.25251], [-79.80803, 34.25258], [-79.80783, 34.25271], [-79.80757, 34.25277], [-79.8073, 34.25282], [-79.80685, 34.25288], [-79.80658, 34.25295], [-79.80629, 34.25303], [-79.80603, 34.25304], [-79.8056, 34.25315], [-79.80516, 34.25328], [-79.80486, 34.25336], [-79.80461, 34.25348], [-79.8044, 34.25359], [-79.80422, 34.25367], [-79.80409, 34.25375], [-79.80388, 34.25379], [-79.80359, 34.25387], [-79.80331, 34.25393], [-79.8031, 34.25402], [-79.80281, 34.25415], [-79.80252, 34.25428], [-79.80223, 34.25445], [-79.80191, 34.25463], [-79.80162, 34.25478], [-79.80148, 34.25488], [-79.80127, 34.25492], [-79.80108, 34.25495], [-79.80076, 34.25493], [-79.79999, 34.25481], [-79.79935, 34.25478], [-79.79886, 34.25476], [-79.79842, 34.25476], [-79.79804, 34.25477], [-79.79797, 34.25474], [-79.79794, 34.25471], [-79.79788, 34.25465], [-79.79029, 34.25056], [-79.78588, 34.24952], [-79.78551, 34.24943], [-79.78533, 34.24939], [-79.7852, 34.24936], [-79.78518, 34.24935], [-79.78217, 34.24902], [-79.78068, 34.24885], [-79.77678, 34.24905], [-79.77268, 34.24815], [-79.77128, 34.24895], [-79.76736, 34.24784], [-79.76713, 34.24778], [-79.76644, 34.24758], [-79.7664, 34.24757], [-79.76611, 34.24749], [-79.76465, 34.24707], [-79.76404, 34.2469], [-79.76388, 34.24685], [-79.75958, 34.24605], [-79.75838, 34.24675], [-79.75628, 34.24635], [-79.75379, 34.24564], [-79.75363, 34.2456], [-79.7536, 34.24559], [-79.75349, 34.24555], [-79.74938, 34.24505], [-79.74948, 34.24635], [-79.75248, 34.24725], [-79.75256, 34.25062], [-79.75078, 34.25352], [-79.75013, 34.25493], [-79.74978, 34.25568], [-79.74864, 34.25791], [-79.74864, 34.25792], [-79.74832, 34.25853], [-79.74803, 34.25911], [-79.74718, 34.26077], [-79.74675, 34.2616], [-79.7465, 34.2621], [-79.74621, 34.26265], [-79.73919, 34.27639], [-79.73756, 34.27957], [-79.73755, 34.27958], [-79.73597, 34.28266], [-79.7344, 34.28572], [-79.73245, 34.28953], [-79.73223, 34.28985], [-79.73071, 34.29294], [-79.73053, 34.29331], [-79.72957, 34.29519], [-79.72834, 34.29523], [-79.72757, 34.29544], [-79.72688, 34.29591], [-79.72612, 34.29632], [-79.72549, 34.29669], [-79.72511, 34.29689], [-79.72478, 34.29699], [-79.72429, 34.29679], [-79.72399, 34.29645], [-79.72351, 34.29583], [-79.72288, 34.29498], [-79.72275, 34.29484], [-79.7226, 34.29469], [-79.72244, 34.29464], [-79.72191, 34.294], [-79.72139, 34.2937], [-79.71979, 34.29308], [-79.71846, 34.29281], [-79.71656, 34.29208], [-79.71374, 34.29155], [-79.71121, 34.29123], [-79.70831, 34.29125], [-79.70671, 34.29093], [-79.70569, 34.29061], [-79.70392, 34.28974], [-79.70365, 34.28952], [-79.70301, 34.28922], [-79.70242, 34.28917], [-79.70226, 34.28915], [-79.70086, 34.28903], [-79.69931, 34.28926], [-79.69785, 34.28926], [-79.6968, 34.28883], [-79.69653, 34.28862], [-79.69349, 34.28693], [-79.6923, 34.2861], [-79.69194, 34.28606], [-79.69187, 34.28603], [-79.69084, 34.28562], [-79.69023, 34.28519], [-79.68941, 34.2848], [-79.68858, 34.28457], [-79.68681, 34.28436], [-79.6856, 34.28443], [-79.68455, 34.28459], [-79.68397, 34.28482], [-79.68287, 34.28546], [-79.68234, 34.28647], [-79.68185, 34.28684], [-79.67922, 34.2878], [-79.67873, 34.28823], [-79.67848, 34.28883], [-79.67845, 34.28908], [-79.67856, 34.28915], [-79.67875, 34.2897], [-79.67887, 34.29084], [-79.67831, 34.29153], [-79.67842, 34.29229], [-79.67831, 34.29258], [-79.67699, 34.29366], [-79.67635, 34.29451], [-79.67542, 34.29519], [-79.67531, 34.29517], [-79.67517, 34.29554], [-79.6752, 34.2957], [-79.67558, 34.29593], [-79.67591, 34.2963], [-79.67575, 34.2971], [-79.67553, 34.29728], [-79.67467, 34.2976], [-79.67437, 34.29815], [-79.6742, 34.29891], [-79.67392, 34.29927], [-79.67307, 34.30005], [-79.67252, 34.30071], [-79.67224, 34.30122], [-79.67216, 34.30236], [-79.67213, 34.30273], [-79.67158, 34.3036], [-79.67108, 34.30376], [-79.67067, 34.30401], [-79.6694, 34.30394], [-79.66854, 34.30417], [-79.66799, 34.30445], [-79.66667, 34.30543], [-79.66534, 34.30628], [-79.66297, 34.30749], [-79.66239, 34.30758], [-79.66205, 34.30749], [-79.66172, 34.30715], [-79.66137, 34.30637], [-79.66101, 34.30587], [-79.66051, 34.3055], [-79.65982, 34.30527], [-79.65894, 34.30518], [-79.65776, 34.30519], [-79.65784, 34.30543], [-79.65776, 34.30605], [-79.65747, 34.30671], [-79.65709, 34.30749], [-79.65688, 34.30792], [-79.65676, 34.30835], [-79.65673, 34.30891], [-79.6568, 34.30907], [-79.65723, 34.30937], [-79.65761, 34.30954], [-79.65858, 34.30962], [-79.65975, 34.30988], [-79.66074, 34.31016], [-79.66187, 34.31065], [-79.6624, 34.31124], [-79.66256, 34.31168], [-79.66264, 34.31194], [-79.66267, 34.31241], [-79.66255, 34.31303], [-79.66224, 34.31379], [-79.66175, 34.31466], [-79.66087, 34.31562], [-79.65982, 34.31699], [-79.65942, 34.31766], [-79.6595, 34.31974], [-79.65975, 34.321], [-79.66036, 34.32228], [-79.661, 34.32315], [-79.66157, 34.32373], [-79.66393, 34.32498], [-79.66606, 34.32606], [-79.66883, 34.3274], [-79.67139, 34.32961], [-79.67307, 34.33128], [-79.67394, 34.33239], [-79.67537, 34.33435], [-79.67639, 34.33628], [-79.67739, 34.33906], [-79.67825, 34.34158], [-79.67885, 34.343], [-79.67942, 34.34422], [-79.68008, 34.34495], [-79.68126, 34.34593], [-79.68232, 34.34693], [-79.68321, 34.34808], [-79.68442, 34.35022], [-79.68548, 34.35211], [-79.68606, 34.35323], [-79.6866, 34.35414], [-79.68714, 34.35462], [-79.68773, 34.35483], [-79.68866, 34.35487], [-79.68973, 34.35518], [-79.69096, 34.35551], [-79.6923, 34.35609], [-79.69273, 34.35652], [-79.69287, 34.35684], [-79.69303, 34.35718], [-79.69317, 34.35769], [-79.6933, 34.35817], [-79.69324, 34.35949], [-79.69294, 34.3602], [-79.69233, 34.36084], [-79.69158, 34.36133], [-79.69053, 34.36168], [-79.68931, 34.36183], [-79.68802, 34.3618]]]}, "properties": {"GEOID": "45031", "NAME": "Darlington County", "facts": {"population": 62558.0, "median_age": 41.3, "median_household_income": 48581.0, "poverty_rate_pct": 21.1, "unemployment_rate_pct": 6.7, "renter_share_pct": 29.1}, "factsSource": "US Census ACS 2024 5-year estimates"}}, {"type": "Feature", "geometry": {"type": "Polygon", "coordinates": [[[-79.91398, 34.18522], [-79.91478, 34.18471], [-79.91615, 34.18384], [-79.92152, 34.18045], [-79.93742, 34.17034], [-79.94691, 34.16431], [-79.95209, 34.16102], [-79.9543, 34.15962], [-79.95454, 34.15947], [-79.96142, 34.15509], [-79.96965, 34.14986], [-79.97412, 34.14703], [-79.98122, 34.14252], [-79.98234, 34.14181], [-79.98714, 34.13876], [-79.98716, 34.13874], [-79.99154, 34.13596], [-79.99653, 34.13279], [-79.99753, 34.13215], [-79.9997, 34.13078], [-80.00204, 34.1293], [-80.00451, 34.12773], [-80.0061, 34.12671], [-80.00921, 34.12473], [-80.01241, 34.1227], [-80.01549, 34.12078], [-80.01793, 34.1192], [-80.01991, 34.11795], [-80.02004, 34.11787], [-80.02705, 34.1134], [-80.03355, 34.10928], [-80.03599, 34.10773], [-80.03785, 34.10655], [-80.03941, 34.10556], [-80.04206, 34.10387], [-80.05045, 34.09855], [-80.05506, 34.09562], [-80.0582, 34.09362], [-80.05881, 34.09324], [-80.06988, 34.08619], [-80.06953, 34.08615], [-80.06879, 34.08617], [-80.06664, 34.0864], [-80.06631, 34.08629], [-80.06595, 34.08597], [-80.06581, 34.0856], [-80.06581, 34.08507], [-80.06642, 34.08411], [-80.06631, 34.08375], [-80.0659, 34.08354], [-80.06554, 34.08352], [-80.06502, 34.08407], [-80.06455, 34.08413], [-80.06383, 34.08352], [-80.06381, 34.08324], [-80.06405, 34.08271], [-80.06405, 34.08233], [-80.06381, 34.08203], [-80.06356, 34.08201], [-80.06309, 34.0823], [-80.06237, 34.08242], [-80.06215, 34.08262], [-80.06213, 34.08294], [-80.06221, 34.0831], [-80.06235, 34.08361], [-80.0621, 34.08395], [-80.06174, 34.084], [-80.06155, 34.08386], [-80.06147, 34.08336], [-80.06111, 34.08255], [-80.06111, 34.08207], [-80.06125, 34.08182], [-80.06103, 34.08145], [-80.06067, 34.08145], [-80.06039, 34.08168], [-80.06006, 34.08221], [-80.05951, 34.08239], [-80.05924, 34.08217], [-80.05921, 34.08189], [-80.05904, 34.08159], [-80.0583, 34.0812], [-80.05822, 34.0809], [-80.05844, 34.08063], [-80.05844, 34.08029], [-80.05797, 34.07965], [-80.05745, 34.0791], [-80.05695, 34.07917], [-80.05668, 34.07942], [-80.05646, 34.08013], [-80.05621, 34.08038], [-80.05538, 34.08072], [-80.05453, 34.08125], [-80.05381, 34.08127], [-80.05379, 34.08111], [-80.05461, 34.0804], [-80.05461, 34.0801], [-80.05403, 34.07992], [-80.05362, 34.07992], [-80.05321, 34.0801], [-80.05241, 34.08013], [-80.05211, 34.07994], [-80.05153, 34.07944], [-80.05123, 34.07928], [-80.05095, 34.07937], [-80.05095, 34.07969], [-80.0512, 34.08026], [-80.05112, 34.08063], [-80.05076, 34.08084], [-80.04999, 34.08086], [-80.0496, 34.08077], [-80.04924, 34.08052], [-80.04927, 34.07997], [-80.0496, 34.07944], [-80.0504, 34.07871], [-80.05034, 34.07802], [-80.04957, 34.07747], [-80.04845, 34.07708], [-80.04817, 34.07708], [-80.04792, 34.07724], [-80.04792, 34.07747], [-80.04814, 34.07767], [-80.04817, 34.07786], [-80.04801, 34.07799], [-80.0477, 34.07809], [-80.04737, 34.07838], [-80.0469, 34.07848], [-80.04525, 34.07829], [-80.04503, 34.07806], [-80.04528, 34.07742], [-80.04532, 34.07713], [-80.04534, 34.07703], [-80.04531, 34.077], [-80.04515, 34.07679], [-80.04512, 34.07675], [-80.045, 34.0766], [-80.0444, 34.07639], [-80.0436, 34.07648], [-80.04297, 34.07667], [-80.04112, 34.07827], [-80.04049, 34.07857], [-80.04016, 34.07859], [-80.03994, 34.07854], [-80.03977, 34.07827], [-80.03925, 34.07825], [-80.03867, 34.07811], [-80.03804, 34.07845], [-80.03738, 34.07848], [-80.03631, 34.07827], [-80.036, 34.07802], [-80.03595, 34.07737], [-80.03584, 34.07715], [-80.03564, 34.07699], [-80.0354, 34.07699], [-80.03507, 34.07737], [-80.03471, 34.07737], [-80.03441, 34.07717], [-80.0338, 34.07662], [-80.03344, 34.0766], [-80.03262, 34.0768], [-80.03193, 34.0768], [-80.03154, 34.0765], [-80.03141, 34.07627], [-80.03138, 34.07589], [-80.03174, 34.07511], [-80.03174, 34.0744], [-80.03163, 34.07421], [-80.03105, 34.07401], [-80.03061, 34.07403], [-80.03031, 34.07424], [-80.03011, 34.07483], [-80.03, 34.07492], [-80.02956, 34.07504], [-80.02921, 34.07474], [-80.02888, 34.07407], [-80.02846, 34.07359], [-80.02786, 34.07336], [-80.02721, 34.0735], [-80.02678, 34.07359], [-80.02607, 34.07336], [-80.02593, 34.07323], [-80.0259, 34.07279], [-80.0261, 34.07247], [-80.0261, 34.07178], [-80.02588, 34.0714], [-80.0253, 34.07094], [-80.02494, 34.07085], [-80.02425, 34.07082], [-80.0239, 34.07096], [-80.02356, 34.07098], [-80.02307, 34.07055], [-80.02293, 34.07018], [-80.0231, 34.06979], [-80.02351, 34.06949], [-80.02353, 34.06912], [-80.02354, 34.06906], [-80.02332, 34.06892], [-80.02227, 34.06876], [-80.02103, 34.06839], [-80.02051, 34.06814], [-80.01999, 34.06764], [-80.01985, 34.06732], [-80.01969, 34.06676], [-80.0196, 34.06551], [-80.01974, 34.06409], [-80.01966, 34.06367], [-80.01974, 34.06354], [-80.01961, 34.06301], [-80.01922, 34.06246], [-80.01809, 34.0615], [-80.01751, 34.06113], [-80.01705, 34.06097], [-80.01553, 34.06101], [-80.01424, 34.06056], [-80.01363, 34.06056], [-80.01292, 34.06081], [-80.01256, 34.06078], [-80.01226, 34.06051], [-80.01226, 34.06026], [-80.01319, 34.05888], [-80.01319, 34.05845], [-80.01306, 34.05822], [-80.01234, 34.0579], [-80.01163, 34.05771], [-80.0108, 34.0579], [-80.01031, 34.0579], [-80.00987, 34.05753], [-80.00976, 34.05735], [-80.00874, 34.05687], [-80.0086, 34.05691], [-80.0086, 34.0571], [-80.00882, 34.05744], [-80.00863, 34.05785], [-80.00786, 34.05851], [-80.00739, 34.05856], [-80.00689, 34.05817], [-80.00687, 34.05799], [-80.00667, 34.05778], [-80.00662, 34.05751], [-80.00612, 34.05698], [-80.00544, 34.05677], [-80.00511, 34.05652], [-80.00505, 34.05627], [-80.00546, 34.05588], [-80.00555, 34.0556], [-80.00533, 34.05526], [-80.0053, 34.05478], [-80.00541, 34.05464], [-80.00596, 34.05444], [-80.00607, 34.05423], [-80.00613, 34.05384], [-80.00588, 34.05363], [-80.00519, 34.05336], [-80.00494, 34.05311], [-80.00494, 34.0527], [-80.00549, 34.05176], [-80.00596, 34.05137], [-80.00596, 34.05093], [-80.00558, 34.05068], [-80.00503, 34.05061], [-80.00442, 34.05088], [-80.0042, 34.05073], [-80.00434, 34.05015], [-80.00423, 34.05001], [-80.00362, 34.04995], [-80.00335, 34.04981], [-80.00299, 34.04944], [-80.00299, 34.04935], [-80.00148, 34.04928], [-80.00112, 34.04919], [-80.00079, 34.04894], [-80.00082, 34.04855], [-80.00107, 34.04807], [-80.00109, 34.04781], [-80.00068, 34.04784], [-80.00059, 34.04788], [-80.00024, 34.04804], [-79.99979, 34.04802], [-79.99966, 34.04798], [-79.99939, 34.04788], [-79.9994, 34.04731], [-79.99979, 34.04747], [-80.00013, 34.04749], [-80.00082, 34.0471], [-80.00112, 34.04678], [-80.00112, 34.04651], [-80.00087, 34.04628], [-80.0002, 34.04651], [-79.99979, 34.04626], [-79.99923, 34.04626], [-79.9984, 34.04601], [-79.99796, 34.04596], [-79.99692, 34.04598], [-79.99648, 34.04589], [-79.99612, 34.04539], [-79.99606, 34.0445], [-79.99582, 34.04427], [-79.99535, 34.04424], [-79.99507, 34.04433], [-79.99461, 34.04473], [-79.9943, 34.04479], [-79.99425, 34.0447], [-79.99419, 34.04335], [-79.99408, 34.04314], [-79.9935, 34.0426], [-79.99304, 34.04191], [-79.9929, 34.04122], [-79.99237, 34.04065], [-79.9921, 34.03976], [-79.99185, 34.03946], [-79.99133, 34.03927], [-79.991, 34.03937], [-79.9907, 34.03966], [-79.99023, 34.03971], [-79.99015, 34.03957], [-79.99015, 34.03914], [-79.99028, 34.03898], [-79.99028, 34.0387], [-79.99003, 34.03866], [-79.98929, 34.03916], [-79.98877, 34.03918], [-79.98836, 34.03925], [-79.98745, 34.03948], [-79.98684, 34.03951], [-79.9864, 34.03944], [-79.9861, 34.03893], [-79.9861, 34.03864], [-79.98643, 34.03829], [-79.98646, 34.03799], [-79.9863, 34.03792], [-79.98625, 34.0379], [-79.98621, 34.03788], [-79.98579, 34.03786], [-79.98571, 34.03786], [-79.98567, 34.03786], [-79.98537, 34.03791], [-79.98453, 34.03804], [-79.98437, 34.03793], [-79.98431, 34.03765], [-79.98442, 34.0371], [-79.98426, 34.0369], [-79.98294, 34.03603], [-79.98252, 34.03603], [-79.98228, 34.03623], [-79.98228, 34.0366], [-79.98244, 34.03701], [-79.98211, 34.03717], [-79.98189, 34.03715], [-79.98159, 34.03674], [-79.98137, 34.0366], [-79.98112, 34.03658], [-79.98082, 34.03688], [-79.98054, 34.03694], [-79.98043, 34.03678], [-79.98057, 34.03621], [-79.98109, 34.03573], [-79.98109, 34.0352], [-79.98101, 34.035], [-79.9804, 34.03465], [-79.9801, 34.03458], [-79.97895, 34.03449], [-79.97873, 34.03479], [-79.9784, 34.03491], [-79.97818, 34.03479], [-79.97834, 34.03371], [-79.97823, 34.03335], [-79.97779, 34.03271], [-79.97779, 34.03236], [-79.9779, 34.03213], [-79.97782, 34.032], [-79.97765, 34.03188], [-79.97661, 34.032], [-79.97622, 34.03174], [-79.97501, 34.03051], [-79.97482, 34.03001], [-79.97443, 34.02968], [-79.97424, 34.02897], [-79.97383, 34.02879], [-79.9727, 34.02879], [-79.97239, 34.02868], [-79.97182, 34.02822], [-79.97143, 34.02705], [-79.97107, 34.02701], [-79.97072, 34.02712], [-79.9705, 34.0273], [-79.97047, 34.02744], [-79.96989, 34.02776], [-79.96926, 34.02778], [-79.96915, 34.02758], [-79.96909, 34.02712], [-79.96882, 34.02682], [-79.96813, 34.02664], [-79.96794, 34.02643], [-79.96777, 34.02602], [-79.9675, 34.02586], [-79.96711, 34.02584], [-79.96695, 34.02597], [-79.96692, 34.02627], [-79.96714, 34.02652], [-79.96714, 34.02671], [-79.96703, 34.02685], [-79.96642, 34.02673], [-79.96532, 34.02598], [-79.96516, 34.02566], [-79.96491, 34.02545], [-79.9645, 34.02527], [-79.96433, 34.02511], [-79.96433, 34.02488], [-79.9645, 34.02433], [-79.96442, 34.0243], [-79.96436, 34.02414], [-79.96367, 34.02394], [-79.96356, 34.02332], [-79.96337, 34.02314], [-79.96276, 34.02286], [-79.9618, 34.02291], [-79.9615, 34.02284], [-79.96131, 34.02284], [-79.96048, 34.02229], [-79.95977, 34.02137], [-79.95957, 34.02135], [-79.95919, 34.02117], [-79.95875, 34.02117], [-79.95864, 34.0211], [-79.95745, 34.02105], [-79.95616, 34.02057], [-79.95569, 34.02055], [-79.95492, 34.02085], [-79.95418, 34.02096], [-79.95369, 34.02135], [-79.95369, 34.02144], [-79.95327, 34.02153], [-79.95286, 34.02137], [-79.95289, 34.02112], [-79.95322, 34.02039], [-79.95289, 34.02037], [-79.95264, 34.0205], [-79.95226, 34.02098], [-79.95187, 34.02103], [-79.95127, 34.02078], [-79.95082, 34.02078], [-79.95074, 34.02096], [-79.95072, 34.02156], [-79.95039, 34.02159], [-79.94987, 34.02165], [-79.94926, 34.02165], [-79.94887, 34.02174], [-79.9486, 34.02192], [-79.94821, 34.02298], [-79.94799, 34.02309], [-79.94739, 34.02311], [-79.94695, 34.02295], [-79.94653, 34.02263], [-79.94651, 34.0222], [-79.94673, 34.02188], [-79.94802, 34.02087], [-79.94852, 34.01995], [-79.9484, 34.01966], [-79.94747, 34.0192], [-79.9475, 34.01808], [-79.94692, 34.01796], [-79.94637, 34.0183], [-79.94527, 34.01837], [-79.9451, 34.01844], [-79.94494, 34.0187], [-79.94469, 34.0189], [-79.94431, 34.01895], [-79.94414, 34.01888], [-79.94392, 34.01856], [-79.9437, 34.01789], [-79.94351, 34.01773], [-79.94304, 34.01762], [-79.94208, 34.01762], [-79.94087, 34.01734], [-79.94068, 34.0178], [-79.94029, 34.01789], [-79.93979, 34.01753], [-79.93935, 34.01732], [-79.93911, 34.0173], [-79.93878, 34.0175], [-79.93831, 34.01757], [-79.93814, 34.01769], [-79.93814, 34.01801], [-79.93795, 34.01828], [-79.93724, 34.0184], [-79.93677, 34.01835], [-79.93622, 34.01799], [-79.93619, 34.01778], [-79.93633, 34.01759], [-79.93696, 34.01732], [-79.93704, 34.01709], [-79.93691, 34.01693], [-79.93652, 34.01682], [-79.93542, 34.01679], [-79.9349, 34.0165], [-79.93473, 34.01558], [-79.93435, 34.01556], [-79.93383, 34.01592], [-79.93344, 34.0159], [-79.93278, 34.01535], [-79.93218, 34.01514], [-79.93141, 34.01526], [-79.93108, 34.01501], [-79.93069, 34.01437], [-79.93022, 34.01395], [-79.92989, 34.01386], [-79.92926, 34.01395], [-79.92896, 34.01366], [-79.9292, 34.01331], [-79.92995, 34.01274], [-79.93011, 34.01244], [-79.93003, 34.01212], [-79.92962, 34.01194], [-79.9292, 34.01201], [-79.92893, 34.01187], [-79.92863, 34.01143], [-79.92841, 34.0113], [-79.9275, 34.0113], [-79.92684, 34.01098], [-79.92568, 34.01104], [-79.92533, 34.0107], [-79.9253, 34.01038], [-79.92555, 34.0102], [-79.92623, 34.00997], [-79.92703, 34.0099], [-79.92756, 34.00976], [-79.92797, 34.00949], [-79.928, 34.00912], [-79.92761, 34.00894], [-79.92673, 34.00896], [-79.92599, 34.00923], [-79.92566, 34.00928], [-79.9253, 34.00891], [-79.9253, 34.00777], [-79.92522, 34.00761], [-79.92464, 34.00749], [-79.92439, 34.00759], [-79.9237, 34.00814], [-79.92291, 34.00832], [-79.92206, 34.00864], [-79.92128, 34.0085], [-79.92082, 34.00832], [-79.92068, 34.00814], [-79.92068, 34.00775], [-79.92101, 34.00742], [-79.92117, 34.00717], [-79.92117, 34.00683], [-79.92104, 34.00676], [-79.92063, 34.00678], [-79.92032, 34.00722], [-79.9198, 34.00763], [-79.9195, 34.00774], [-79.91848, 34.00784], [-79.91812, 34.00779], [-79.91716, 34.00738], [-79.91661, 34.00616], [-79.9162, 34.00584], [-79.91576, 34.00566], [-79.91535, 34.00564], [-79.91501, 34.00573], [-79.91471, 34.00594], [-79.914, 34.00614], [-79.91364, 34.00642], [-79.91364, 34.00699], [-79.91347, 34.00715], [-79.91268, 34.00692], [-79.91152, 34.00699], [-79.91092, 34.00648], [-79.91075, 34.00591], [-79.91089, 34.00529], [-79.91072, 34.00481], [-79.90963, 34.00426], [-79.90842, 34.00406], [-79.90781, 34.00426], [-79.90759, 34.00419], [-79.90759, 34.00396], [-79.90787, 34.00335], [-79.90765, 34.0027], [-79.90688, 34.0025], [-79.90613, 34.00295], [-79.90558, 34.00307], [-79.9055, 34.00298], [-79.90547, 34.00257], [-79.90564, 34.00238], [-79.90567, 34.00202], [-79.90536, 34.00181], [-79.9049, 34.00192], [-79.90469, 34.00209], [-79.9044, 34.00231], [-79.90382, 34.00236], [-79.90366, 34.00225], [-79.90363, 34.0017], [-79.90371, 34.0016], [-79.90374, 34.00089], [-79.90393, 34.0006], [-79.90413, 34.00054], [-79.90426, 34.00016], [-79.90492, 33.99936], [-79.905, 33.99922], [-79.905, 33.99865], [-79.90487, 33.9986], [-79.90467, 33.9986], [-79.90399, 33.99913], [-79.90352, 33.99924], [-79.90324, 33.99913], [-79.90313, 33.99897], [-79.90313, 33.99874], [-79.90333, 33.99849], [-79.90396, 33.99803], [-79.90421, 33.99761], [-79.90421, 33.9972], [-79.9041, 33.99704], [-79.90284, 33.99625], [-79.9025, 33.99603], [-79.90149, 33.99521], [-79.90124, 33.99491], [-79.90116, 33.99448], [-79.90124, 33.99429], [-79.90151, 33.99386], [-79.90242, 33.9931], [-79.90245, 33.99278], [-79.90234, 33.99251], [-79.90215, 33.99241], [-79.90107, 33.99235], [-79.90064, 33.99221], [-79.90028, 33.99218], [-79.89962, 33.99253], [-79.89909, 33.99267], [-79.89874, 33.99267], [-79.89844, 33.99248], [-79.89841, 33.99216], [-79.89868, 33.99152], [-79.89871, 33.99129], [-79.8986, 33.99109], [-79.89808, 33.99065], [-79.8978, 33.9904], [-79.89769, 33.99019], [-79.89758, 33.98955], [-79.89747, 33.98923], [-79.89731, 33.98909], [-79.89701, 33.98905], [-79.89662, 33.98902], [-79.89593, 33.98937], [-79.89527, 33.98964], [-79.89423, 33.98971], [-79.89393, 33.98959], [-79.89371, 33.98953], [-79.8934, 33.98914], [-79.89338, 33.98875], [-79.89354, 33.98815], [-79.89352, 33.98802], [-79.89727, 33.98623], [-79.90477, 33.98263], [-79.90567, 33.98215], [-79.90807, 33.98087], [-79.90812, 33.98084], [-79.90816, 33.98082], [-79.90823, 33.98079], [-79.91265, 33.97853], [-79.92264, 33.97332], [-79.9258, 33.97169], [-79.92588, 33.97165], [-79.93369, 33.9676], [-79.93421, 33.96732], [-79.93935, 33.96469], [-79.93952, 33.96461], [-79.94182, 33.96332], [-79.94583, 33.96129], [-79.95264, 33.95776], [-79.9531, 33.95752], [-79.95404, 33.95704], [-79.95838, 33.95482], [-79.95868, 33.95467], [-79.96867, 33.94956], [-79.97358, 33.94704], [-79.9746, 33.94653], [-79.97421, 33.94561], [-79.96233, 33.91762], [-79.96112, 33.91478], [-79.95534, 33.90132], [-79.95232, 33.89425], [-79.95046, 33.8907], [-79.95002, 33.89026], [-79.94966, 33.88991], [-79.94825, 33.88854], [-79.94755, 33.88785], [-79.9471, 33.88741], [-79.94694, 33.88728], [-79.94595, 33.886], [-79.94558, 33.88572], [-79.944, 33.88507], [-79.94238, 33.88498], [-79.93683, 33.8862], [-79.93654, 33.88619], [-79.93644, 33.88618], [-79.93595, 33.88617], [-79.9354, 33.88616], [-79.93481, 33.88617], [-79.93421, 33.8862], [-79.93362, 33.88624], [-79.93298, 33.8863], [-79.93242, 33.88636], [-79.93061, 33.88657], [-79.9304, 33.88659], [-79.92824, 33.88684], [-79.92655, 33.88702], [-79.92561, 33.88713], [-79.92375, 33.88734], [-79.92358, 33.88736], [-79.92273, 33.88744], [-79.92123, 33.88757], [-79.91889, 33.88775], [-79.91846, 33.88779], [-79.91806, 33.88782], [-79.91757, 33.88786], [-79.91732, 33.88788], [-79.91422, 33.88813], [-79.91366, 33.88818], [-79.91249, 33.88826], [-79.91205, 33.8883], [-79.90837, 33.8886], [-79.90807, 33.88862], [-79.90793, 33.88863], [-79.90555, 33.88881], [-79.9049, 33.88886], [-79.90368, 33.88896], [-79.90242, 33.88906], [-79.90204, 33.88909], [-79.90157, 33.8891], [-79.90109, 33.88911], [-79.90042, 33.8891], [-79.89997, 33.88909], [-79.89947, 33.88906], [-79.89915, 33.88903], [-79.89876, 33.889], [-79.8985, 33.88897], [-79.89773, 33.88888], [-79.89724, 33.8888], [-79.89526, 33.88847], [-79.89404, 33.88828], [-79.89033, 33.88767], [-79.8883, 33.88733], [-79.88745, 33.88719], [-79.88178, 33.88626], [-79.88114, 33.88616], [-79.87727, 33.88552], [-79.87591, 33.88529], [-79.87562, 33.88525], [-79.8756, 33.88524], [-79.87557, 33.88524], [-79.87545, 33.88522], [-79.87544, 33.88521], [-79.87518, 33.88517], [-79.87514, 33.88516], [-79.87512, 33.88516], [-79.875, 33.88514], [-79.87476, 33.8851], [-79.87471, 33.88509], [-79.87341, 33.88488], [-79.87292, 33.8848], [-79.87266, 33.88477], [-79.87257, 33.88476], [-79.87239, 33.88473], [-79.8719, 33.88467], [-79.87121, 33.8846], [-79.87081, 33.88455], [-79.87061, 33.88453], [-79.87057, 33.88453], [-79.87032, 33.88451], [-79.86975, 33.88446], [-79.86946, 33.88444], [-79.86916, 33.88441], [-79.86902, 33.88441], [-79.86846, 33.88437], [-79.86777, 33.88434], [-79.86716, 33.88433], [-79.86643, 33.88432], [-79.86584, 33.88471], [-79.86295, 33.88655], [-79.86239, 33.88691], [-79.8621, 33.8871], [-79.86198, 33.88718], [-79.86164, 33.8874], [-79.86006, 33.88841], [-79.85869, 33.88927], [-79.85721, 33.89022], [-79.8572, 33.89023], [-79.85718, 33.89025], [-79.85647, 33.8907], [-79.85548, 33.89134], [-79.85489, 33.89174], [-79.85415, 33.89117], [-79.85371, 33.89085], [-79.85103, 33.88879], [-79.85102, 33.88878], [-79.84944, 33.88757], [-79.84899, 33.88704], [-79.84795, 33.88559], [-79.84789, 33.88551], [-79.8472, 33.88454], [-79.84716, 33.88449], [-79.84671, 33.88441], [-79.84589, 33.88428], [-79.8443, 33.884], [-79.84226, 33.88366], [-79.84036, 33.88334], [-79.83973, 33.88324], [-79.83843, 33.88303], [-79.83631, 33.88268], [-79.83604, 33.88265], [-79.83577, 33.88262], [-79.83533, 33.8826], [-79.83514, 33.88259], [-79.83488, 33.8826], [-79.82997, 33.87602], [-79.82932, 33.87515], [-79.82929, 33.87512], [-79.82751, 33.87325], [-79.82739, 33.8731], [-79.82584, 33.87109], [-79.82583, 33.87107], [-79.82561, 33.8708], [-79.82558, 33.87075], [-79.82557, 33.87074], [-79.82555, 33.87071], [-79.82546, 33.8706], [-79.81997, 33.86348], [-79.81995, 33.86346], [-79.81721, 33.85993], [-79.81719, 33.8599], [-79.8134, 33.855], [-79.81082, 33.85166], [-79.81076, 33.85157], [-79.80846, 33.84861], [-79.80834, 33.84846], [-79.80816, 33.84823], [-79.8079, 33.8479], [-79.80452, 33.84352], [-79.80276, 33.84123], [-79.80275, 33.84122], [-79.8025, 33.84091], [-79.8009, 33.83884], [-79.7994, 33.83689], [-79.79912, 33.83653], [-79.79837, 33.83556], [-79.79404, 33.83552], [-79.79053, 33.83548], [-79.78069, 33.83538], [-79.77161, 33.83529], [-79.7689, 33.83526], [-79.76885, 33.83526], [-79.76879, 33.83526], [-79.76876, 33.83526], [-79.76719, 33.83525], [-79.76712, 33.83524], [-79.76664, 33.83524], [-79.76656, 33.83524], [-79.76619, 33.83523], [-79.76607, 33.83523], [-79.76592, 33.83523], [-79.76102, 33.83518], [-79.7558, 33.83513], [-79.75513, 33.83512], [-79.75322, 33.8351], [-79.75319, 33.8351], [-79.74948, 33.83507], [-79.74339, 33.83506], [-79.74342, 33.83491], [-79.74311, 33.83413], [-79.74292, 33.83386], [-79.74292, 33.83379], [-79.74278, 33.8336], [-79.74276, 33.83347], [-79.74262, 33.83328], [-79.74256, 33.83308], [-79.74245, 33.83299], [-79.7424, 33.83273], [-79.74207, 33.83234], [-79.74193, 33.83207], [-79.74182, 33.832], [-79.7416, 33.83161], [-79.74149, 33.83152], [-79.74136, 33.83122], [-79.74061, 33.83042], [-79.74028, 33.82992], [-79.74023, 33.82969], [-79.74012, 33.82953], [-79.74012, 33.82946], [-79.74004, 33.82941], [-79.73982, 33.82866], [-79.73971, 33.82852], [-79.73968, 33.82831], [-79.73946, 33.82783], [-79.73899, 33.82724], [-79.73813, 33.82637], [-79.73787, 33.82611], [-79.73762, 33.82582], [-79.73682, 33.82531], [-79.73622, 33.82486], [-79.73586, 33.82465], [-79.73463, 33.82353], [-79.73361, 33.82215], [-79.73259, 33.82087], [-79.73239, 33.82058], [-79.73221, 33.82032], [-79.73196, 33.82], [-79.73098, 33.81895], [-79.73054, 33.81858], [-79.72957, 33.81751], [-79.72875, 33.81682], [-79.72823, 33.81654], [-79.72669, 33.81604], [-79.72609, 33.8157], [-79.72494, 33.81455], [-79.7245, 33.8143], [-79.72373, 33.81414], [-79.72255, 33.81416], [-79.72194, 33.81423], [-79.7197, 33.81494], [-79.71838, 33.81526], [-79.71673, 33.81533], [-79.71399, 33.81474], [-79.71264, 33.81442], [-79.71039, 33.81391], [-79.70907, 33.81374], [-79.70869, 33.81368], [-79.7068, 33.81369], [-79.70567, 33.81376], [-79.70326, 33.81405], [-79.70049, 33.81419], [-79.69963, 33.81401], [-79.69876, 33.8135], [-79.69851, 33.81325], [-79.69769, 33.81227], [-79.69763, 33.81215], [-79.69747, 33.81199], [-79.69741, 33.81183], [-79.6973, 33.81174], [-79.69717, 33.81142], [-79.697, 33.81114], [-79.69678, 33.81066], [-79.69615, 33.81007], [-79.69478, 33.80929], [-79.69417, 33.80878], [-79.69406, 33.80862], [-79.6936, 33.80824], [-79.69327, 33.8081], [-79.69231, 33.80787], [-79.69162, 33.80764], [-79.69127, 33.80734], [-79.69107, 33.80698], [-79.69105, 33.80629], [-79.69096, 33.80592], [-79.69072, 33.80574], [-79.68921, 33.80551], [-79.68863, 33.80505], [-79.68797, 33.80491], [-79.68751, 33.80489], [-79.68745, 33.80491], [-79.68704, 33.80523], [-79.68668, 33.80572], [-79.68559, 33.80764], [-79.6855, 33.80787], [-79.68523, 33.8084], [-79.68482, 33.80878], [-79.68397, 33.80922], [-79.68372, 33.80924], [-79.68361, 33.80943], [-79.68268, 33.81046], [-79.68199, 33.81066], [-79.68004, 33.81092], [-79.67903, 33.81126], [-79.6787, 33.81153], [-79.67853, 33.81188], [-79.67842, 33.81222], [-79.67842, 33.81289], [-79.67884, 33.81362], [-79.67878, 33.81394], [-79.67868, 33.81405], [-79.67864, 33.81408], [-79.6784, 33.81433], [-79.67733, 33.81469], [-79.67439, 33.81524], [-79.67307, 33.81556], [-79.6725, 33.81563], [-79.67077, 33.8154], [-79.66994, 33.81515], [-79.66929, 33.81453], [-79.66868, 33.81401], [-79.6678, 33.81368], [-79.66652, 33.81336], [-79.66624, 33.81336], [-79.66561, 33.8133], [-79.66292, 33.81339], [-79.66215, 33.81352], [-79.66053, 33.81394], [-79.6596, 33.81423], [-79.6562, 33.81471], [-79.65529, 33.81469], [-79.65436, 33.81446], [-79.6534, 33.81407], [-79.65272, 33.81402], [-79.65241, 33.814], [-79.65175, 33.81409], [-79.65134, 33.8143], [-79.65107, 33.81457], [-79.65074, 33.81478], [-79.64975, 33.81494], [-79.64926, 33.8151], [-79.64889, 33.81526], [-79.64805, 33.81563], [-79.64747, 33.81576], [-79.6464, 33.81572], [-79.64607, 33.8156], [-79.64569, 33.81533], [-79.64495, 33.8145], [-79.64462, 33.81427], [-79.64401, 33.81434], [-79.64366, 33.81455], [-79.64349, 33.81473], [-79.64324, 33.8154], [-79.64305, 33.81576], [-79.64275, 33.81608], [-79.64226, 33.81652], [-79.64033, 33.81739], [-79.63957, 33.81762], [-79.63946, 33.81771], [-79.63723, 33.81807], [-79.6359, 33.81804], [-79.63581, 33.81804], [-79.63589, 33.8177], [-79.6363, 33.81593], [-79.63632, 33.81584], [-79.63645, 33.8153], [-79.63651, 33.81503], [-79.63652, 33.81499], [-79.63652, 33.81496], [-79.63659, 33.81467], [-79.63672, 33.81404], [-79.63677, 33.81377], [-79.63679, 33.81349], [-79.63676, 33.81297], [-79.63674, 33.81289], [-79.63655, 33.81216], [-79.63586, 33.81003], [-79.63557, 33.80948], [-79.63554, 33.80942], [-79.63552, 33.80937], [-79.63488, 33.80836], [-79.6348, 33.80834], [-79.63418, 33.80818], [-79.6302, 33.80717], [-79.62821, 33.80667], [-79.62708, 33.80638], [-79.62635, 33.8062], [-79.62633, 33.80619], [-79.62619, 33.80615], [-79.62481, 33.80581], [-79.62027, 33.80499], [-79.62012, 33.80496], [-79.6025, 33.80079], [-79.60247, 33.80078], [-79.58162, 33.79585], [-79.58154, 33.79583], [-79.58043, 33.79557], [-79.56312, 33.79148], [-79.55113, 33.78864], [-79.55096, 33.7886], [-79.54899, 33.78812], [-79.54876, 33.78806], [-79.54874, 33.78806], [-79.54873, 33.78805], [-79.54868, 33.78804], [-79.54867, 33.78804], [-79.54861, 33.78803], [-79.5485, 33.788], [-79.54724, 33.78769], [-79.52852, 33.78315], [-79.51953, 33.78097], [-79.50624, 33.77775], [-79.50618, 33.77774], [-79.50394, 33.77719], [-79.49978, 33.77618], [-79.49712, 33.77551], [-79.49649, 33.77536], [-79.49647, 33.77537], [-79.4948, 33.77698], [-79.49446, 33.77717], [-79.49435, 33.77721], [-79.49424, 33.77726], [-79.49403, 33.77733], [-79.49368, 33.77744], [-79.49198, 33.77797], [-79.48846, 33.77906], [-79.48844, 33.77906], [-79.4807, 33.78146], [-79.48056, 33.78151], [-79.48047, 33.78153], [-79.48017, 33.78163], [-79.48006, 33.78166], [-79.47866, 33.78209], [-79.47702, 33.7826], [-79.47689, 33.78264], [-79.47687, 33.78265], [-79.47682, 33.78266], [-79.47595, 33.78293], [-79.47591, 33.78294], [-79.47552, 33.78306], [-79.47543, 33.78309], [-79.47509, 33.7832], [-79.47505, 33.78321], [-79.47369, 33.78363], [-79.47366, 33.78364], [-79.47332, 33.78375], [-79.47328, 33.78375], [-79.47324, 33.78376], [-79.47317, 33.78377], [-79.47298, 33.78384], [-79.47292, 33.78386], [-79.47281, 33.78389], [-79.47127, 33.78411], [-79.47118, 33.78412], [-79.47103, 33.78396], [-79.47042, 33.78332], [-79.47031, 33.7832], [-79.47026, 33.78315], [-79.4702, 33.78307], [-79.47012, 33.78302], [-79.46852, 33.78201], [-79.46845, 33.78197], [-79.46844, 33.78196], [-79.4684, 33.78194], [-79.46837, 33.78192], [-79.46835, 33.7819], [-79.46834, 33.78189], [-79.46832, 33.78188], [-79.46825, 33.78184], [-79.46811, 33.78175], [-79.46798, 33.78166], [-79.46765, 33.78178], [-79.4675, 33.78181], [-79.46575, 33.78228], [-79.46502, 33.78252], [-79.46477, 33.7826], [-79.46445, 33.7827], [-79.46427, 33.78276], [-79.46407, 33.78281], [-79.46395, 33.78282], [-79.46375, 33.78283], [-79.46354, 33.78285], [-79.46351, 33.78285], [-79.46349, 33.78285], [-79.46329, 33.78287], [-79.46311, 33.78284], [-79.46293, 33.78282], [-79.46261, 33.78277], [-79.46238, 33.7827], [-79.46211, 33.78263], [-79.46202, 33.78258], [-79.46171, 33.78243], [-79.46094, 33.78202], [-79.46092, 33.78202], [-79.46076, 33.78194], [-79.46054, 33.78182], [-79.4599, 33.78152], [-79.45972, 33.78141], [-79.4595, 33.78128], [-79.45933, 33.78122], [-79.45883, 33.78107], [-79.45843, 33.78119], [-79.45785, 33.78137], [-79.45712, 33.7816], [-79.45687, 33.78168], [-79.45604, 33.78199], [-79.45508, 33.78234], [-79.45488, 33.78241], [-79.45454, 33.78254], [-79.454, 33.78273], [-79.45391, 33.78276], [-79.45325, 33.783], [-79.45119, 33.78376], [-79.45102, 33.78382], [-79.45071, 33.78393], [-79.4507, 33.78393], [-79.45055, 33.78398], [-79.45046, 33.78402], [-79.45029, 33.78408], [-79.45024, 33.7841], [-79.44903, 33.78454], [-79.44896, 33.78457], [-79.44872, 33.78464], [-79.44852, 33.78466], [-79.44834, 33.78468], [-79.44828, 33.78468], [-79.44446, 33.78458], [-79.44419, 33.78457], [-79.44182, 33.78441], [-79.44177, 33.7844], [-79.44166, 33.7844], [-79.44164, 33.78439], [-79.44153, 33.78439], [-79.44145, 33.78461], [-79.44145, 33.78462], [-79.44134, 33.78474], [-79.44123, 33.78501], [-79.44016, 33.78618], [-79.43912, 33.78714], [-79.43903, 33.7874], [-79.43871, 33.78756], [-79.43761, 33.78898], [-79.43717, 33.78934], [-79.43637, 33.78964], [-79.43547, 33.79012], [-79.43506, 33.79042], [-79.4344, 33.79076], [-79.43415, 33.79111], [-79.43401, 33.79136], [-79.43393, 33.79172], [-79.4339, 33.79221], [-79.43363, 33.79262], [-79.43344, 33.79273], [-79.43327, 33.79289], [-79.43097, 33.79424], [-79.43086, 33.79436], [-79.43036, 33.79454], [-79.42897, 33.795], [-79.42792, 33.79514], [-79.42647, 33.79521], [-79.4246, 33.79564], [-79.42362, 33.79635], [-79.42238, 33.79683], [-79.42189, 33.79722], [-79.42104, 33.79811], [-79.42052, 33.7985], [-79.41936, 33.79917], [-79.41868, 33.79944], [-79.4178, 33.79956], [-79.41613, 33.79967], [-79.41451, 33.80005], [-79.41429, 33.80011], [-79.41163, 33.80111], [-79.40987, 33.80157], [-79.40861, 33.80175], [-79.40759, 33.80184], [-79.40641, 33.8018], [-79.4048, 33.80168], [-79.40208, 33.80127], [-79.40197, 33.8012], [-79.39926, 33.80063], [-79.39827, 33.80072], [-79.39766, 33.80083], [-79.39739, 33.80097], [-79.3972, 33.80118], [-79.39719, 33.80131], [-79.39717, 33.80264], [-79.39695, 33.80294], [-79.39593, 33.80381], [-79.39538, 33.80459], [-79.39489, 33.80505], [-79.39451, 33.80525], [-79.39204, 33.80592], [-79.39039, 33.80665], [-79.38957, 33.80688], [-79.3888, 33.80729], [-79.38828, 33.8074], [-79.38795, 33.80729], [-79.38691, 33.80745], [-79.38655, 33.80768], [-79.38655, 33.8091], [-79.38619, 33.80949], [-79.38501, 33.81045], [-79.38476, 33.81065], [-79.38438, 33.81111], [-79.38405, 33.81157], [-79.38399, 33.81184], [-79.38405, 33.81256], [-79.38418, 33.81288], [-79.3846, 33.81336], [-79.38553, 33.81421], [-79.3858, 33.81457], [-79.38602, 33.81517], [-79.38602, 33.8162], [-79.3858, 33.8167], [-79.3852, 33.81746], [-79.38462, 33.81785], [-79.38402, 33.81812], [-79.38264, 33.81858], [-79.3821, 33.81862], [-79.38138, 33.81844], [-79.38116, 33.81842], [-79.38105, 33.81823], [-79.38053, 33.81791], [-79.37908, 33.81729], [-79.37804, 33.81711], [-79.37645, 33.81709], [-79.37477, 33.81745], [-79.37376, 33.81768], [-79.37184, 33.81826], [-79.37042, 33.8186], [-79.36888, 33.81876], [-79.36833, 33.81867], [-79.36773, 33.81842], [-79.36627, 33.81707], [-79.36526, 33.81618], [-79.36465, 33.81583], [-79.36413, 33.81581], [-79.36355, 33.81595], [-79.36303, 33.81574], [-79.36213, 33.81499], [-79.36213, 33.81487], [-79.3615, 33.81478], [-79.36059, 33.81485], [-79.35916, 33.81519], [-79.35686, 33.81501], [-79.35642, 33.81508], [-79.35628, 33.81517], [-79.35456, 33.81471], [-79.35348, 33.81499], [-79.35223, 33.81513], [-79.35118, 33.81474], [-79.35041, 33.81394], [-79.35023, 33.81269], [-79.34998, 33.81158], [-79.34901, 33.81092], [-79.34545, 33.80943], [-79.34423, 33.80829], [-79.3441, 33.80748], [-79.34449, 33.80607], [-79.34444, 33.80539], [-79.34383, 33.80489], [-79.34327, 33.80456], [-79.34117, 33.80417], [-79.34072, 33.80353], [-79.34039, 33.8028], [-79.3375, 33.80255], [-79.33601, 33.80262], [-79.33542, 33.80334], [-79.33489, 33.80347], [-79.33405, 33.80338], [-79.33197, 33.80467], [-79.33141, 33.80481], [-79.33121, 33.80454], [-79.33216, 33.80336], [-79.33283, 33.80251], [-79.3321, 33.80184], [-79.3308, 33.80027], [-79.32967, 33.79984], [-79.3277, 33.80026], [-79.32698, 33.80026], [-79.32629, 33.79939], [-79.32573, 33.79927], [-79.32432, 33.79912], [-79.3246, 33.79991], [-79.32474, 33.80017], [-79.32493, 33.80055], [-79.32522, 33.80165], [-79.32532, 33.802], [-79.3253, 33.80227], [-79.32501, 33.8029], [-79.32428, 33.80365], [-79.32344, 33.80396], [-79.32236, 33.80393], [-79.32167, 33.80357], [-79.32102, 33.8031], [-79.32091, 33.80277], [-79.32052, 33.80169], [-79.32026, 33.80093], [-79.32004, 33.8003], [-79.31982, 33.79967], [-79.31978, 33.79954], [-79.31917, 33.7988], [-79.31808, 33.79881], [-79.31728, 33.79932], [-79.31697, 33.80033], [-79.31772, 33.80231], [-79.31911, 33.80483], [-79.319, 33.80571], [-79.31848, 33.80571], [-79.31699, 33.80552], [-79.31551, 33.80627], [-79.31459, 33.80698], [-79.31429, 33.80857], [-79.31463, 33.81042], [-79.31509, 33.81206], [-79.31563, 33.81251], [-79.31574, 33.8126], [-79.31614, 33.81293], [-79.3168, 33.81401], [-79.31645, 33.81488], [-79.31505, 33.81583], [-79.31409, 33.81672], [-79.31378, 33.81739], [-79.31395, 33.81793], [-79.31459, 33.81826], [-79.31688, 33.81788], [-79.31801, 33.81797], [-79.31878, 33.81874], [-79.31939, 33.81971], [-79.31961, 33.82109], [-79.31962, 33.82213], [-79.31954, 33.82254], [-79.31895, 33.82349], [-79.31779, 33.82386], [-79.31527, 33.8253], [-79.31484, 33.82607], [-79.31517, 33.82681], [-79.31558, 33.82728], [-79.31598, 33.82731], [-79.31734, 33.8267], [-79.31913, 33.8255], [-79.31994, 33.8253], [-79.32054, 33.82539], [-79.32087, 33.8258], [-79.32108, 33.82667], [-79.32073, 33.82849], [-79.32071, 33.83001], [-79.32148, 33.83064], [-79.32284, 33.83002], [-79.32436, 33.82927], [-79.32592, 33.82876], [-79.32729, 33.82871], [-79.32902, 33.8287], [-79.33067, 33.82923], [-79.33201, 33.83043], [-79.33408, 33.83149], [-79.33545, 33.83199], [-79.33686, 33.83255], [-79.337, 33.83373], [-79.33652, 33.83437], [-79.33411, 33.83486], [-79.33239, 33.83524], [-79.33143, 33.83609], [-79.33204, 33.83663], [-79.33313, 33.83675], [-79.3355, 33.8366], [-79.33655, 33.83673], [-79.33728, 33.83746], [-79.33794, 33.83924], [-79.33832, 33.84052], [-79.33978, 33.84149], [-79.34312, 33.84224], [-79.34486, 33.8426], [-79.34743, 33.84258], [-79.34915, 33.84206], [-79.35027, 33.84114], [-79.35118, 33.83999], [-79.35117, 33.83918], [-79.35111, 33.8371], [-79.35229, 33.83483], [-79.35377, 33.83408], [-79.35506, 33.83434], [-79.35564, 33.83562], [-79.35565, 33.83713], [-79.35463, 33.83875], [-79.35339, 33.83954], [-79.353, 33.84055], [-79.35349, 33.84115], [-79.35537, 33.8409], [-79.35691, 33.84183], [-79.35808, 33.84237], [-79.36058, 33.84245], [-79.36383, 33.84182], [-79.36624, 33.84202], [-79.36641, 33.84204], [-79.36834, 33.84293], [-79.37049, 33.8449], [-79.37142, 33.8462], [-79.37215, 33.84851], [-79.37324, 33.85053], [-79.37385, 33.85176], [-79.37474, 33.8527], [-79.37546, 33.85316], [-79.37688, 33.85408], [-79.3783, 33.855], [-79.37887, 33.85537], [-79.3799, 33.85672], [-79.38081, 33.85869], [-79.3818, 33.85995], [-79.38222, 33.86019], [-79.3831, 33.86067], [-79.38555, 33.86184], [-79.38578, 33.86201], [-79.38748, 33.86329], [-79.38883, 33.86489], [-79.38898, 33.86519], [-79.38951, 33.86621], [-79.38969, 33.86676], [-79.38979, 33.86708], [-79.38981, 33.86804], [-79.38952, 33.86875], [-79.38868, 33.86981], [-79.38821, 33.87073], [-79.38834, 33.87158], [-79.38923, 33.87277], [-79.38952, 33.8732], [-79.39053, 33.87361], [-79.39117, 33.87386], [-79.3934, 33.87406], [-79.39494, 33.87447], [-79.39496, 33.87447], [-79.3959, 33.87483], [-79.3967, 33.87512], [-79.3968, 33.87516], [-79.39862, 33.87721], [-79.39867, 33.87792], [-79.39845, 33.87847], [-79.39812, 33.87961], [-79.39839, 33.88024], [-79.39897, 33.88067], [-79.39949, 33.88099], [-79.40039, 33.88118], [-79.40112, 33.88117], [-79.40231, 33.8811], [-79.40244, 33.88112], [-79.40275, 33.88119], [-79.40313, 33.88128], [-79.40337, 33.88134], [-79.40361, 33.88139], [-79.40428, 33.88155], [-79.40705, 33.88236], [-79.40722, 33.88249], [-79.40826, 33.88323], [-79.40939, 33.88463], [-79.40984, 33.88529], [-79.40968, 33.88576], [-79.40868, 33.88634], [-79.40708, 33.88699], [-79.40682, 33.88703], [-79.40428, 33.88745], [-79.40413, 33.8875], [-79.40112, 33.88844], [-79.39962, 33.88942], [-79.39917, 33.89022], [-79.39981, 33.89144], [-79.40042, 33.89224], [-79.40131, 33.89279], [-79.40135, 33.89281], [-79.40141, 33.89281], [-79.40315, 33.89292], [-79.40676, 33.89296], [-79.41073, 33.89249], [-79.41257, 33.89235], [-79.41482, 33.89286], [-79.41599, 33.89334], [-79.41626, 33.89345], [-79.41653, 33.89356], [-79.41659, 33.89359], [-79.41906, 33.89459], [-79.42187, 33.89563], [-79.42317, 33.8961], [-79.42447, 33.89658], [-79.42482, 33.89671], [-79.42517, 33.89684], [-79.42616, 33.89696], [-79.42715, 33.89708], [-79.42718, 33.89709], [-79.429, 33.89781], [-79.42926, 33.8981], [-79.42989, 33.89881], [-79.4305, 33.89958], [-79.4306, 33.90017], [-79.43061, 33.90024], [-79.43064, 33.90039], [-79.43005, 33.90217], [-79.43041, 33.90331], [-79.43117, 33.90374], [-79.43166, 33.90387], [-79.43206, 33.90397], [-79.43261, 33.90368], [-79.43379, 33.903], [-79.43415, 33.90309], [-79.43485, 33.90328], [-79.43558, 33.90362], [-79.43572, 33.90365], [-79.43582, 33.90368], [-79.43624, 33.9038], [-79.4364, 33.90407], [-79.43642, 33.9041], [-79.43648, 33.9042], [-79.43653, 33.90429], [-79.43669, 33.90456], [-79.4367, 33.90465], [-79.43676, 33.90542], [-79.43678, 33.90569], [-79.43727, 33.90724], [-79.43799, 33.90796], [-79.4382, 33.90818], [-79.4385, 33.90831], [-79.43941, 33.90874], [-79.43958, 33.90877], [-79.44147, 33.90915], [-79.44496, 33.91019], [-79.44692, 33.91064], [-79.4486, 33.91131], [-79.44932, 33.9122], [-79.44933, 33.91221], [-79.44972, 33.91257], [-79.45099, 33.91377], [-79.45221, 33.91484], [-79.45233, 33.91557], [-79.45174, 33.91696], [-79.44983, 33.91969], [-79.44972, 33.92023], [-79.45021, 33.92087], [-79.45094, 33.92194], [-79.45127, 33.9227], [-79.45127, 33.92348], [-79.45201, 33.92465], [-79.45317, 33.92511], [-79.45426, 33.92493], [-79.45534, 33.92442], [-79.45682, 33.92339], [-79.45706, 33.92306], [-79.45697, 33.92245], [-79.45681, 33.92165], [-79.45692, 33.92094], [-79.45764, 33.92006], [-79.45836, 33.92005], [-79.45961, 33.92078], [-79.4599, 33.92192], [-79.4598, 33.92364], [-79.46002, 33.92588], [-79.46145, 33.92903], [-79.46276, 33.9314], [-79.4628, 33.93149], [-79.46284, 33.93158], [-79.46292, 33.93177], [-79.46364, 33.9318], [-79.4642, 33.93149], [-79.46444, 33.93046], [-79.46505, 33.92962], [-79.46647, 33.92861], [-79.46812, 33.92813], [-79.46944, 33.92828], [-79.46977, 33.92832], [-79.47016, 33.92845], [-79.47202, 33.9291], [-79.47368, 33.93003], [-79.47395, 33.93024], [-79.47485, 33.93094], [-79.47575, 33.93165], [-79.47627, 33.93205], [-79.4768, 33.93262], [-79.4768, 33.93276], [-79.4768, 33.93294], [-79.4768, 33.93311], [-79.4768, 33.93343], [-79.4749, 33.93486], [-79.47465, 33.93573], [-79.4749, 33.93687], [-79.47537, 33.93796], [-79.4754, 33.93801], [-79.4758, 33.93827], [-79.47612, 33.93828], [-79.47697, 33.93786], [-79.47774, 33.93744], [-79.4778, 33.93741], [-79.47888, 33.93693], [-79.4807, 33.93698], [-79.48225, 33.93745], [-79.48255, 33.93754], [-79.48263, 33.93759], [-79.48429, 33.93863], [-79.48495, 33.93954], [-79.48514, 33.9398], [-79.48613, 33.94254], [-79.48718, 33.94344], [-79.49018, 33.94536], [-79.49104, 33.94601], [-79.49171, 33.94652], [-79.49194, 33.94691], [-79.49278, 33.94836], [-79.49279, 33.94848], [-79.49291, 33.94974], [-79.4928, 33.95091], [-79.49212, 33.95237], [-79.49201, 33.9526], [-79.49157, 33.95303], [-79.48985, 33.9547], [-79.48835, 33.95583], [-79.48738, 33.95654], [-79.48642, 33.95726], [-79.48634, 33.95732], [-79.48326, 33.95984], [-79.48295, 33.96027], [-79.48191, 33.9617], [-79.48144, 33.96345], [-79.48146, 33.96392], [-79.48148, 33.96422], [-79.48149, 33.96469], [-79.48165, 33.9651], [-79.48176, 33.96539], [-79.48181, 33.96553], [-79.48198, 33.96595], [-79.48203, 33.9661], [-79.48206, 33.96617], [-79.48207, 33.9662], [-79.48223, 33.96635], [-79.48229, 33.96641], [-79.48341, 33.96749], [-79.4847, 33.96825], [-79.48494, 33.96831], [-79.48627, 33.96864], [-79.49223, 33.96892], [-79.49478, 33.96914], [-79.4961, 33.96926], [-79.49779, 33.96988], [-79.49794, 33.96998], [-79.49803, 33.97005], [-79.4983, 33.97023], [-79.49839, 33.9703], [-79.49867, 33.97049], [-79.4995, 33.97107], [-79.49978, 33.97127], [-79.50011, 33.97168], [-79.50043, 33.9721], [-79.50303, 33.97538], [-79.50392, 33.97663], [-79.50573, 33.97918], [-79.50628, 33.98074], [-79.50654, 33.98234], [-79.50729, 33.98469], [-79.50834, 33.98656], [-79.50947, 33.98771], [-79.51113, 33.98912], [-79.51274, 33.99048], [-79.51285, 33.99057], [-79.51486, 33.99225], [-79.51538, 33.99268], [-79.51687, 33.99392], [-79.51694, 33.99398], [-79.51696, 33.99404], [-79.51712, 33.99446], [-79.51713, 33.99543], [-79.51696, 33.99605], [-79.5165, 33.99662], [-79.51543, 33.9975], [-79.515, 33.99778], [-79.51441, 33.99816], [-79.51426, 33.99826], [-79.51202, 33.99968], [-79.51127, 34.00016], [-79.51127, 34.00025], [-79.51108, 34.00051], [-79.51068, 34.00104], [-79.50946, 34.00267], [-79.50891, 34.00372], [-79.5089, 34.00375], [-79.50869, 34.00477], [-79.50865, 34.00499], [-79.50898, 34.00637], [-79.5095, 34.00737], [-79.51005, 34.00827], [-79.51122, 34.00924], [-79.51226, 34.01055], [-79.51251, 34.01121], [-79.51255, 34.01133], [-79.51274, 34.01181], [-79.51281, 34.0129], [-79.51282, 34.01345], [-79.51282, 34.01376], [-79.51264, 34.01446], [-79.51126, 34.01739], [-79.51095, 34.01832], [-79.5109, 34.01847], [-79.51078, 34.01978], [-79.51081, 34.02003], [-79.5109, 34.02078], [-79.5112, 34.02193], [-79.51192, 34.02374], [-79.51223, 34.02453], [-79.51274, 34.02618], [-79.513, 34.02765], [-79.51347, 34.03096], [-79.51353, 34.03132], [-79.51357, 34.03214], [-79.51345, 34.03285], [-79.51322, 34.03337], [-79.51295, 34.03397], [-79.51172, 34.03672], [-79.51124, 34.03794], [-79.51104, 34.0394], [-79.51112, 34.03988], [-79.51118, 34.04024], [-79.51138, 34.04075], [-79.51145, 34.04093], [-79.51181, 34.04124], [-79.51283, 34.04211], [-79.51343, 34.04292], [-79.51342, 34.04405], [-79.51341, 34.04409], [-79.51302, 34.04515], [-79.51286, 34.04605], [-79.51305, 34.04675], [-79.5134, 34.04699], [-79.51382, 34.04726], [-79.51425, 34.04731], [-79.51474, 34.0473], [-79.5152, 34.04732], [-79.51596, 34.04739], [-79.51653, 34.04765], [-79.51693, 34.04783], [-79.51749, 34.04828], [-79.51779, 34.04876], [-79.51785, 34.04885], [-79.51804, 34.04939], [-79.51813, 34.05019], [-79.51827, 34.05112], [-79.51828, 34.05116], [-79.51828, 34.05117], [-79.51865, 34.05199], [-79.51882, 34.05232], [-79.51901, 34.05268], [-79.51989, 34.05355], [-79.52081, 34.05442], [-79.52149, 34.05553], [-79.52171, 34.0563], [-79.52172, 34.05716], [-79.52166, 34.0574], [-79.5214, 34.05836], [-79.52114, 34.05932], [-79.52111, 34.05942], [-79.52112, 34.05946], [-79.52121, 34.0603], [-79.5214, 34.06073], [-79.52142, 34.06076], [-79.52157, 34.06091], [-79.52183, 34.06118], [-79.52231, 34.06138], [-79.52325, 34.06145], [-79.52464, 34.06167], [-79.52581, 34.06226], [-79.52593, 34.06233], [-79.52691, 34.06288], [-79.52699, 34.06301], [-79.52702, 34.06306], [-79.52705, 34.06311], [-79.5271, 34.0632], [-79.52716, 34.06329], [-79.52769, 34.06415], [-79.52776, 34.06432], [-79.52783, 34.06503], [-79.52765, 34.0654], [-79.52756, 34.06558], [-79.52687, 34.0662], [-79.52675, 34.0664], [-79.52626, 34.06725], [-79.52621, 34.06757], [-79.52613, 34.06805], [-79.5266, 34.06927], [-79.52688, 34.06959], [-79.52735, 34.07014], [-79.52825, 34.07097], [-79.52917, 34.07138], [-79.52924, 34.07139], [-79.53015, 34.0716], [-79.53109, 34.07175], [-79.5322, 34.07195], [-79.53355, 34.07242], [-79.53359, 34.07243], [-79.53449, 34.07278], [-79.53551, 34.07355], [-79.53585, 34.07411], [-79.53606, 34.07486], [-79.53607, 34.07511], [-79.53607, 34.07534], [-79.53596, 34.07584], [-79.53591, 34.07609], [-79.53569, 34.07648], [-79.53525, 34.07689], [-79.53488, 34.07719], [-79.53434, 34.07745], [-79.53413, 34.07756], [-79.53335, 34.07775], [-79.53223, 34.07804], [-79.53215, 34.07806], [-79.53145, 34.07835], [-79.53073, 34.07875], [-79.53033, 34.0792], [-79.53028, 34.07926], [-79.52979, 34.08], [-79.52973, 34.08053], [-79.52972, 34.08126], [-79.52972, 34.08131], [-79.52974, 34.0814], [-79.52994, 34.08217], [-79.5303, 34.08376], [-79.53042, 34.08487], [-79.53072, 34.08731], [-79.53068, 34.0892], [-79.53085, 34.09256], [-79.53086, 34.09449], [-79.5307, 34.09497], [-79.53026, 34.09586], [-79.5299, 34.09673], [-79.52958, 34.0972], [-79.5294, 34.09823], [-79.52952, 34.099], [-79.52943, 34.09984], [-79.52906, 34.10025], [-79.52851, 34.1004], [-79.52839, 34.10041], [-79.52823, 34.10043], [-79.5277, 34.10037], [-79.52714, 34.09998], [-79.52641, 34.09941], [-79.52538, 34.0992], [-79.52483, 34.09915], [-79.52263, 34.09917], [-79.52198, 34.09913], [-79.52188, 34.09912], [-79.52135, 34.09902], [-79.52041, 34.09848], [-79.51853, 34.097], [-79.51737, 34.09622], [-79.517, 34.09618], [-79.51636, 34.09628], [-79.51585, 34.09655], [-79.51548, 34.09695], [-79.51531, 34.09721], [-79.51529, 34.09752], [-79.51541, 34.09793], [-79.51544, 34.09805], [-79.51548, 34.09817], [-79.51569, 34.09844], [-79.51729, 34.09955], [-79.51856, 34.10057], [-79.51923, 34.10157], [-79.5198, 34.10244], [-79.51994, 34.10295], [-79.51973, 34.10335], [-79.51942, 34.1035], [-79.51889, 34.10369], [-79.51823, 34.10375], [-79.51815, 34.10375], [-79.51757, 34.10371], [-79.51712, 34.10345], [-79.5159, 34.10313], [-79.51547, 34.10305], [-79.51482, 34.10327], [-79.51445, 34.10367], [-79.51429, 34.10413], [-79.51414, 34.10453], [-79.5143, 34.1051], [-79.51451, 34.10547], [-79.51941, 34.10707], [-79.52019, 34.10733], [-79.52092, 34.10774], [-79.52086, 34.10831], [-79.5206, 34.10853], [-79.52045, 34.1087], [-79.52006, 34.10897], [-79.51998, 34.10902], [-79.51865, 34.10954], [-79.51829, 34.10981], [-79.51815, 34.11053], [-79.51812, 34.11085], [-79.51833, 34.11118], [-79.51838, 34.11122], [-79.51862, 34.11141], [-79.51963, 34.11169], [-79.52138, 34.11196], [-79.52244, 34.11231], [-79.52323, 34.11289], [-79.52388, 34.11376], [-79.52431, 34.1147], [-79.52458, 34.11558], [-79.52455, 34.11674], [-79.52425, 34.11758], [-79.52378, 34.11837], [-79.5228, 34.11949], [-79.52224, 34.12001], [-79.52155, 34.12087], [-79.52016, 34.12384], [-79.5195, 34.12443], [-79.51821, 34.12516], [-79.51806, 34.12532], [-79.51757, 34.12583], [-79.5172, 34.12627], [-79.51721, 34.12677], [-79.51757, 34.12741], [-79.51781, 34.12774], [-79.51846, 34.12814], [-79.51898, 34.12827], [-79.51947, 34.12823], [-79.51991, 34.12813], [-79.52046, 34.12792], [-79.5215, 34.12718], [-79.52277, 34.12587], [-79.52454, 34.12516], [-79.52504, 34.12503], [-79.52562, 34.1249], [-79.52625, 34.12487], [-79.5271, 34.12479], [-79.52789, 34.12481], [-79.52835, 34.12482], [-79.52882, 34.12484], [-79.5294, 34.12485], [-79.52945, 34.12485], [-79.52988, 34.12484], [-79.53028, 34.12498], [-79.53031, 34.12498], [-79.53039, 34.125], [-79.53103, 34.12516], [-79.53127, 34.12536], [-79.53186, 34.12582], [-79.53245, 34.12629], [-79.53248, 34.12631], [-79.53249, 34.12634], [-79.53309, 34.12775], [-79.53349, 34.12915], [-79.53372, 34.12996], [-79.53378, 34.13016], [-79.53302, 34.13194], [-79.53242, 34.13372], [-79.5323, 34.13473], [-79.53259, 34.1357], [-79.53331, 34.13633], [-79.5342, 34.1368], [-79.53444, 34.13686], [-79.53563, 34.13717], [-79.53597, 34.13726], [-79.53759, 34.13762], [-79.53923, 34.13805], [-79.54021, 34.1383], [-79.54162, 34.13917], [-79.54177, 34.13938], [-79.54256, 34.14054], [-79.54393, 34.14237], [-79.5445, 34.14378], [-79.54422, 34.14553], [-79.54362, 34.14717], [-79.54359, 34.14845], [-79.54366, 34.14945], [-79.54371, 34.15012], [-79.54396, 34.1517], [-79.54461, 34.15267], [-79.5457, 34.15377], [-79.548, 34.15513], [-79.5505, 34.15612], [-79.55248, 34.15691], [-79.55305, 34.15725], [-79.55382, 34.15771], [-79.55442, 34.15807], [-79.5551, 34.15897], [-79.55551, 34.15951], [-79.55632, 34.16111], [-79.55738, 34.16332], [-79.55888, 34.1661], [-79.56033, 34.16827], [-79.56191, 34.17007], [-79.56446, 34.172], [-79.56612, 34.17323], [-79.56822, 34.17445], [-79.56898, 34.17509], [-79.56943, 34.17572], [-79.56992, 34.17673], [-79.57041, 34.1787], [-79.57122, 34.18141], [-79.57183, 34.18369], [-79.57188, 34.18537], [-79.57124, 34.18731], [-79.57024, 34.1889], [-79.56939, 34.18995], [-79.56899, 34.19045], [-79.56602, 34.19339], [-79.563, 34.19612], [-79.56095, 34.19768], [-79.55954, 34.19846], [-79.55817, 34.1988], [-79.55635, 34.19908], [-79.55462, 34.19969], [-79.55261, 34.20048], [-79.55067, 34.20136], [-79.54935, 34.20274], [-79.54888, 34.20351], [-79.54861, 34.20395], [-79.54861, 34.20396], [-79.54855, 34.20405], [-79.54852, 34.2041], [-79.54837, 34.20434], [-79.54832, 34.20443], [-79.54822, 34.20466], [-79.54816, 34.2048], [-79.54781, 34.20563], [-79.54745, 34.2065], [-79.54744, 34.20652], [-79.54701, 34.20744], [-79.54652, 34.20852], [-79.54573, 34.21081], [-79.54519, 34.21315], [-79.54437, 34.21755], [-79.54416, 34.21904], [-79.54404, 34.21968], [-79.54416, 34.2211], [-79.54399, 34.22247], [-79.54407, 34.22349], [-79.54404, 34.22519], [-79.54458, 34.22626], [-79.54594, 34.22804], [-79.54793, 34.23091], [-79.54842, 34.2325], [-79.54931, 34.23417], [-79.55145, 34.23661], [-79.55395, 34.23971], [-79.55549, 34.24178], [-79.55621, 34.24373], [-79.5567, 34.24503], [-79.55731, 34.2465], [-79.55923, 34.25009], [-79.55983, 34.25128], [-79.56002, 34.25264], [-79.56044, 34.25469], [-79.56069, 34.25594], [-79.56157, 34.25794], [-79.56208, 34.25852], [-79.564, 34.25914], [-79.56602, 34.25958], [-79.56761, 34.26], [-79.56902, 34.26063], [-79.57098, 34.26206], [-79.57156, 34.26267], [-79.57238, 34.26449], [-79.57322, 34.26737], [-79.57416, 34.26936], [-79.57553, 34.27135], [-79.57666, 34.27259], [-79.57799, 34.27331], [-79.58017, 34.27422], [-79.58223, 34.27558], [-79.58364, 34.27691], [-79.58591, 34.27991], [-79.58719, 34.28138], [-79.5897, 34.28317], [-79.59251, 34.28467], [-79.59513, 34.286], [-79.59648, 34.28697], [-79.59775, 34.28816], [-79.59897, 34.28922], [-79.601, 34.29053], [-79.60217, 34.29096], [-79.60477, 34.29169], [-79.60772, 34.29269], [-79.61023, 34.29383], [-79.61163, 34.2946], [-79.61268, 34.29499], [-79.61487, 34.29576], [-79.61625, 34.29633], [-79.61761, 34.29717], [-79.6186, 34.29778], [-79.62016, 34.2985], [-79.62208, 34.29965], [-79.62386, 34.30056], [-79.62478, 34.30079], [-79.62518, 34.30087], [-79.62572, 34.3009], [-79.62658, 34.30094], [-79.62719, 34.30082], [-79.62775, 34.30055], [-79.6279, 34.30037], [-79.62795, 34.30032], [-79.62813, 34.30015], [-79.62967, 34.29745], [-79.63016, 34.29707], [-79.63112, 34.29685], [-79.63224, 34.29701], [-79.63289, 34.29741], [-79.63341, 34.29799], [-79.63375, 34.29837], [-79.63401, 34.29919], [-79.63402, 34.29925], [-79.63403, 34.2993], [-79.63442, 34.30033], [-79.63451, 34.3005], [-79.63473, 34.30081], [-79.63491, 34.30104], [-79.63512, 34.30121], [-79.63537, 34.3013], [-79.63598, 34.30122], [-79.63679, 34.30077], [-79.63748, 34.30045], [-79.63795, 34.30023], [-79.63972, 34.29991], [-79.64043, 34.2997], [-79.64175, 34.29976], [-79.64278, 34.30019], [-79.6435, 34.30059], [-79.64446, 34.30119], [-79.6459, 34.3017], [-79.64754, 34.30222], [-79.65066, 34.30306], [-79.65341, 34.30412], [-79.6546, 34.30429], [-79.6558, 34.30433], [-79.65679, 34.30449], [-79.6574, 34.30469], [-79.65769, 34.30495], [-79.65776, 34.30519], [-79.65894, 34.30518], [-79.65982, 34.30527], [-79.66051, 34.3055], [-79.66101, 34.30587], [-79.66137, 34.30637], [-79.66172, 34.30715], [-79.66205, 34.30749], [-79.66239, 34.30758], [-79.66297, 34.30749], [-79.66534, 34.30628], [-79.66667, 34.30543], [-79.66799, 34.30445], [-79.66854, 34.30417], [-79.6694, 34.30394], [-79.67067, 34.30401], [-79.67108, 34.30376], [-79.67158, 34.3036], [-79.67213, 34.30273], [-79.67216, 34.30236], [-79.67224, 34.30122], [-79.67252, 34.30071], [-79.67307, 34.30005], [-79.67392, 34.29927], [-79.6742, 34.29891], [-79.67437, 34.29815], [-79.67467, 34.2976], [-79.67553, 34.29728], [-79.67575, 34.2971], [-79.67591, 34.2963], [-79.67558, 34.29593], [-79.6752, 34.2957], [-79.67517, 34.29554], [-79.67531, 34.29517], [-79.67542, 34.29519], [-79.67635, 34.29451], [-79.67699, 34.29366], [-79.67831, 34.29258], [-79.67842, 34.29229], [-79.67831, 34.29153], [-79.67887, 34.29084], [-79.67875, 34.2897], [-79.67856, 34.28915], [-79.67845, 34.28908], [-79.67848, 34.28883], [-79.67873, 34.28823], [-79.67922, 34.2878], [-79.68185, 34.28684], [-79.68234, 34.28647], [-79.68287, 34.28546], [-79.68397, 34.28482], [-79.68455, 34.28459], [-79.6856, 34.28443], [-79.68681, 34.28436], [-79.68858, 34.28457], [-79.68941, 34.2848], [-79.69023, 34.28519], [-79.69084, 34.28562], [-79.69187, 34.28603], [-79.69194, 34.28606], [-79.6923, 34.2861], [-79.69349, 34.28693], [-79.69653, 34.28862], [-79.6968, 34.28883], [-79.69785, 34.28926], [-79.69931, 34.28926], [-79.70086, 34.28903], [-79.70226, 34.28915], [-79.70242, 34.28917], [-79.70301, 34.28922], [-79.70365, 34.28952], [-79.70392, 34.28974], [-79.70569, 34.29061], [-79.70671, 34.29093], [-79.70831, 34.29125], [-79.71121, 34.29123], [-79.71374, 34.29155], [-79.71656, 34.29208], [-79.71846, 34.29281], [-79.71979, 34.29308], [-79.72139, 34.2937], [-79.72191, 34.294], [-79.72244, 34.29464], [-79.7226, 34.29469], [-79.72275, 34.29484], [-79.72288, 34.29498], [-79.72351, 34.29583], [-79.72399, 34.29645], [-79.72429, 34.29679], [-79.72478, 34.29699], [-79.72511, 34.29689], [-79.72549, 34.29669], [-79.72612, 34.29632], [-79.72688, 34.29591], [-79.72757, 34.29544], [-79.72834, 34.29523], [-79.72957, 34.29519], [-79.73053, 34.29331], [-79.73071, 34.29294], [-79.73223, 34.28985], [-79.73245, 34.28953], [-79.7344, 34.28572], [-79.73597, 34.28266], [-79.73755, 34.27958], [-79.73756, 34.27957], [-79.73919, 34.27639], [-79.74621, 34.26265], [-79.7465, 34.2621], [-79.74675, 34.2616], [-79.74718, 34.26077], [-79.74803, 34.25911], [-79.74832, 34.25853], [-79.74864, 34.25792], [-79.74864, 34.25791], [-79.74978, 34.25568], [-79.75013, 34.25493], [-79.75078, 34.25352], [-79.75256, 34.25062], [-79.75248, 34.24725], [-79.74948, 34.24635], [-79.74938, 34.24505], [-79.75349, 34.24555], [-79.7536, 34.24559], [-79.75363, 34.2456], [-79.75379, 34.24564], [-79.75628, 34.24635], [-79.75838, 34.24675], [-79.75958, 34.24605], [-79.76388, 34.24685], [-79.76404, 34.2469], [-79.76465, 34.24707], [-79.76611, 34.24749], [-79.7664, 34.24757], [-79.76644, 34.24758], [-79.76713, 34.24778], [-79.76736, 34.24784], [-79.77128, 34.24895], [-79.77268, 34.24815], [-79.77678, 34.24905], [-79.78068, 34.24885], [-79.78217, 34.24902], [-79.78518, 34.24935], [-79.7852, 34.24936], [-79.78533, 34.24939], [-79.78551, 34.24943], [-79.78588, 34.24952], [-79.79029, 34.25056], [-79.79788, 34.25465], [-79.79794, 34.25471], [-79.79797, 34.25474], [-79.79804, 34.25477], [-79.79842, 34.25476], [-79.79886, 34.25476], [-79.79935, 34.25478], [-79.79999, 34.25481], [-79.80076, 34.25493], [-79.80108, 34.25495], [-79.80127, 34.25492], [-79.80148, 34.25488], [-79.80162, 34.25478], [-79.80191, 34.25463], [-79.80223, 34.25445], [-79.80252, 34.25428], [-79.80281, 34.25415], [-79.8031, 34.25402], [-79.80331, 34.25393], [-79.80359, 34.25387], [-79.80388, 34.25379], [-79.80409, 34.25375], [-79.80422, 34.25367], [-79.8044, 34.25359], [-79.80461, 34.25348], [-79.80486, 34.25336], [-79.80516, 34.25328], [-79.8056, 34.25315], [-79.80603, 34.25304], [-79.80629, 34.25303], [-79.80658, 34.25295], [-79.80685, 34.25288], [-79.8073, 34.25282], [-79.80757, 34.25277], [-79.80783, 34.25271], [-79.80803, 34.25258], [-79.80829, 34.25251], [-79.80841, 34.25244], [-79.8085, 34.25242], [-79.8087, 34.25244], [-79.8089, 34.25246], [-79.80902, 34.25244], [-79.80907, 34.25235], [-79.80907, 34.25224], [-79.80902, 34.25202], [-79.80905, 34.25193], [-79.80907, 34.25184], [-79.80916, 34.25177], [-79.80927, 34.25174], [-79.80946, 34.25165], [-79.80966, 34.25151], [-79.80994, 34.25129], [-79.81044, 34.25094], [-79.81061, 34.25081], [-79.81078, 34.25062], [-79.81101, 34.25039], [-79.81128, 34.25034], [-79.81137, 34.25032], [-79.81123, 34.25003], [-79.81151, 34.24974], [-79.81169, 34.24948], [-79.81183, 34.24927], [-79.81183, 34.24912], [-79.81197, 34.24892], [-79.8122, 34.24868], [-79.81252, 34.24842], [-79.8127, 34.24834], [-79.81297, 34.24829], [-79.81323, 34.24817], [-79.81359, 34.24801], [-79.81401, 34.2479], [-79.8143, 34.24779], [-79.81438, 34.24767], [-79.81441, 34.2475], [-79.81444, 34.24737], [-79.81458, 34.2472], [-79.81476, 34.24706], [-79.81494, 34.24698], [-79.81569, 34.24676], [-79.81622, 34.24663], [-79.81636, 34.24644], [-79.81648, 34.24627], [-79.81668, 34.24614], [-79.8169, 34.24605], [-79.81713, 34.24598], [-79.81737, 34.24598], [-79.81752, 34.24596], [-79.8178, 34.24586], [-79.81795, 34.24585], [-79.81827, 34.24586], [-79.81851, 34.24587], [-79.81859, 34.24562], [-79.81906, 34.24535], [-79.81913, 34.24531], [-79.81932, 34.24517], [-79.81936, 34.24514], [-79.81945, 34.24508], [-79.81948, 34.24506], [-79.8197, 34.2449], [-79.8228, 34.24294], [-79.83748, 34.23365], [-79.84732, 34.22742], [-79.84954, 34.22601], [-79.85158, 34.22472], [-79.8546, 34.22281], [-79.85948, 34.21972], [-79.86243, 34.21786], [-79.86867, 34.2139], [-79.87267, 34.21136], [-79.87303, 34.21115], [-79.87409, 34.21047], [-79.8745, 34.21022], [-79.87592, 34.20932], [-79.87742, 34.20837], [-79.87751, 34.20831], [-79.87983, 34.20684], [-79.88096, 34.20612], [-79.88431, 34.204], [-79.88482, 34.20368], [-79.88934, 34.20082], [-79.89018, 34.20029], [-79.89079, 34.1999], [-79.89332, 34.1983], [-79.89542, 34.19697], [-79.90333, 34.19196], [-79.90454, 34.19119], [-79.90462, 34.19114], [-79.90511, 34.19085], [-79.90541, 34.19064], [-79.90714, 34.18955], [-79.9088, 34.18849], [-79.91398, 34.18522]]]}, "properties": {"GEOID": "45041", "NAME": "Florence County", "facts": {"population": 137117.0, "median_age": 39.4, "median_household_income": 58305.0, "poverty_rate_pct": 18.7, "unemployment_rate_pct": 5.6, "renter_share_pct": 35.5}, "factsSource": "US Census ACS 2024 5-year estimates"}}]}