{"type": "FeatureCollection", "features": [{"type": "Feature", "geometry": {"type": "Polygon", "coordinates": [[[-79.753, 33.91726], [-79.753, 33.91705], [-79.75299, 33.91683], [-79.75297, 33.91661], [-79.75295, 33.9164], [-79.75292, 33.91619], [-79.75288, 33.91599], [-79.75283, 33.91578], [-79.75278, 33.91562], [-79.75274, 33.91545], [-79.75268, 33.91528], [-79.75263, 33.91511], [-79.75257, 33.91496], [-79.75251, 33.9148], [-79.75244, 33.91464], [-79.75238, 33.91449], [-79.7523, 33.91434], [-79.75222, 33.91418], [-79.75214, 33.91403], [-79.75208, 33.91393], [-79.75205, 33.91388], [-79.75196, 33.91374], [-79.75187, 33.91359], [-79.75177, 33.91345], [-79.75166, 33.9133], [-79.75156, 33.91316], [-79.75144, 33.91303], [-79.75133, 33.91289], [-79.75121, 33.91276], [-79.75114, 33.91268], [-79.75064, 33.91222], [-79.75045, 33.91206], [-79.75025, 33.91191], [-79.75004, 33.91176], [-79.74983, 33.91161], [-79.74961, 33.91147], [-79.74939, 33.91134], [-79.74916, 33.91121], [-79.74893, 33.91109], [-79.74869, 33.91097], [-79.74845, 33.91086], [-79.74821, 33.91075], [-79.74796, 33.91065], [-79.74771, 33.91056], [-79.74747, 33.91048], [-79.74746, 33.91048], [-79.74739, 33.91045], [-79.74731, 33.91043], [-79.7472, 33.9104], [-79.74694, 33.91033], [-79.74668, 33.91026], [-79.74641, 33.9102], [-79.74617, 33.91015], [-79.74588, 33.9101], [-79.7456, 33.91007], [-79.74533, 33.91003], [-79.74506, 33.91001], [-79.74438, 33.91006], [-79.7441, 33.91008], [-79.74398, 33.91008], [-79.74384, 33.91009], [-79.74358, 33.91011], [-79.74331, 33.91014], [-79.74305, 33.91018], [-79.74279, 33.91022], [-79.74253, 33.91027], [-79.74227, 33.91033], [-79.74201, 33.91039], [-79.74176, 33.91046], [-79.7415, 33.91053], [-79.74125, 33.91061], [-79.74101, 33.9107], [-79.74077, 33.9108], [-79.74053, 33.91089], [-79.74029, 33.911], [-79.74006, 33.91111], [-79.73983, 33.91122], [-79.73966, 33.91132], [-79.73939, 33.91147], [-79.73916, 33.91162], [-79.73895, 33.91178], [-79.73874, 33.91194], [-79.73853, 33.91211], [-79.73833, 33.91228], [-79.73813, 33.91245], [-79.73795, 33.91263], [-79.73777, 33.91282], [-79.73759, 33.91301], [-79.73742, 33.9132], [-79.73726, 33.9134], [-79.73711, 33.9136], [-79.73696, 33.91381], [-79.73682, 33.91402], [-79.73645, 33.91467], [-79.73615, 33.91534], [-79.73607, 33.91557], [-79.73599, 33.9158], [-79.73592, 33.91603], [-79.73586, 33.91626], [-79.73581, 33.9165], [-79.73583, 33.91684], [-79.73571, 33.91732], [-79.73553, 33.91734], [-79.73551, 33.91734], [-79.73524, 33.91739], [-79.73517, 33.9174], [-79.73483, 33.91746], [-79.73382, 33.91768], [-79.7334, 33.91777], [-79.73267, 33.91793], [-79.73238, 33.91798], [-79.73212, 33.91802], [-79.73178, 33.91805], [-79.73171, 33.91805], [-79.73178, 33.91835], [-79.7318, 33.91849], [-79.73195, 33.91922], [-79.73199, 33.91943], [-79.73209, 33.91942], [-79.73221, 33.9194], [-79.73237, 33.91937], [-79.73307, 33.91924], [-79.7341, 33.91905], [-79.73443, 33.91899], [-79.73449, 33.91898], [-79.73483, 33.91892], [-79.73489, 33.91891], [-79.73516, 33.91886], [-79.73584, 33.91874], [-79.73595, 33.91872], [-79.73601, 33.91893], [-79.73608, 33.91913], [-79.73616, 33.91934], [-79.73624, 33.91954], [-79.73633, 33.91974], [-79.73643, 33.91994], [-79.73654, 33.92013], [-79.73665, 33.92032], [-79.73677, 33.92051], [-79.7369, 33.9207], [-79.73716, 33.92105], [-79.73731, 33.92123], [-79.73745, 33.9214], [-79.73762, 33.92157], [-79.7378, 33.92177], [-79.73791, 33.92189], [-79.73797, 33.92195], [-79.73804, 33.92202], [-79.73806, 33.92204], [-79.73796, 33.92217], [-79.73858, 33.92252], [-79.73886, 33.9227], [-79.73905, 33.92282], [-79.73923, 33.92293], [-79.73942, 33.92304], [-79.73962, 33.92315], [-79.73962, 33.92322], [-79.73962, 33.92324], [-79.73948, 33.92323], [-79.7394, 33.92323], [-79.73927, 33.92324], [-79.73914, 33.92322], [-79.73887, 33.92321], [-79.73885, 33.92349], [-79.73883, 33.92376], [-79.73927, 33.92379], [-79.73957, 33.92381], [-79.73986, 33.92383], [-79.74012, 33.92385], [-79.74045, 33.92387], [-79.74062, 33.92388], [-79.74078, 33.92389], [-79.74091, 33.9239], [-79.7411, 33.92381], [-79.7411, 33.92391], [-79.74136, 33.92389], [-79.74137, 33.92388], [-79.74143, 33.9239], [-79.74158, 33.92394], [-79.74179, 33.924], [-79.74201, 33.92406], [-79.74218, 33.9241], [-79.74222, 33.92411], [-79.74228, 33.92412], [-79.74235, 33.92414], [-79.74244, 33.92415], [-79.74265, 33.92419], [-79.74275, 33.92421], [-79.74279, 33.92422], [-79.74287, 33.92423], [-79.74291, 33.92424], [-79.74309, 33.92426], [-79.74309, 33.92429], [-79.7435, 33.92425], [-79.74352, 33.92425], [-79.74403, 33.9242], [-79.74414, 33.92425], [-79.74426, 33.92429], [-79.74433, 33.92432], [-79.74439, 33.92432], [-79.74448, 33.92432], [-79.74461, 33.92433], [-79.74469, 33.92433], [-79.74485, 33.92434], [-79.7449, 33.92435], [-79.745, 33.92435], [-79.74503, 33.92435], [-79.7452, 33.92432], [-79.74559, 33.92427], [-79.74596, 33.92422], [-79.74629, 33.92415], [-79.74635, 33.92414], [-79.74641, 33.92413], [-79.74646, 33.92412], [-79.74652, 33.92411], [-79.74658, 33.92409], [-79.74668, 33.92407], [-79.74693, 33.92402], [-79.74699, 33.924], [-79.74703, 33.924], [-79.74706, 33.92399], [-79.74728, 33.92393], [-79.74748, 33.92387], [-79.74769, 33.9238], [-79.74776, 33.92378], [-79.7479, 33.92373], [-79.7481, 33.92365], [-79.7483, 33.92357], [-79.74849, 33.92348], [-79.74869, 33.92339], [-79.74888, 33.9233], [-79.74907, 33.9232], [-79.74926, 33.9231], [-79.74944, 33.92299], [-79.74962, 33.92288], [-79.74981, 33.92275], [-79.74996, 33.92265], [-79.75013, 33.92253], [-79.7502, 33.92247], [-79.75029, 33.92241], [-79.75048, 33.92225], [-79.75068, 33.92208], [-79.75086, 33.92191], [-79.75104, 33.92173], [-79.75112, 33.92165], [-79.75121, 33.92155], [-79.75143, 33.9213], [-79.75153, 33.92118], [-79.75168, 33.92099], [-79.75183, 33.92079], [-79.75194, 33.92061], [-79.75209, 33.92039], [-79.75221, 33.92019], [-79.75232, 33.91997], [-79.75242, 33.91976], [-79.75252, 33.91954], [-79.7526, 33.91933], [-79.75272, 33.91899], [-79.75279, 33.91878], [-79.75284, 33.91856], [-79.75289, 33.91835], [-79.75293, 33.91813], [-79.75295, 33.91802], [-79.75296, 33.91792], [-79.75298, 33.9177], [-79.753, 33.91748], [-79.753, 33.91726]]]}, "properties": {"geoid": "4564600", "name": "Scranton", "facts": {"population": 733.0, "median_age": 47.0, "median_household_income": 27344.0, "poverty_rate_pct": 33.9, "unemployment_rate_pct": 1.5, "renter_share_pct": 64.6}, "factsSource": "US Census ACS 2024 5-year estimates"}}, {"type": "Feature", "geometry": {"type": "Polygon", "coordinates": [[[-79.94272, 33.934], [-79.94268, 33.93377], [-79.94265, 33.93359], [-79.94257, 33.93314], [-79.94218, 33.93198], [-79.94133, 33.92939], [-79.9407, 33.92953], [-79.93987, 33.92709], [-79.93982, 33.92711], [-79.93986, 33.92741], [-79.93954, 33.92761], [-79.93945, 33.92761], [-79.93906, 33.92761], [-79.93881, 33.928], [-79.93885, 33.92832], [-79.93931, 33.92835], [-79.93924, 33.92883], [-79.93919, 33.92978], [-79.93908, 33.92977], [-79.93894, 33.92974], [-79.93878, 33.92965], [-79.93868, 33.92962], [-79.93857, 33.92962], [-79.93833, 33.92972], [-79.93825, 33.92974], [-79.93818, 33.92974], [-79.93794, 33.92974], [-79.93771, 33.92959], [-79.93761, 33.92949], [-79.93752, 33.92943], [-79.93745, 33.9294], [-79.93737, 33.92937], [-79.93718, 33.92928], [-79.93704, 33.92917], [-79.93674, 33.92899], [-79.93662, 33.92897], [-79.93631, 33.92896], [-79.93637, 33.92846], [-79.93629, 33.92842], [-79.93601, 33.92831], [-79.93573, 33.92821], [-79.93544, 33.92812], [-79.93515, 33.92804], [-79.93485, 33.92796], [-79.93455, 33.9279], [-79.93425, 33.92784], [-79.93395, 33.92779], [-79.93362, 33.92775], [-79.93329, 33.92772], [-79.93297, 33.9277], [-79.93264, 33.92768], [-79.9323, 33.92768], [-79.93197, 33.92769], [-79.93164, 33.92771], [-79.93131, 33.92774], [-79.93098, 33.92778], [-79.93066, 33.92783], [-79.93034, 33.92789], [-79.93002, 33.92795], [-79.9297, 33.92803], [-79.92939, 33.92812], [-79.92907, 33.92822], [-79.92877, 33.92833], [-79.92865, 33.92837], [-79.92852, 33.92861], [-79.92812, 33.92868], [-79.92749, 33.92904], [-79.92729, 33.92915], [-79.92711, 33.92925], [-79.92692, 33.92936], [-79.92676, 33.92945], [-79.92662, 33.92952], [-79.92644, 33.92963], [-79.92634, 33.92966], [-79.92606, 33.92988], [-79.92593, 33.93], [-79.92566, 33.93023], [-79.92529, 33.93061], [-79.92506, 33.93087], [-79.92484, 33.93115], [-79.92464, 33.93142], [-79.92455, 33.93156], [-79.92436, 33.93186], [-79.92427, 33.93202], [-79.92409, 33.93235], [-79.92396, 33.93264], [-79.92381, 33.93303], [-79.92375, 33.93318], [-79.92324, 33.93312], [-79.92329, 33.93241], [-79.9219, 33.93252], [-79.92135, 33.93449], [-79.9193, 33.93434], [-79.91825, 33.93427], [-79.91761, 33.93423], [-79.9174, 33.93544], [-79.92033, 33.9358], [-79.92021, 33.93621], [-79.92006, 33.93676], [-79.91996, 33.93708], [-79.91826, 33.93689], [-79.91817, 33.93744], [-79.91826, 33.93756], [-79.91816, 33.93816], [-79.91931, 33.93829], [-79.91995, 33.93837], [-79.92048, 33.93842], [-79.92106, 33.93849], [-79.92187, 33.93933], [-79.92223, 33.93969], [-79.92238, 33.9387], [-79.92466, 33.93896], [-79.92507, 33.93921], [-79.9252, 33.93938], [-79.92532, 33.93952], [-79.92542, 33.93964], [-79.92557, 33.9398], [-79.92574, 33.93998], [-79.9259, 33.94014], [-79.92607, 33.94029], [-79.92624, 33.94045], [-79.92642, 33.94059], [-79.9266, 33.94074], [-79.92679, 33.94087], [-79.9263, 33.94141], [-79.92596, 33.94177], [-79.92584, 33.9419], [-79.92798, 33.94293], [-79.928, 33.94291], [-79.92806, 33.94285], [-79.92829, 33.94262], [-79.92851, 33.94241], [-79.92861, 33.94232], [-79.92903, 33.94194], [-79.93091, 33.94259], [-79.93057, 33.94307], [-79.92995, 33.94398], [-79.93058, 33.94446], [-79.93184, 33.94337], [-79.93212, 33.94311], [-79.9325, 33.94277], [-79.93251, 33.94312], [-79.93252, 33.94342], [-79.93402, 33.94335], [-79.93424, 33.94335], [-79.93464, 33.94334], [-79.93469, 33.94334], [-79.93512, 33.94332], [-79.93515, 33.94341], [-79.9352, 33.94355], [-79.93527, 33.94378], [-79.93531, 33.9439], [-79.93533, 33.94402], [-79.93534, 33.94406], [-79.93536, 33.94417], [-79.93539, 33.94432], [-79.93541, 33.94447], [-79.93542, 33.94462], [-79.93543, 33.94477], [-79.93543, 33.94483], [-79.93544, 33.94492], [-79.93544, 33.94507], [-79.93543, 33.94522], [-79.93603, 33.9452], [-79.93614, 33.9452], [-79.93614, 33.94526], [-79.9361, 33.94601], [-79.93604, 33.94692], [-79.93603, 33.94696], [-79.93597, 33.94779], [-79.93673, 33.94781], [-79.93679, 33.94723], [-79.93676, 33.9471], [-79.93675, 33.94701], [-79.93677, 33.94679], [-79.93679, 33.94641], [-79.9368, 33.94616], [-79.93696, 33.94421], [-79.93698, 33.94393], [-79.93869, 33.94392], [-79.93877, 33.94362], [-79.93871, 33.94326], [-79.93842, 33.94295], [-79.93833, 33.9428], [-79.9382, 33.94228], [-79.93756, 33.9423], [-79.93715, 33.94232], [-79.93714, 33.94181], [-79.93713, 33.94123], [-79.93728, 33.94115], [-79.938, 33.94071], [-79.93825, 33.94056], [-79.93841, 33.94046], [-79.93854, 33.94028], [-79.93917, 33.93966], [-79.93973, 33.9391], [-79.93981, 33.93895], [-79.9399, 33.93879], [-79.93992, 33.93876], [-79.94014, 33.93837], [-79.94029, 33.9381], [-79.94038, 33.93793], [-79.94049, 33.93772], [-79.94069, 33.93733], [-79.94084, 33.93704], [-79.94115, 33.93555], [-79.94114, 33.93529], [-79.94112, 33.9352], [-79.9411, 33.93483], [-79.94104, 33.93432], [-79.94264, 33.93402], [-79.94272, 33.934]]]}, "properties": {"geoid": "4552540", "name": "Olanta", "facts": {"population": 806.0, "median_age": 38.5, "median_household_income": 54464.0, "poverty_rate_pct": 15.3, "unemployment_rate_pct": 16.5, "renter_share_pct": 41.5}, "factsSource": "US Census ACS 2024 5-year estimates"}}, {"type": "Feature", "geometry": {"type": "Polygon", "coordinates": [[[-80.07823, 34.16701], [-80.07747, 34.1666], [-80.07401, 34.16468], [-80.07284, 34.16405], [-80.07269, 34.16396], [-80.07289, 34.1637], [-80.07061, 34.16236], [-80.07046, 34.16228], [-80.07022, 34.16242], [-80.07005, 34.16253], [-80.06939, 34.16216], [-80.06731, 34.16099], [-80.06329, 34.1588], [-80.06307, 34.15871], [-80.06166, 34.15715], [-80.05943, 34.15896], [-80.05934, 34.15905], [-80.05935, 34.15908], [-80.05939, 34.15925], [-80.05948, 34.15959], [-80.05952, 34.15976], [-80.0596, 34.16008], [-80.05969, 34.16039], [-80.05973, 34.16054], [-80.05976, 34.16069], [-80.05981, 34.16084], [-80.05988, 34.16115], [-80.06004, 34.16173], [-80.06012, 34.16213], [-80.06016, 34.16231], [-80.06026, 34.16264], [-80.05948, 34.16372], [-80.05928, 34.16371], [-80.0591, 34.16405], [-80.05907, 34.16412], [-80.05903, 34.16415], [-80.05897, 34.16423], [-80.05895, 34.16426], [-80.05887, 34.16443], [-80.05884, 34.16449], [-80.05875, 34.16463], [-80.05869, 34.16474], [-80.05863, 34.16484], [-80.05861, 34.1649], [-80.05858, 34.16494], [-80.05855, 34.165], [-80.05853, 34.16506], [-80.05849, 34.16511], [-80.05834, 34.16539], [-80.05816, 34.1657], [-80.05809, 34.16578], [-80.05807, 34.16581], [-80.05805, 34.16584], [-80.05803, 34.16586], [-80.05801, 34.16588], [-80.05785, 34.166], [-80.05782, 34.16603], [-80.05771, 34.16611], [-80.05769, 34.16614], [-80.05766, 34.16616], [-80.05756, 34.16626], [-80.05746, 34.16637], [-80.05743, 34.16641], [-80.05739, 34.16645], [-80.05736, 34.1665], [-80.05723, 34.16667], [-80.0572, 34.16671], [-80.05712, 34.16682], [-80.0571, 34.16685], [-80.05704, 34.16692], [-80.05703, 34.16695], [-80.05689, 34.1671], [-80.05684, 34.16715], [-80.05682, 34.16718], [-80.05671, 34.16726], [-80.05668, 34.16731], [-80.05664, 34.16735], [-80.05661, 34.16739], [-80.05659, 34.16742], [-80.05653, 34.16751], [-80.05653, 34.16756], [-80.05653, 34.1676], [-80.05657, 34.16765], [-80.05663, 34.16768], [-80.05661, 34.16773], [-80.05641, 34.16801], [-80.05596, 34.1678], [-80.05629, 34.16833], [-80.05624, 34.16843], [-80.0562, 34.16841], [-80.05601, 34.16831], [-80.0558, 34.16821], [-80.05569, 34.16817], [-80.05566, 34.16815], [-80.05416, 34.17014], [-80.0536, 34.17036], [-80.05375, 34.17068], [-80.05398, 34.17118], [-80.05461, 34.17252], [-80.05477, 34.17288], [-80.05487, 34.17284], [-80.05524, 34.17272], [-80.05533, 34.17269], [-80.05536, 34.17278], [-80.05541, 34.17288], [-80.05509, 34.17335], [-80.0547, 34.17393], [-80.05447, 34.17428], [-80.05493, 34.17463], [-80.05513, 34.17471], [-80.05518, 34.17479], [-80.05525, 34.17487], [-80.0553, 34.1749], [-80.05534, 34.17494], [-80.05543, 34.17502], [-80.05547, 34.17507], [-80.0556, 34.17519], [-80.05573, 34.1753], [-80.05579, 34.17553], [-80.05664, 34.17651], [-80.05639, 34.17669], [-80.05603, 34.17695], [-80.05586, 34.17708], [-80.05597, 34.17715], [-80.05604, 34.1772], [-80.0561, 34.17725], [-80.05621, 34.17729], [-80.05631, 34.17732], [-80.05637, 34.17737], [-80.05644, 34.17745], [-80.05657, 34.17752], [-80.05663, 34.1776], [-80.05675, 34.17753], [-80.05686, 34.17746], [-80.05692, 34.1775], [-80.05719, 34.17773], [-80.05797, 34.17714], [-80.06144, 34.17853], [-80.0618, 34.17796], [-80.06227, 34.17822], [-80.06285, 34.17854], [-80.06348, 34.17776], [-80.06772, 34.18031], [-80.07066, 34.17619], [-80.07548, 34.17043], [-80.07617, 34.16945], [-80.07823, 34.16701]]]}, "properties": {"geoid": "4539805", "name": "Lamar", "facts": {"population": 1196.0, "median_age": 32.7, "median_household_income": 38864.0, "poverty_rate_pct": 40.6, "unemployment_rate_pct": 5.3, "renter_share_pct": 22.4}, "factsSource": "US Census ACS 2024 5-year estimates"}}, {"type": "Feature", "geometry": {"type": "Polygon", "coordinates": [[[-79.74891, 34.22442], [-79.74852, 34.22436], [-79.74604, 34.22413], [-79.74607, 34.22392], [-79.74624, 34.22286], [-79.74628, 34.22263], [-79.74378, 34.22319], [-79.74365, 34.22321], [-79.74357, 34.22305], [-79.74277, 34.22229], [-79.74288, 34.22008], [-79.74471, 34.22022], [-79.74655, 34.22037], [-79.74664, 34.22038], [-79.74669, 34.22006], [-79.74669, 34.22004], [-79.74679, 34.21947], [-79.74627, 34.21942], [-79.74619, 34.21941], [-79.746, 34.21939], [-79.74579, 34.21937], [-79.74557, 34.21934], [-79.74536, 34.21932], [-79.74514, 34.21931], [-79.74493, 34.21929], [-79.74472, 34.21927], [-79.7445, 34.21925], [-79.74429, 34.21923], [-79.74407, 34.21921], [-79.74386, 34.2192], [-79.74365, 34.21918], [-79.74343, 34.21916], [-79.74322, 34.21914], [-79.74307, 34.21913], [-79.74301, 34.21912], [-79.74301, 34.21908], [-79.74301, 34.21903], [-79.74301, 34.21898], [-79.74296, 34.21894], [-79.74297, 34.21867], [-79.74298, 34.21862], [-79.74299, 34.21821], [-79.74301, 34.21777], [-79.74301, 34.21775], [-79.74303, 34.21748], [-79.74303, 34.21745], [-79.74303, 34.21733], [-79.74311, 34.21733], [-79.74527, 34.21751], [-79.74581, 34.21425], [-79.74582, 34.21415], [-79.74519, 34.21402], [-79.74496, 34.21398], [-79.74441, 34.21388], [-79.74417, 34.21384], [-79.74397, 34.21382], [-79.74387, 34.21382], [-79.74365, 34.21381], [-79.74348, 34.21382], [-79.74336, 34.21383], [-79.74324, 34.21383], [-79.74309, 34.21385], [-79.743, 34.21386], [-79.74288, 34.21388], [-79.74273, 34.21391], [-79.74271, 34.21391], [-79.74246, 34.21397], [-79.74225, 34.21403], [-79.7421, 34.21408], [-79.73944, 34.21513], [-79.73769, 34.2158], [-79.73706, 34.21604], [-79.73781, 34.22045], [-79.73782, 34.22047], [-79.73917, 34.22056], [-79.73921, 34.2206], [-79.7391, 34.22067], [-79.73902, 34.2207], [-79.73895, 34.22072], [-79.73886, 34.22073], [-79.7388, 34.22072], [-79.73866, 34.22074], [-79.73848, 34.22075], [-79.73834, 34.22075], [-79.73826, 34.22074], [-79.73809, 34.22074], [-79.73784, 34.22077], [-79.73772, 34.22077], [-79.73765, 34.22073], [-79.73759, 34.22068], [-79.73753, 34.22058], [-79.7375, 34.22051], [-79.73745, 34.22052], [-79.7374, 34.22055], [-79.73718, 34.22069], [-79.73709, 34.22073], [-79.73691, 34.22082], [-79.73689, 34.22084], [-79.73674, 34.22102], [-79.73649, 34.22119], [-79.73633, 34.22129], [-79.73627, 34.22137], [-79.73625, 34.2214], [-79.73626, 34.22155], [-79.73621, 34.22162], [-79.73616, 34.22169], [-79.73612, 34.22175], [-79.73606, 34.22183], [-79.73604, 34.22187], [-79.73599, 34.22197], [-79.73598, 34.22203], [-79.73597, 34.22206], [-79.73598, 34.2221], [-79.736, 34.22216], [-79.73603, 34.22226], [-79.73604, 34.22243], [-79.73601, 34.22262], [-79.73598, 34.22272], [-79.73595, 34.22287], [-79.73596, 34.22287], [-79.73596, 34.22296], [-79.72461, 34.22395], [-79.72447, 34.22438], [-79.72439, 34.22463], [-79.72428, 34.22499], [-79.72417, 34.22534], [-79.72374, 34.22668], [-79.7237, 34.22683], [-79.72359, 34.22705], [-79.72357, 34.22709], [-79.72356, 34.22719], [-79.72353, 34.22734], [-79.72337, 34.22781], [-79.7233, 34.22805], [-79.72316, 34.22841], [-79.72312, 34.22856], [-79.72304, 34.2289], [-79.72323, 34.2289], [-79.72361, 34.22891], [-79.72413, 34.22894], [-79.72486, 34.22898], [-79.72552, 34.22902], [-79.72604, 34.22906], [-79.72676, 34.2291], [-79.72681, 34.23045], [-79.72681, 34.23067], [-79.72685, 34.23176], [-79.72687, 34.23201], [-79.72688, 34.2321], [-79.72691, 34.23221], [-79.7267, 34.2332], [-79.72669, 34.23344], [-79.72654, 34.2356], [-79.72723, 34.23561], [-79.72725, 34.23565], [-79.7273, 34.23572], [-79.72737, 34.2358], [-79.72748, 34.23593], [-79.72756, 34.23601], [-79.72762, 34.23609], [-79.72766, 34.23617], [-79.72768, 34.23624], [-79.72774, 34.23634], [-79.72783, 34.23642], [-79.72796, 34.2365], [-79.72824, 34.23624], [-79.72908, 34.23685], [-79.72846, 34.23744], [-79.72854, 34.23749], [-79.7287, 34.23751], [-79.72885, 34.23753], [-79.72915, 34.23756], [-79.72943, 34.2376], [-79.72947, 34.23766], [-79.72945, 34.2378], [-79.72945, 34.23785], [-79.72949, 34.23788], [-79.72958, 34.23792], [-79.72967, 34.23792], [-79.72971, 34.23794], [-79.72972, 34.23796], [-79.72971, 34.23805], [-79.72972, 34.23809], [-79.72975, 34.2381], [-79.72979, 34.2381], [-79.72991, 34.23811], [-79.72998, 34.23812], [-79.73008, 34.23812], [-79.7302, 34.23816], [-79.73026, 34.23817], [-79.73038, 34.23808], [-79.73058, 34.23829], [-79.73099, 34.23875], [-79.73134, 34.23898], [-79.7315, 34.23926], [-79.73148, 34.23962], [-79.73125, 34.23999], [-79.73041, 34.24132], [-79.73034, 34.24133], [-79.72936, 34.24201], [-79.72984, 34.24217], [-79.73067, 34.24244], [-79.73188, 34.24283], [-79.73216, 34.24249], [-79.73248, 34.24218], [-79.73275, 34.24202], [-79.73302, 34.24199], [-79.73327, 34.24216], [-79.73381, 34.24225], [-79.73458, 34.24205], [-79.73474, 34.24191], [-79.73494, 34.24177], [-79.73495, 34.24174], [-79.73497, 34.24168], [-79.73501, 34.24156], [-79.73501, 34.24145], [-79.73501, 34.24139], [-79.73501, 34.24123], [-79.73499, 34.24117], [-79.73497, 34.24112], [-79.73495, 34.24105], [-79.73491, 34.24101], [-79.73489, 34.24098], [-79.73486, 34.24093], [-79.73482, 34.24089], [-79.7348, 34.24085], [-79.73478, 34.24082], [-79.73476, 34.2408], [-79.73474, 34.24076], [-79.73472, 34.24074], [-79.73469, 34.2407], [-79.73468, 34.24068], [-79.73465, 34.24064], [-79.73458, 34.24054], [-79.73448, 34.24029], [-79.73458, 34.24012], [-79.73489, 34.23994], [-79.73534, 34.23984], [-79.73555, 34.23974], [-79.73574, 34.23969], [-79.7357, 34.23957], [-79.7357, 34.23953], [-79.73566, 34.23946], [-79.73564, 34.23942], [-79.73562, 34.23936], [-79.7356, 34.23925], [-79.73561, 34.23922], [-79.73564, 34.23919], [-79.73565, 34.23915], [-79.73568, 34.23913], [-79.73573, 34.2391], [-79.7358, 34.23908], [-79.73583, 34.23906], [-79.73586, 34.23905], [-79.736, 34.23906], [-79.73621, 34.23907], [-79.73628, 34.23907], [-79.73635, 34.23903], [-79.73638, 34.23898], [-79.73633, 34.23888], [-79.73632, 34.23884], [-79.73629, 34.23879], [-79.73625, 34.23876], [-79.73624, 34.23874], [-79.73637, 34.23858], [-79.73654, 34.23854], [-79.73659, 34.23851], [-79.73661, 34.23849], [-79.73666, 34.23846], [-79.73679, 34.2384], [-79.73689, 34.23834], [-79.73691, 34.23832], [-79.7369, 34.23829], [-79.73686, 34.23821], [-79.73686, 34.23809], [-79.73686, 34.23803], [-79.73687, 34.23796], [-79.73689, 34.23794], [-79.73713, 34.23765], [-79.73726, 34.23759], [-79.73729, 34.23757], [-79.73736, 34.23751], [-79.73746, 34.2374], [-79.73751, 34.23736], [-79.73762, 34.23733], [-79.73772, 34.23725], [-79.73776, 34.23717], [-79.73777, 34.23701], [-79.73778, 34.23685], [-79.73784, 34.23679], [-79.73793, 34.2367], [-79.73798, 34.23663], [-79.73808, 34.23653], [-79.73826, 34.23651], [-79.73836, 34.23646], [-79.73846, 34.23633], [-79.73854, 34.23623], [-79.73855, 34.2361], [-79.73858, 34.23604], [-79.73862, 34.23599], [-79.73874, 34.23591], [-79.73879, 34.23589], [-79.73885, 34.23586], [-79.73893, 34.23577], [-79.73905, 34.23568], [-79.73914, 34.2356], [-79.7392, 34.23552], [-79.73931, 34.23538], [-79.73938, 34.23533], [-79.73947, 34.23529], [-79.73954, 34.23527], [-79.73969, 34.23525], [-79.73985, 34.23523], [-79.73995, 34.2352], [-79.74003, 34.23517], [-79.74021, 34.23497], [-79.74031, 34.2349], [-79.74053, 34.23488], [-79.74065, 34.23478], [-79.74076, 34.23468], [-79.74086, 34.2346], [-79.74097, 34.23444], [-79.74102, 34.23413], [-79.74104, 34.2341], [-79.74104, 34.234], [-79.74124, 34.23373], [-79.74123, 34.23359], [-79.74128, 34.23346], [-79.74142, 34.23331], [-79.74161, 34.23321], [-79.74179, 34.23308], [-79.74189, 34.23296], [-79.74212, 34.23284], [-79.74232, 34.23268], [-79.74248, 34.23259], [-79.7427, 34.23249], [-79.7429, 34.23234], [-79.7429, 34.23227], [-79.74288, 34.23222], [-79.74287, 34.23218], [-79.74288, 34.23208], [-79.74294, 34.23195], [-79.74305, 34.23184], [-79.7431, 34.2318], [-79.74312, 34.23177], [-79.74328, 34.23166], [-79.7433, 34.23159], [-79.74328, 34.2315], [-79.74325, 34.23144], [-79.74316, 34.23131], [-79.74313, 34.23122], [-79.74312, 34.23114], [-79.74314, 34.23104], [-79.74328, 34.23089], [-79.74331, 34.23085], [-79.74333, 34.23081], [-79.74332, 34.23076], [-79.74328, 34.23066], [-79.74324, 34.23063], [-79.74321, 34.23061], [-79.7432, 34.2306], [-79.74321, 34.23057], [-79.74326, 34.23051], [-79.7433, 34.23048], [-79.74335, 34.23042], [-79.74336, 34.23039], [-79.74334, 34.23036], [-79.74333, 34.23032], [-79.74331, 34.23029], [-79.74329, 34.23022], [-79.74328, 34.23016], [-79.74328, 34.23001], [-79.74329, 34.22995], [-79.74337, 34.22981], [-79.74343, 34.22974], [-79.74346, 34.22965], [-79.74347, 34.22961], [-79.74346, 34.22956], [-79.7435, 34.22952], [-79.74356, 34.22948], [-79.74359, 34.2294], [-79.74357, 34.22936], [-79.74355, 34.22933], [-79.74343, 34.22928], [-79.74335, 34.22923], [-79.74321, 34.22912], [-79.74318, 34.22905], [-79.74317, 34.22892], [-79.74436, 34.22948], [-79.74453, 34.22957], [-79.74469, 34.22967], [-79.74558, 34.23032], [-79.74567, 34.23033], [-79.7456, 34.23015], [-79.7457, 34.23006], [-79.74745, 34.2289], [-79.74746, 34.2288], [-79.74653, 34.22874], [-79.74625, 34.22872], [-79.746, 34.22872], [-79.7455, 34.22873], [-79.74561, 34.22692], [-79.74564, 34.22691], [-79.74572, 34.22689], [-79.74577, 34.22688], [-79.7458, 34.22685], [-79.74594, 34.22678], [-79.74598, 34.22675], [-79.74605, 34.22671], [-79.74613, 34.22664], [-79.74623, 34.22655], [-79.74629, 34.2265], [-79.74633, 34.22644], [-79.74637, 34.22636], [-79.74639, 34.22633], [-79.74645, 34.22628], [-79.74651, 34.22624], [-79.74655, 34.22621], [-79.74659, 34.22616], [-79.74663, 34.2261], [-79.74671, 34.22599], [-79.74681, 34.22593], [-79.74716, 34.22568], [-79.74891, 34.22442]]]}, "properties": {"geoid": "4558795", "name": "Quinby", "facts": {"population": 858.0, "median_age": 49.9, "median_household_income": 66458.0, "poverty_rate_pct": 16.6, "unemployment_rate_pct": 3.4, "renter_share_pct": 9.0}, "factsSource": "US Census ACS 2024 5-year estimates"}}, {"type": "Feature", "geometry": {"type": "Polygon", "coordinates": [[[-79.59089, 34.00002], [-79.59081, 33.99992], [-79.59062, 33.99968], [-79.59035, 33.99933], [-79.59016, 33.99912], [-79.58989, 33.99888], [-79.58964, 33.99872], [-79.58951, 33.99866], [-79.58945, 33.99862], [-79.58908, 33.99836], [-79.58872, 33.99811], [-79.58858, 33.99802], [-79.58824, 33.9978], [-79.58816, 33.99774], [-79.58801, 33.99754], [-79.58787, 33.99728], [-79.58783, 33.9972], [-79.58772, 33.99695], [-79.58763, 33.99698], [-79.58759, 33.99697], [-79.58749, 33.99693], [-79.58725, 33.99681], [-79.5871, 33.99674], [-79.58699, 33.99671], [-79.58687, 33.99669], [-79.58677, 33.99668], [-79.58654, 33.99665], [-79.58647, 33.99663], [-79.58638, 33.99659], [-79.58627, 33.99648], [-79.58618, 33.99636], [-79.58594, 33.99604], [-79.58583, 33.99594], [-79.58564, 33.99578], [-79.58553, 33.99572], [-79.58532, 33.99565], [-79.5851, 33.99559], [-79.58481, 33.99551], [-79.58468, 33.99546], [-79.58455, 33.99539], [-79.58445, 33.99531], [-79.58436, 33.9952], [-79.5842, 33.99491], [-79.58408, 33.99473], [-79.584, 33.99463], [-79.5839, 33.99455], [-79.58378, 33.99448], [-79.58359, 33.99432], [-79.58351, 33.99424], [-79.58343, 33.99407], [-79.58341, 33.99394], [-79.58343, 33.99365], [-79.58299, 33.99275], [-79.58263, 33.99276], [-79.58251, 33.99276], [-79.5822, 33.99255], [-79.58052, 33.99648], [-79.58044, 33.99665], [-79.58035, 33.9972], [-79.58016, 33.99718], [-79.57984, 33.99658], [-79.57977, 33.99647], [-79.57851, 33.99432], [-79.57623, 33.99042], [-79.57661, 33.99025], [-79.5757, 33.98935], [-79.57546, 33.9891], [-79.57543, 33.98915], [-79.57541, 33.98911], [-79.57386, 33.98635], [-79.57352, 33.98575], [-79.57426, 33.98539], [-79.57514, 33.98495], [-79.57518, 33.98427], [-79.57528, 33.98204], [-79.57457, 33.9811], [-79.5738, 33.98059], [-79.57364, 33.98005], [-79.57374, 33.97989], [-79.57362, 33.97959], [-79.57175, 33.98017], [-79.56923, 33.98096], [-79.56816, 33.98112], [-79.56821, 33.98151], [-79.56826, 33.98177], [-79.56837, 33.9824], [-79.5684, 33.98255], [-79.56848, 33.98301], [-79.5685, 33.98336], [-79.56851, 33.98366], [-79.5664, 33.98357], [-79.56638, 33.98396], [-79.56637, 33.98422], [-79.56651, 33.98423], [-79.56853, 33.98428], [-79.56853, 33.98432], [-79.56852, 33.98461], [-79.56851, 33.98466], [-79.5685, 33.9851], [-79.56849, 33.9853], [-79.56848, 33.98543], [-79.56735, 33.98542], [-79.56644, 33.98542], [-79.5663, 33.9854], [-79.5662, 33.98714], [-79.56556, 33.98712], [-79.56554, 33.98742], [-79.5653, 33.98732], [-79.56468, 33.9871], [-79.56464, 33.98708], [-79.56417, 33.98742], [-79.56356, 33.98788], [-79.56346, 33.98821], [-79.56466, 33.9883], [-79.56461, 33.98835], [-79.56403, 33.98899], [-79.56364, 33.98942], [-79.56337, 33.98972], [-79.5616, 33.99046], [-79.56146, 33.99052], [-79.56018, 33.99103], [-79.55974, 33.99061], [-79.55959, 33.99071], [-79.55812, 33.99183], [-79.55707, 33.99262], [-79.55745, 33.99269], [-79.55715, 33.99293], [-79.55718, 33.99299], [-79.55729, 33.99337], [-79.5575, 33.9941], [-79.55773, 33.99398], [-79.55777, 33.99406], [-79.55866, 33.99491], [-79.55836, 33.99511], [-79.55803, 33.99535], [-79.55879, 33.99608], [-79.55885, 33.99614], [-79.55808, 33.99668], [-79.55707, 33.9973], [-79.55538, 33.99868], [-79.55609, 33.99914], [-79.55744, 33.99991], [-79.55751, 33.99997], [-79.55839, 34.0005], [-79.55844, 34.00052], [-79.55849, 34.00053], [-79.55855, 34.00053], [-79.55861, 34.00053], [-79.55839, 34.00059], [-79.55868, 34.00076], [-79.55888, 34.00087], [-79.55911, 34.00101], [-79.55913, 34.00103], [-79.5593, 34.00097], [-79.55968, 34.00082], [-79.56002, 34.00069], [-79.56014, 34.00065], [-79.56109, 34.00026], [-79.56155, 34.0007], [-79.56206, 34.00119], [-79.56236, 34.00106], [-79.5638, 34.00369], [-79.56245, 34.00533], [-79.56074, 34.00484], [-79.55979, 34.00593], [-79.56102, 34.00707], [-79.56118, 34.00687], [-79.56278, 34.00825], [-79.56264, 34.00842], [-79.56454, 34.01008], [-79.57055, 34.00528], [-79.57156, 34.00447], [-79.57227, 34.00478], [-79.57321, 34.00433], [-79.57314, 34.00418], [-79.5731, 34.00405], [-79.57306, 34.0039], [-79.57306, 34.00389], [-79.57304, 34.00374], [-79.57302, 34.00348], [-79.57293, 34.00262], [-79.5729, 34.00236], [-79.57289, 34.0023], [-79.57338, 34.00212], [-79.5759, 34.00113], [-79.57793, 34.00033], [-79.5812, 33.99905], [-79.58134, 33.99928], [-79.58139, 33.99936], [-79.58202, 34.00047], [-79.58343, 34.00294], [-79.59049, 34.00018], [-79.59089, 34.00002]]]}, "properties": {"geoid": "4554340", "name": "Pamplico", "facts": {"population": 1134.0, "median_age": 28.5, "median_household_income": 34545.0, "poverty_rate_pct": 31.7, "unemployment_rate_pct": 5.7, "renter_share_pct": 51.2}, "factsSource": "US Census ACS 2024 5-year estimates"}}, {"type": "Feature", "geometry": {"type": "Polygon", "coordinates": [[[-79.4589, 33.81205], [-79.45935, 33.81124], [-79.45805, 33.81079], [-79.45783, 33.81071], [-79.45772, 33.81071], [-79.4572, 33.81068], [-79.44977, 33.81024], [-79.44965, 33.81023], [-79.44967, 33.80967], [-79.44975, 33.80738], [-79.44981, 33.80567], [-79.44992, 33.80259], [-79.45002, 33.79985], [-79.45009, 33.79733], [-79.4501, 33.79717], [-79.4501, 33.79711], [-79.45012, 33.79704], [-79.45012, 33.79668], [-79.4502, 33.79478], [-79.45036, 33.79199], [-79.45042, 33.78978], [-79.45055, 33.78398], [-79.45046, 33.78402], [-79.45029, 33.78408], [-79.45024, 33.7841], [-79.45024, 33.7842], [-79.45004, 33.78965], [-79.45003, 33.78986], [-79.44977, 33.79674], [-79.44977, 33.79675], [-79.44958, 33.8017], [-79.44392, 33.80308], [-79.44392, 33.80262], [-79.44296, 33.80264], [-79.44317, 33.8002], [-79.44175, 33.80038], [-79.44167, 33.80107], [-79.44168, 33.80122], [-79.44154, 33.80299], [-79.44148, 33.8037], [-79.44147, 33.80373], [-79.4394, 33.80418], [-79.43942, 33.80425], [-79.43969, 33.805], [-79.43927, 33.80509], [-79.43895, 33.80506], [-79.43861, 33.80503], [-79.43814, 33.80488], [-79.43808, 33.80492], [-79.43799, 33.80497], [-79.4379, 33.80501], [-79.43774, 33.80505], [-79.4377, 33.80507], [-79.43758, 33.80509], [-79.43608, 33.80542], [-79.43611, 33.80655], [-79.43575, 33.8066], [-79.43573, 33.80664], [-79.43546, 33.80667], [-79.43534, 33.80665], [-79.43514, 33.80666], [-79.4349, 33.80666], [-79.43446, 33.80634], [-79.43458, 33.80586], [-79.43459, 33.80578], [-79.43383, 33.80582], [-79.43368, 33.80582], [-79.43354, 33.80582], [-79.43342, 33.80581], [-79.43252, 33.80569], [-79.43244, 33.80568], [-79.43238, 33.80568], [-79.43218, 33.80551], [-79.43169, 33.80544], [-79.43136, 33.8056], [-79.43014, 33.8058], [-79.42983, 33.80592], [-79.42955, 33.80603], [-79.42933, 33.80619], [-79.42913, 33.80638], [-79.42903, 33.80648], [-79.42884, 33.80667], [-79.42849, 33.80704], [-79.42798, 33.80711], [-79.42695, 33.80717], [-79.42689, 33.80713], [-79.42664, 33.80696], [-79.42627, 33.80671], [-79.42619, 33.80674], [-79.42557, 33.80632], [-79.42547, 33.80627], [-79.42546, 33.80628], [-79.42542, 33.80634], [-79.42516, 33.80621], [-79.42505, 33.80605], [-79.42476, 33.80646], [-79.42436, 33.8069], [-79.42402, 33.80727], [-79.4238, 33.80759], [-79.42368, 33.80775], [-79.42357, 33.80791], [-79.42332, 33.80827], [-79.42313, 33.80856], [-79.42301, 33.80874], [-79.42292, 33.80879], [-79.42294, 33.80881], [-79.42324, 33.8092], [-79.42329, 33.80926], [-79.42335, 33.80934], [-79.42389, 33.80997], [-79.42409, 33.81021], [-79.42449, 33.81071], [-79.42466, 33.81096], [-79.42488, 33.81134], [-79.42525, 33.81194], [-79.42557, 33.81246], [-79.42568, 33.81262], [-79.42581, 33.8128], [-79.42596, 33.81297], [-79.42606, 33.81308], [-79.42618, 33.81319], [-79.42635, 33.81331], [-79.4266, 33.81347], [-79.42684, 33.81361], [-79.42746, 33.81393], [-79.42834, 33.81439], [-79.42871, 33.81457], [-79.42886, 33.81464], [-79.42935, 33.81485], [-79.42942, 33.81488], [-79.43031, 33.81522], [-79.43046, 33.81528], [-79.43068, 33.81539], [-79.43089, 33.81549], [-79.43258, 33.81644], [-79.4332, 33.81617], [-79.43358, 33.81601], [-79.43429, 33.81569], [-79.43486, 33.81544], [-79.43498, 33.81535], [-79.43495, 33.81573], [-79.43562, 33.81575], [-79.43564, 33.81547], [-79.43578, 33.81548], [-79.4358, 33.81541], [-79.43612, 33.81548], [-79.43664, 33.81521], [-79.43722, 33.81525], [-79.43728, 33.81494], [-79.43757, 33.81463], [-79.43764, 33.8145], [-79.4377, 33.81428], [-79.43792, 33.814], [-79.43806, 33.81371], [-79.43813, 33.81369], [-79.43821, 33.81366], [-79.43826, 33.81363], [-79.43846, 33.81384], [-79.43861, 33.814], [-79.43865, 33.81404], [-79.43836, 33.81448], [-79.43823, 33.81475], [-79.4384, 33.81477], [-79.43859, 33.81478], [-79.43838, 33.81517], [-79.43836, 33.81641], [-79.43864, 33.81636], [-79.43875, 33.81676], [-79.43908, 33.8167], [-79.43924, 33.81668], [-79.43961, 33.81661], [-79.43959, 33.81625], [-79.43962, 33.81602], [-79.43959, 33.8159], [-79.43955, 33.81562], [-79.43951, 33.8155], [-79.43963, 33.81548], [-79.43956, 33.81508], [-79.43943, 33.81504], [-79.43958, 33.81472], [-79.43967, 33.81463], [-79.43988, 33.81453], [-79.43997, 33.81439], [-79.44011, 33.81413], [-79.44019, 33.81403], [-79.44023, 33.81397], [-79.4403, 33.81372], [-79.44036, 33.81356], [-79.44029, 33.81345], [-79.44028, 33.81302], [-79.44001, 33.81292], [-79.44024, 33.81287], [-79.44089, 33.8128], [-79.44085, 33.81315], [-79.44079, 33.81384], [-79.44073, 33.81453], [-79.44059, 33.81648], [-79.44048, 33.8166], [-79.44043, 33.81827], [-79.44042, 33.81872], [-79.44041, 33.81881], [-79.44039, 33.81888], [-79.44036, 33.81896], [-79.44049, 33.81941], [-79.44001, 33.8195], [-79.43992, 33.81952], [-79.43985, 33.81953], [-79.43953, 33.8196], [-79.43933, 33.81959], [-79.43888, 33.81933], [-79.4385, 33.81977], [-79.43926, 33.82022], [-79.43907, 33.82026], [-79.43891, 33.8203], [-79.43889, 33.82031], [-79.43873, 33.82036], [-79.43858, 33.82042], [-79.43847, 33.82046], [-79.43829, 33.82055], [-79.43847, 33.82112], [-79.43878, 33.821], [-79.43891, 33.82095], [-79.43882, 33.82069], [-79.43913, 33.82071], [-79.43939, 33.82076], [-79.44, 33.82092], [-79.44053, 33.82103], [-79.44069, 33.82116], [-79.44033, 33.82162], [-79.44033, 33.82165], [-79.44039, 33.82256], [-79.44052, 33.8242], [-79.44054, 33.82436], [-79.44102, 33.82445], [-79.44136, 33.82451], [-79.44227, 33.82468], [-79.44255, 33.82535], [-79.4432, 33.82689], [-79.44342, 33.82666], [-79.44372, 33.82636], [-79.44404, 33.8262], [-79.44416, 33.8261], [-79.44442, 33.82627], [-79.44465, 33.82679], [-79.44472, 33.82695], [-79.44493, 33.82747], [-79.44472, 33.82753], [-79.44493, 33.82805], [-79.44499, 33.82803], [-79.44571, 33.82783], [-79.44553, 33.82739], [-79.44565, 33.82732], [-79.44675, 33.82701], [-79.44638, 33.82601], [-79.44634, 33.82588], [-79.44631, 33.82578], [-79.4463, 33.82572], [-79.44627, 33.82559], [-79.44623, 33.82532], [-79.44622, 33.82515], [-79.44623, 33.82459], [-79.44708, 33.82479], [-79.44714, 33.8248], [-79.44785, 33.82479], [-79.44817, 33.82481], [-79.44826, 33.82482], [-79.44874, 33.82483], [-79.44872, 33.82532], [-79.44872, 33.82546], [-79.44869, 33.82604], [-79.4485, 33.83096], [-79.44837, 33.83409], [-79.44834, 33.83438], [-79.44832, 33.83462], [-79.4483, 33.83479], [-79.44826, 33.83503], [-79.44822, 33.83527], [-79.44814, 33.83562], [-79.44811, 33.83574], [-79.44786, 33.83674], [-79.44722, 33.8392], [-79.44716, 33.83944], [-79.44708, 33.83977], [-79.44657, 33.84175], [-79.44627, 33.84293], [-79.44536, 33.84649], [-79.44531, 33.84668], [-79.44509, 33.84757], [-79.44503, 33.84776], [-79.44495, 33.84803], [-79.44487, 33.84826], [-79.44448, 33.84912], [-79.44433, 33.84938], [-79.44422, 33.84957], [-79.44391, 33.85001], [-79.44377, 33.85022], [-79.44298, 33.85133], [-79.44293, 33.85141], [-79.44275, 33.85166], [-79.44221, 33.85244], [-79.44158, 33.85333], [-79.44132, 33.8537], [-79.44042, 33.85498], [-79.44031, 33.85519], [-79.43815, 33.85813], [-79.43785, 33.85865], [-79.43743, 33.85923], [-79.43591, 33.86138], [-79.4357, 33.8617], [-79.43477, 33.86302], [-79.43468, 33.86314], [-79.43489, 33.86309], [-79.43505, 33.86305], [-79.43515, 33.86302], [-79.43523, 33.86291], [-79.43531, 33.86279], [-79.43603, 33.86177], [-79.43711, 33.86024], [-79.43774, 33.85933], [-79.44048, 33.85544], [-79.44095, 33.85477], [-79.442, 33.85327], [-79.44273, 33.85224], [-79.44309, 33.85172], [-79.4438, 33.85071], [-79.44418, 33.85018], [-79.44461, 33.84953], [-79.44477, 33.84925], [-79.44502, 33.84873], [-79.4453, 33.84801], [-79.44538, 33.84772], [-79.44564, 33.84673], [-79.44576, 33.84626], [-79.44619, 33.84458], [-79.44669, 33.84262], [-79.4474, 33.83983], [-79.44749, 33.8395], [-79.44756, 33.83921], [-79.44791, 33.83786], [-79.44821, 33.83668], [-79.44846, 33.83566], [-79.44849, 33.83556], [-79.44863, 33.83511], [-79.44865, 33.83441], [-79.44865, 33.83422], [-79.44879, 33.83279], [-79.4488, 33.83259], [-79.44885, 33.8318], [-79.44886, 33.83154], [-79.44888, 33.83131], [-79.44894, 33.83032], [-79.44897, 33.82975], [-79.44897, 33.82969], [-79.44921, 33.82974], [-79.44921, 33.8299], [-79.44917, 33.83062], [-79.45002, 33.83038], [-79.44984, 33.82999], [-79.44982, 33.82996], [-79.4498, 33.82994], [-79.44978, 33.82993], [-79.44976, 33.82991], [-79.44974, 33.82988], [-79.44973, 33.82987], [-79.45015, 33.82943], [-79.45026, 33.82972], [-79.45067, 33.82945], [-79.45107, 33.82919], [-79.45129, 33.82904], [-79.4513, 33.82903], [-79.45133, 33.82882], [-79.45188, 33.82886], [-79.45196, 33.82886], [-79.45193, 33.82909], [-79.45177, 33.83027], [-79.45176, 33.83045], [-79.45176, 33.83063], [-79.45177, 33.83081], [-79.45178, 33.83098], [-79.45181, 33.83116], [-79.45185, 33.83133], [-79.45193, 33.83162], [-79.45143, 33.83171], [-79.45146, 33.83234], [-79.45207, 33.8322], [-79.45219, 33.83256], [-79.45224, 33.83273], [-79.4525, 33.83349], [-79.45278, 33.83397], [-79.4528, 33.83401], [-79.45302, 33.8344], [-79.45303, 33.83442], [-79.45309, 33.83454], [-79.45239, 33.83479], [-79.45232, 33.83482], [-79.45279, 33.8358], [-79.45285, 33.83585], [-79.45279, 33.836], [-79.45345, 33.83738], [-79.45347, 33.83733], [-79.45351, 33.83727], [-79.45367, 33.83711], [-79.4537, 33.83707], [-79.45385, 33.83689], [-79.45395, 33.83679], [-79.45408, 33.83661], [-79.45414, 33.83651], [-79.4542, 33.83642], [-79.45422, 33.83636], [-79.45423, 33.83629], [-79.45423, 33.83625], [-79.45422, 33.8362], [-79.45419, 33.83613], [-79.45418, 33.83609], [-79.45416, 33.83598], [-79.45413, 33.83583], [-79.45412, 33.83577], [-79.45412, 33.83566], [-79.45412, 33.8356], [-79.45413, 33.83552], [-79.45414, 33.8355], [-79.45419, 33.83544], [-79.45424, 33.83539], [-79.45428, 33.83535], [-79.45436, 33.8353], [-79.45441, 33.83526], [-79.45444, 33.83525], [-79.45447, 33.83525], [-79.45448, 33.83528], [-79.45447, 33.83529], [-79.45439, 33.83534], [-79.45436, 33.83537], [-79.45435, 33.8354], [-79.45434, 33.83542], [-79.45434, 33.83545], [-79.45436, 33.83548], [-79.45438, 33.83548], [-79.45453, 33.83547], [-79.4546, 33.83542], [-79.45467, 33.83536], [-79.45504, 33.83508], [-79.45486, 33.83492], [-79.45475, 33.83483], [-79.45454, 33.83474], [-79.45444, 33.83471], [-79.45448, 33.83461], [-79.45456, 33.83451], [-79.45467, 33.83446], [-79.4547, 33.83444], [-79.45469, 33.83442], [-79.45465, 33.83432], [-79.45464, 33.83426], [-79.45463, 33.83421], [-79.45459, 33.83421], [-79.45452, 33.83425], [-79.4545, 33.83425], [-79.45447, 33.83424], [-79.45437, 33.83416], [-79.4543, 33.8341], [-79.45424, 33.83404], [-79.45418, 33.83397], [-79.45415, 33.83386], [-79.45411, 33.83383], [-79.45408, 33.83383], [-79.45402, 33.83397], [-79.45396, 33.83409], [-79.45392, 33.8341], [-79.45384, 33.83411], [-79.4536, 33.83411], [-79.45352, 33.83414], [-79.45346, 33.8339], [-79.45338, 33.83364], [-79.45331, 33.8334], [-79.4534, 33.83329], [-79.45343, 33.83324], [-79.45335, 33.83303], [-79.45328, 33.83284], [-79.45324, 33.83267], [-79.45309, 33.83236], [-79.45306, 33.83203], [-79.45298, 33.83184], [-79.45289, 33.83165], [-79.45283, 33.83145], [-79.45278, 33.83124], [-79.45275, 33.83104], [-79.45272, 33.83083], [-79.4527, 33.83063], [-79.4527, 33.83042], [-79.45271, 33.83022], [-79.45275, 33.82982], [-79.45278, 33.82948], [-79.45264, 33.82932], [-79.45228, 33.82899], [-79.45209, 33.8288], [-79.452, 33.82879], [-79.45197, 33.82879], [-79.45204, 33.82824], [-79.45206, 33.82811], [-79.45206, 33.82801], [-79.45205, 33.82792], [-79.45203, 33.82784], [-79.452, 33.82775], [-79.45195, 33.82767], [-79.45189, 33.82759], [-79.45184, 33.82754], [-79.45208, 33.82752], [-79.45277, 33.82683], [-79.45311, 33.82651], [-79.45332, 33.8263], [-79.45344, 33.82617], [-79.45364, 33.82597], [-79.45401, 33.82579], [-79.45396, 33.82547], [-79.45419, 33.82523], [-79.45424, 33.8252], [-79.45431, 33.82514], [-79.45458, 33.82488], [-79.45463, 33.82482], [-79.45468, 33.82474], [-79.45723, 33.82488], [-79.45703, 33.82425], [-79.45702, 33.82413], [-79.45733, 33.82404], [-79.45764, 33.82394], [-79.45764, 33.82392], [-79.45762, 33.82385], [-79.45758, 33.82361], [-79.45738, 33.82212], [-79.45738, 33.82203], [-79.45738, 33.82195], [-79.45739, 33.82189], [-79.45741, 33.82183], [-79.45744, 33.82177], [-79.45748, 33.82172], [-79.45753, 33.82167], [-79.4576, 33.82162], [-79.45769, 33.82156], [-79.45759, 33.82145], [-79.45731, 33.82113], [-79.45691, 33.82068], [-79.4573, 33.82044], [-79.45773, 33.82018], [-79.45767, 33.82011], [-79.45759, 33.82005], [-79.45755, 33.81994], [-79.4576, 33.81739], [-79.45762, 33.81611], [-79.45747, 33.81609], [-79.45747, 33.81545], [-79.4575, 33.81534], [-79.45823, 33.81527], [-79.45883, 33.81523], [-79.4589, 33.81227], [-79.4589, 33.81205]]]}, "properties": {"geoid": "4537105", "name": "Johnsonville", "facts": {"population": 1251.0, "median_age": 36.0, "median_household_income": 44830.0, "poverty_rate_pct": 20.9, "unemployment_rate_pct": 9.1, "renter_share_pct": 20.7}, "factsSource": "US Census ACS 2024 5-year estimates"}}, {"type": "Feature", "geometry": {"type": "Polygon", "coordinates": [[[-79.86681, 34.50599], [-79.86683, 34.50573], [-79.86678, 34.50553], [-79.8667, 34.50523], [-79.86666, 34.50485], [-79.86657, 34.50461], [-79.86644, 34.50432], [-79.8664, 34.50412], [-79.86624, 34.50381], [-79.86606, 34.50358], [-79.86595, 34.50334], [-79.86576, 34.50313], [-79.86561, 34.50283], [-79.86558, 34.50276], [-79.86555, 34.5026], [-79.86556, 34.50233], [-79.86561, 34.50204], [-79.86592, 34.50121], [-79.8661, 34.50084], [-79.86629, 34.50049], [-79.86641, 34.50013], [-79.86641, 34.5001], [-79.86646, 34.49994], [-79.86659, 34.4995], [-79.8666, 34.49948], [-79.86629, 34.49906], [-79.86624, 34.49895], [-79.86616, 34.49902], [-79.86569, 34.49889], [-79.86413, 34.49847], [-79.86268, 34.49807], [-79.85939, 34.49706], [-79.85927, 34.49705], [-79.85855, 34.49702], [-79.85848, 34.49702], [-79.85849, 34.49692], [-79.85758, 34.49668], [-79.8575, 34.49665], [-79.85544, 34.49609], [-79.85405, 34.49571], [-79.85384, 34.49582], [-79.85208, 34.49676], [-79.85121, 34.49722], [-79.84988, 34.49792], [-79.84753, 34.49917], [-79.84578, 34.50006], [-79.84135, 34.50245], [-79.84108, 34.50264], [-79.84129, 34.50379], [-79.84161, 34.50552], [-79.84216, 34.50848], [-79.84245, 34.51049], [-79.84327, 34.51457], [-79.8423, 34.51639], [-79.8427, 34.51858], [-79.84275, 34.51873], [-79.84296, 34.51931], [-79.84379, 34.52051], [-79.84391, 34.52069], [-79.84425, 34.52123], [-79.84443, 34.52145], [-79.84514, 34.52238], [-79.8452, 34.52244], [-79.84541, 34.52302], [-79.8461, 34.52482], [-79.84633, 34.52546], [-79.8471, 34.52756], [-79.84711, 34.52759], [-79.84737, 34.52767], [-79.84749, 34.52762], [-79.84763, 34.52752], [-79.84769, 34.52743], [-79.84774, 34.52732], [-79.84775, 34.52719], [-79.84774, 34.5271], [-79.84763, 34.52689], [-79.84753, 34.52673], [-79.84747, 34.52659], [-79.84735, 34.52648], [-79.84735, 34.52639], [-79.84737, 34.52635], [-79.84746, 34.52627], [-79.84757, 34.52616], [-79.84764, 34.52604], [-79.84764, 34.52584], [-79.84763, 34.52575], [-79.84764, 34.52558], [-79.84768, 34.5255], [-79.84782, 34.52546], [-79.84798, 34.52543], [-79.84811, 34.52536], [-79.84825, 34.52526], [-79.8484, 34.5251], [-79.84847, 34.525], [-79.84847, 34.52492], [-79.84845, 34.52482], [-79.84847, 34.52475], [-79.84871, 34.52454], [-79.84881, 34.52444], [-79.84889, 34.5244], [-79.84899, 34.52439], [-79.84911, 34.52441], [-79.84918, 34.52446], [-79.84928, 34.52447], [-79.84938, 34.52443], [-79.84944, 34.52438], [-79.84951, 34.52434], [-79.8496, 34.52433], [-79.84969, 34.52435], [-79.84984, 34.52452], [-79.84993, 34.5246], [-79.85004, 34.52463], [-79.85018, 34.52465], [-79.85045, 34.52473], [-79.85066, 34.5247], [-79.85102, 34.52461], [-79.85113, 34.5246], [-79.85126, 34.52463], [-79.85136, 34.52462], [-79.85143, 34.52457], [-79.85144, 34.52444], [-79.85148, 34.52439], [-79.85157, 34.52437], [-79.85164, 34.52441], [-79.85178, 34.52462], [-79.85183, 34.52469], [-79.85193, 34.5247], [-79.85206, 34.52462], [-79.85212, 34.52457], [-79.85223, 34.52455], [-79.85229, 34.52458], [-79.85232, 34.52463], [-79.85237, 34.52469], [-79.85243, 34.52468], [-79.85252, 34.5246], [-79.85261, 34.52448], [-79.85271, 34.52438], [-79.85273, 34.52436], [-79.85281, 34.52431], [-79.85298, 34.52424], [-79.85316, 34.52419], [-79.8533, 34.52418], [-79.85348, 34.52413], [-79.85363, 34.52405], [-79.8538, 34.52394], [-79.85393, 34.52383], [-79.85399, 34.52373], [-79.85404, 34.52363], [-79.85406, 34.52353], [-79.85399, 34.52342], [-79.85391, 34.52334], [-79.85385, 34.52323], [-79.85383, 34.52314], [-79.85385, 34.52304], [-79.85386, 34.52303], [-79.85393, 34.52297], [-79.85395, 34.52296], [-79.85415, 34.52286], [-79.85416, 34.52285], [-79.85424, 34.52281], [-79.85434, 34.52275], [-79.85465, 34.52264], [-79.85475, 34.52256], [-79.85478, 34.52242], [-79.85478, 34.52224], [-79.85482, 34.52215], [-79.85493, 34.52214], [-79.85505, 34.52218], [-79.85518, 34.52224], [-79.85539, 34.52224], [-79.85591, 34.52214], [-79.85605, 34.52219], [-79.85611, 34.52225], [-79.85629, 34.52224], [-79.85636, 34.52219], [-79.8564, 34.52204], [-79.85644, 34.52195], [-79.85653, 34.52185], [-79.8566, 34.52181], [-79.8567, 34.5218], [-79.8568, 34.52177], [-79.85687, 34.52174], [-79.8569, 34.52167], [-79.85687, 34.52161], [-79.85677, 34.52155], [-79.85669, 34.52149], [-79.85667, 34.52142], [-79.85669, 34.52137], [-79.85679, 34.52132], [-79.8571, 34.52116], [-79.85719, 34.52112], [-79.85727, 34.52112], [-79.85733, 34.52113], [-79.8576, 34.52129], [-79.8577, 34.5213], [-79.85774, 34.52126], [-79.85774, 34.52119], [-79.8577, 34.52107], [-79.85771, 34.521], [-79.85783, 34.52089], [-79.85817, 34.52072], [-79.85823, 34.52066], [-79.85834, 34.52051], [-79.85845, 34.52049], [-79.85851, 34.52051], [-79.85858, 34.52072], [-79.85863, 34.52081], [-79.85874, 34.52087], [-79.85883, 34.52083], [-79.85893, 34.52075], [-79.85903, 34.52069], [-79.85913, 34.52065], [-79.85922, 34.52059], [-79.85928, 34.52052], [-79.8593, 34.52044], [-79.85937, 34.52036], [-79.85949, 34.52031], [-79.85963, 34.52034], [-79.85966, 34.52053], [-79.8597, 34.52058], [-79.85979, 34.52056], [-79.85994, 34.52043], [-79.86001, 34.52043], [-79.86005, 34.52044], [-79.86012, 34.5205], [-79.86017, 34.52051], [-79.86033, 34.5205], [-79.86044, 34.52051], [-79.8606, 34.52055], [-79.86065, 34.52058], [-79.86071, 34.52065], [-79.86077, 34.52065], [-79.86089, 34.52059], [-79.86095, 34.52058], [-79.861, 34.52059], [-79.8611, 34.52065], [-79.86127, 34.52087], [-79.86134, 34.52088], [-79.86143, 34.52087], [-79.8615, 34.52083], [-79.86158, 34.52083], [-79.86167, 34.52086], [-79.8619, 34.52105], [-79.86197, 34.52105], [-79.86203, 34.52104], [-79.86205, 34.52101], [-79.862, 34.52083], [-79.86206, 34.52072], [-79.86213, 34.52064], [-79.86217, 34.52063], [-79.8622, 34.52055], [-79.8622, 34.5205], [-79.86215, 34.52045], [-79.86215, 34.52038], [-79.86219, 34.52031], [-79.86218, 34.52019], [-79.86219, 34.52012], [-79.86204, 34.51992], [-79.86204, 34.51987], [-79.86209, 34.51979], [-79.86217, 34.5197], [-79.86219, 34.51966], [-79.86219, 34.51962], [-79.86222, 34.51955], [-79.86229, 34.5195], [-79.86233, 34.51945], [-79.8623, 34.51938], [-79.86223, 34.51932], [-79.86221, 34.51922], [-79.86223, 34.51909], [-79.86225, 34.51904], [-79.86229, 34.519], [-79.86243, 34.51886], [-79.86247, 34.51878], [-79.86252, 34.5187], [-79.86248, 34.51864], [-79.86243, 34.51848], [-79.86244, 34.5184], [-79.8624, 34.51834], [-79.86232, 34.51835], [-79.86227, 34.51845], [-79.8622, 34.51849], [-79.86213, 34.51848], [-79.86205, 34.51842], [-79.86202, 34.51832], [-79.86201, 34.51804], [-79.86199, 34.51802], [-79.86188, 34.51797], [-79.86174, 34.51793], [-79.86157, 34.51787], [-79.86151, 34.51782], [-79.86141, 34.51772], [-79.86145, 34.51765], [-79.86154, 34.51764], [-79.86169, 34.51769], [-79.86173, 34.51769], [-79.86194, 34.51769], [-79.86217, 34.51764], [-79.86235, 34.51758], [-79.86247, 34.51747], [-79.86252, 34.51736], [-79.86252, 34.51728], [-79.86248, 34.5172], [-79.86245, 34.51711], [-79.86252, 34.51696], [-79.86258, 34.51688], [-79.86264, 34.51663], [-79.86266, 34.51657], [-79.86285, 34.51655], [-79.86295, 34.51653], [-79.86299, 34.51648], [-79.86303, 34.51641], [-79.86303, 34.5163], [-79.86294, 34.51623], [-79.86291, 34.51619], [-79.86293, 34.51613], [-79.86303, 34.51608], [-79.86313, 34.51607], [-79.86316, 34.516], [-79.86313, 34.51593], [-79.86305, 34.51587], [-79.86298, 34.51576], [-79.86295, 34.51558], [-79.86289, 34.51545], [-79.8629, 34.51539], [-79.86293, 34.51531], [-79.86297, 34.51525], [-79.86295, 34.51517], [-79.86289, 34.51508], [-79.86289, 34.51502], [-79.86277, 34.515], [-79.86269, 34.51496], [-79.8627, 34.51489], [-79.86273, 34.51483], [-79.86291, 34.51475], [-79.86297, 34.51473], [-79.86307, 34.51462], [-79.86313, 34.51457], [-79.8632, 34.51453], [-79.86351, 34.51449], [-79.8636, 34.51443], [-79.86364, 34.51434], [-79.86364, 34.51424], [-79.86364, 34.51414], [-79.86368, 34.51403], [-79.86376, 34.51393], [-79.86383, 34.51387], [-79.86392, 34.51382], [-79.86403, 34.51381], [-79.86414, 34.51376], [-79.86426, 34.51367], [-79.86433, 34.51353], [-79.86434, 34.51341], [-79.86434, 34.51339], [-79.86437, 34.51331], [-79.86443, 34.51323], [-79.86447, 34.51321], [-79.86467, 34.51321], [-79.86473, 34.51318], [-79.86473, 34.51312], [-79.86468, 34.51297], [-79.86476, 34.5128], [-79.86478, 34.5127], [-79.86474, 34.51266], [-79.86458, 34.5126], [-79.86459, 34.51255], [-79.86458, 34.5125], [-79.86478, 34.51226], [-79.86487, 34.51211], [-79.86488, 34.51203], [-79.86488, 34.51195], [-79.86482, 34.51187], [-79.86469, 34.51176], [-79.86458, 34.5117], [-79.86455, 34.51165], [-79.86454, 34.51159], [-79.8646, 34.51151], [-79.86472, 34.5114], [-79.86471, 34.5113], [-79.86463, 34.51119], [-79.86441, 34.511], [-79.86436, 34.51095], [-79.86422, 34.51084], [-79.86405, 34.51069], [-79.86393, 34.51058], [-79.86372, 34.51026], [-79.86366, 34.51009], [-79.86356, 34.50945], [-79.86357, 34.50936], [-79.86363, 34.50925], [-79.86363, 34.50911], [-79.86366, 34.509], [-79.86366, 34.50889], [-79.86364, 34.50873], [-79.8637, 34.50856], [-79.86377, 34.50843], [-79.86388, 34.50829], [-79.86413, 34.50813], [-79.86429, 34.50802], [-79.86447, 34.50795], [-79.86488, 34.50782], [-79.86521, 34.50776], [-79.8654, 34.50774], [-79.86557, 34.50774], [-79.86573, 34.50776], [-79.86586, 34.50777], [-79.866, 34.50774], [-79.8662, 34.50765], [-79.86647, 34.50743], [-79.86651, 34.50739], [-79.86667, 34.50728], [-79.86671, 34.50726], [-79.86668, 34.50719], [-79.8666, 34.50702], [-79.86656, 34.50681], [-79.86656, 34.50666], [-79.8666, 34.50656], [-79.86666, 34.50647], [-79.86674, 34.50626], [-79.86681, 34.50599]]]}, "properties": {"geoid": "4567435", "name": "Society Hill", "facts": {"population": 388.0, "median_age": 44.9, "median_household_income": 32656.0, "poverty_rate_pct": 19.3, "unemployment_rate_pct": 0.0, "renter_share_pct": 26.7}, "factsSource": "US Census ACS 2024 5-year estimates"}}, {"type": "Feature", "geometry": {"type": "Polygon", "coordinates": [[[-79.96065, 34.14518], [-79.9606, 34.14507], [-79.96037, 34.14452], [-79.96013, 34.144], [-79.96008, 34.1439], [-79.95874, 34.14365], [-79.95765, 34.14339], [-79.95758, 34.1434], [-79.95724, 34.14344], [-79.95715, 34.14345], [-79.95698, 34.14348], [-79.95685, 34.14349], [-79.95678, 34.1435], [-79.9566, 34.14352], [-79.95635, 34.14356], [-79.95619, 34.14358], [-79.95603, 34.1436], [-79.95576, 34.14363], [-79.95565, 34.14365], [-79.95546, 34.14369], [-79.95545, 34.14327], [-79.95532, 34.14017], [-79.95519, 34.13656], [-79.95519, 34.13639], [-79.95518, 34.13619], [-79.95497, 34.13076], [-79.95509, 34.13068], [-79.95511, 34.13066], [-79.95512, 34.13064], [-79.95513, 34.1306], [-79.95512, 34.13058], [-79.95511, 34.13055], [-79.95511, 34.1305], [-79.95511, 34.13049], [-79.95512, 34.13048], [-79.95513, 34.13047], [-79.95518, 34.13045], [-79.95525, 34.13044], [-79.95534, 34.13041], [-79.95536, 34.1304], [-79.9554, 34.13038], [-79.95542, 34.13036], [-79.95545, 34.13034], [-79.95548, 34.13029], [-79.95551, 34.13022], [-79.95554, 34.13012], [-79.95555, 34.13009], [-79.95557, 34.13004], [-79.9556, 34.12992], [-79.95561, 34.12987], [-79.95561, 34.12981], [-79.95563, 34.12976], [-79.95564, 34.12974], [-79.95566, 34.12972], [-79.95569, 34.1297], [-79.95573, 34.12969], [-79.95591, 34.12967], [-79.95594, 34.12966], [-79.95596, 34.12965], [-79.95599, 34.12959], [-79.956, 34.12957], [-79.95603, 34.12954], [-79.95608, 34.1295], [-79.95612, 34.12948], [-79.95616, 34.12947], [-79.95618, 34.12945], [-79.9562, 34.12944], [-79.95625, 34.12935], [-79.95632, 34.12928], [-79.95639, 34.12923], [-79.95644, 34.12919], [-79.9565, 34.12917], [-79.95659, 34.12915], [-79.95669, 34.12915], [-79.95674, 34.12915], [-79.95686, 34.12911], [-79.95695, 34.12902], [-79.95698, 34.12896], [-79.95697, 34.1289], [-79.95698, 34.1288], [-79.957, 34.1287], [-79.95701, 34.12862], [-79.957, 34.12861], [-79.95703, 34.12849], [-79.95708, 34.12842], [-79.95717, 34.12832], [-79.95735, 34.12813], [-79.95742, 34.12803], [-79.95754, 34.12791], [-79.95764, 34.12782], [-79.9577, 34.12776], [-79.95773, 34.12774], [-79.95779, 34.1277], [-79.95788, 34.12767], [-79.95799, 34.12761], [-79.95746, 34.1269], [-79.95698, 34.12626], [-79.95686, 34.12619], [-79.9568, 34.12609], [-79.95677, 34.12594], [-79.95675, 34.12589], [-79.95674, 34.12588], [-79.95668, 34.12584], [-79.95664, 34.12582], [-79.95658, 34.12581], [-79.95654, 34.12579], [-79.95648, 34.12578], [-79.95637, 34.12575], [-79.95632, 34.12573], [-79.95628, 34.12571], [-79.95626, 34.12569], [-79.95623, 34.12565], [-79.95623, 34.12564], [-79.95621, 34.12562], [-79.95617, 34.12553], [-79.95614, 34.12547], [-79.9561, 34.12543], [-79.956, 34.12535], [-79.95597, 34.12534], [-79.95592, 34.12531], [-79.95587, 34.12525], [-79.95582, 34.12521], [-79.9558, 34.12519], [-79.95577, 34.12516], [-79.95573, 34.1251], [-79.9557, 34.12503], [-79.95548, 34.12516], [-79.95544, 34.12518], [-79.95263, 34.12677], [-79.9523, 34.12645], [-79.95221, 34.1265], [-79.95215, 34.12654], [-79.95208, 34.12658], [-79.95201, 34.12662], [-79.95194, 34.12666], [-79.95187, 34.1267], [-79.9518, 34.12673], [-79.95175, 34.12667], [-79.95176, 34.12664], [-79.95174, 34.12659], [-79.9514, 34.12614], [-79.95088, 34.12548], [-79.95084, 34.12539], [-79.9509, 34.12536], [-79.95099, 34.12531], [-79.95117, 34.12521], [-79.9508, 34.12475], [-79.95047, 34.12494], [-79.95018, 34.1251], [-79.94978, 34.1248], [-79.94994, 34.12454], [-79.94979, 34.12448], [-79.94998, 34.12416], [-79.94984, 34.12416], [-79.94952, 34.12467], [-79.94953, 34.12482], [-79.94953, 34.12494], [-79.94942, 34.12514], [-79.94938, 34.12523], [-79.94923, 34.12547], [-79.94921, 34.12551], [-79.94912, 34.12566], [-79.94894, 34.12597], [-79.94893, 34.126], [-79.94883, 34.12587], [-79.94849, 34.12544], [-79.9482, 34.12508], [-79.9487, 34.1248], [-79.94922, 34.12452], [-79.94921, 34.12451], [-79.94912, 34.12439], [-79.94895, 34.12419], [-79.94865, 34.1238], [-79.94855, 34.12368], [-79.94739, 34.12199], [-79.94782, 34.12183], [-79.94804, 34.12173], [-79.94503, 34.11688], [-79.93992, 34.11849], [-79.94159, 34.12068], [-79.94244, 34.12188], [-79.94039, 34.12265], [-79.9403, 34.12269], [-79.94024, 34.12261], [-79.94009, 34.12232], [-79.94002, 34.12219], [-79.93994, 34.12199], [-79.93988, 34.12178], [-79.93983, 34.12157], [-79.93978, 34.12127], [-79.93976, 34.12108], [-79.93976, 34.12089], [-79.93977, 34.12081], [-79.93977, 34.12037], [-79.93979, 34.11936], [-79.93981, 34.1183], [-79.93981, 34.11802], [-79.93983, 34.11749], [-79.93983, 34.11667], [-79.93982, 34.11585], [-79.9398, 34.11528], [-79.9391, 34.11556], [-79.93402, 34.11821], [-79.9309, 34.11984], [-79.9307, 34.11994], [-79.93018, 34.12019], [-79.92998, 34.1203], [-79.92968, 34.12045], [-79.92957, 34.12049], [-79.92949, 34.12053], [-79.92859, 34.12098], [-79.927, 34.1218], [-79.92733, 34.12196], [-79.92743, 34.12202], [-79.9286, 34.12261], [-79.93019, 34.12187], [-79.93027, 34.12184], [-79.93032, 34.12193], [-79.93054, 34.12234], [-79.93099, 34.12314], [-79.93119, 34.12352], [-79.9319, 34.12484], [-79.93197, 34.12498], [-79.93233, 34.12559], [-79.9324, 34.12571], [-79.93243, 34.12575], [-79.93247, 34.1258], [-79.93264, 34.12597], [-79.93276, 34.12607], [-79.93241, 34.12631], [-79.9323, 34.1264], [-79.93161, 34.12697], [-79.93089, 34.12755], [-79.93078, 34.12764], [-79.93016, 34.12819], [-79.92976, 34.12782], [-79.9269, 34.12515], [-79.92646, 34.12474], [-79.92585, 34.12516], [-79.9231, 34.12704], [-79.92232, 34.12759], [-79.92217, 34.12769], [-79.92206, 34.12776], [-79.92197, 34.12782], [-79.92182, 34.12794], [-79.92169, 34.12802], [-79.9215, 34.12815], [-79.92133, 34.12826], [-79.9212, 34.12836], [-79.9211, 34.12843], [-79.921, 34.12849], [-79.9209, 34.12856], [-79.92081, 34.12862], [-79.92075, 34.12866], [-79.9206, 34.12876], [-79.92031, 34.12896], [-79.91821, 34.13037], [-79.9176, 34.13078], [-79.91896, 34.13168], [-79.91943, 34.13118], [-79.91968, 34.13135], [-79.91919, 34.13183], [-79.91941, 34.13199], [-79.91957, 34.13209], [-79.91974, 34.13219], [-79.91992, 34.13227], [-79.92012, 34.13235], [-79.9203, 34.1324], [-79.9205, 34.13245], [-79.92173, 34.13268], [-79.92234, 34.1328], [-79.92344, 34.13305], [-79.92387, 34.13315], [-79.92411, 34.1323], [-79.92429, 34.13174], [-79.92477, 34.13217], [-79.92485, 34.13221], [-79.92526, 34.13241], [-79.92575, 34.13265], [-79.92551, 34.13284], [-79.92539, 34.13295], [-79.92531, 34.13301], [-79.92477, 34.13344], [-79.92484, 34.13349], [-79.92498, 34.13357], [-79.92511, 34.13368], [-79.92529, 34.13386], [-79.92677, 34.13539], [-79.9271, 34.13522], [-79.92736, 34.13507], [-79.9276, 34.13494], [-79.92777, 34.13485], [-79.92784, 34.13481], [-79.92791, 34.13476], [-79.9283, 34.13459], [-79.9285, 34.13449], [-79.9288, 34.1348], [-79.92886, 34.13473], [-79.92907, 34.13495], [-79.92911, 34.13543], [-79.92923, 34.13737], [-79.92918, 34.13751], [-79.92903, 34.1376], [-79.92894, 34.13765], [-79.92761, 34.13838], [-79.92747, 34.13846], [-79.92537, 34.13965], [-79.92497, 34.13989], [-79.92475, 34.14002], [-79.92441, 34.14024], [-79.92356, 34.1408], [-79.92302, 34.14115], [-79.92256, 34.14144], [-79.92237, 34.14154], [-79.92203, 34.14172], [-79.92186, 34.1418], [-79.92181, 34.14182], [-79.92187, 34.14194], [-79.92241, 34.14222], [-79.92209, 34.14253], [-79.92411, 34.14377], [-79.92434, 34.14397], [-79.92451, 34.14385], [-79.92538, 34.14337], [-79.92554, 34.14329], [-79.92647, 34.14277], [-79.9259, 34.14206], [-79.92569, 34.14176], [-79.92563, 34.14163], [-79.9256, 34.14156], [-79.92563, 34.14154], [-79.92559, 34.14147], [-79.92522, 34.14099], [-79.92551, 34.14092], [-79.92574, 34.14086], [-79.92601, 34.14081], [-79.92629, 34.14077], [-79.9266, 34.14072], [-79.92691, 34.1407], [-79.92761, 34.14065], [-79.92882, 34.14059], [-79.92976, 34.14053], [-79.92992, 34.14051], [-79.9301, 34.14049], [-79.93029, 34.14046], [-79.93047, 34.14041], [-79.93056, 34.14047], [-79.93074, 34.14061], [-79.93077, 34.14064], [-79.93086, 34.14073], [-79.93096, 34.14083], [-79.92824, 34.14241], [-79.93013, 34.14467], [-79.93016, 34.14462], [-79.93017, 34.14456], [-79.93017, 34.14446], [-79.93012, 34.14422], [-79.9299, 34.14401], [-79.92985, 34.14385], [-79.92986, 34.1438], [-79.92987, 34.14374], [-79.93002, 34.1436], [-79.93007, 34.14356], [-79.93015, 34.14354], [-79.93029, 34.1435], [-79.93035, 34.1435], [-79.9304, 34.14352], [-79.93057, 34.14363], [-79.93062, 34.14365], [-79.93071, 34.14365], [-79.93077, 34.1436], [-79.9308, 34.14356], [-79.93084, 34.14349], [-79.93088, 34.14338], [-79.9309, 34.14329], [-79.93094, 34.14322], [-79.93098, 34.14317], [-79.93102, 34.14315], [-79.93119, 34.14305], [-79.93133, 34.14303], [-79.93151, 34.14297], [-79.93156, 34.14296], [-79.9316, 34.14291], [-79.93164, 34.14285], [-79.9317, 34.14278], [-79.93174, 34.14276], [-79.93179, 34.14276], [-79.9319, 34.14278], [-79.93204, 34.14288], [-79.93213, 34.14295], [-79.93224, 34.14296], [-79.93244, 34.1429], [-79.93252, 34.14285], [-79.93261, 34.14277], [-79.9327, 34.14269], [-79.93278, 34.14264], [-79.93269, 34.14255], [-79.93279, 34.14246], [-79.93294, 34.14235], [-79.93304, 34.1423], [-79.93316, 34.14224], [-79.93341, 34.14227], [-79.93366, 34.1423], [-79.93386, 34.14233], [-79.93401, 34.14233], [-79.93406, 34.1423], [-79.93415, 34.14223], [-79.93481, 34.14315], [-79.93637, 34.14532], [-79.93673, 34.14583], [-79.93819, 34.14784], [-79.93857, 34.14836], [-79.93917, 34.14806], [-79.93926, 34.14786], [-79.94155, 34.14784], [-79.94178, 34.14783], [-79.94183, 34.14713], [-79.94186, 34.1466], [-79.94401, 34.14665], [-79.94397, 34.14649], [-79.94399, 34.14648], [-79.94451, 34.14622], [-79.94463, 34.14614], [-79.94476, 34.14626], [-79.94479, 34.14629], [-79.94502, 34.14649], [-79.94508, 34.14654], [-79.94549, 34.14697], [-79.94553, 34.14701], [-79.9456, 34.14707], [-79.94564, 34.1471], [-79.94566, 34.14712], [-79.94569, 34.14715], [-79.94586, 34.14732], [-79.94588, 34.14733], [-79.94596, 34.14742], [-79.94597, 34.14744], [-79.94598, 34.14745], [-79.94602, 34.14748], [-79.94605, 34.14753], [-79.94611, 34.14757], [-79.94617, 34.14763], [-79.94622, 34.14768], [-79.94626, 34.14771], [-79.94628, 34.14772], [-79.94631, 34.14774], [-79.94636, 34.14779], [-79.94638, 34.14781], [-79.94641, 34.14783], [-79.94644, 34.14785], [-79.9465, 34.14788], [-79.9465, 34.1479], [-79.94651, 34.14792], [-79.94653, 34.14794], [-79.94705, 34.14752], [-79.94682, 34.1473], [-79.94658, 34.14708], [-79.9471, 34.1467], [-79.9469, 34.14652], [-79.94685, 34.14647], [-79.94661, 34.14625], [-79.94638, 34.14603], [-79.94614, 34.1458], [-79.946, 34.14566], [-79.94589, 34.14557], [-79.94565, 34.14534], [-79.94541, 34.14511], [-79.94516, 34.14487], [-79.94492, 34.14464], [-79.94475, 34.14447], [-79.94521, 34.14413], [-79.94456, 34.1435], [-79.94469, 34.14341], [-79.94487, 34.14358], [-79.94512, 34.1434], [-79.94534, 34.14324], [-79.94561, 34.14352], [-79.94566, 34.14356], [-79.94569, 34.14357], [-79.94574, 34.14358], [-79.94578, 34.14357], [-79.94621, 34.144], [-79.94649, 34.14428], [-79.94654, 34.14422], [-79.9466, 34.14414], [-79.94693, 34.14481], [-79.9475, 34.1445], [-79.94765, 34.14442], [-79.94816, 34.14414], [-79.94833, 34.14405], [-79.94878, 34.14465], [-79.9485, 34.14469], [-79.94834, 34.14472], [-79.9483, 34.14472], [-79.94824, 34.14473], [-79.94817, 34.14474], [-79.94805, 34.14475], [-79.94776, 34.1448], [-79.94765, 34.14482], [-79.94757, 34.14483], [-79.94752, 34.14484], [-79.9475, 34.14484], [-79.94737, 34.14486], [-79.94732, 34.14486], [-79.94721, 34.14487], [-79.94744, 34.14512], [-79.94775, 34.14545], [-79.94864, 34.14642], [-79.94992, 34.14627], [-79.95242, 34.14604], [-79.95266, 34.14601], [-79.95392, 34.14584], [-79.95584, 34.14559], [-79.95981, 34.14504], [-79.95993, 34.14532], [-79.96057, 34.1452], [-79.96065, 34.14518]]]}, "properties": {"geoid": "4571980", "name": "Timmonsville", "facts": {"population": 2045.0, "median_age": 38.1, "median_household_income": 34630.0, "poverty_rate_pct": 31.2, "unemployment_rate_pct": 8.4, "renter_share_pct": 54.4}, "factsSource": "US Census ACS 2024 5-year estimates"}}, {"type": "Feature", "geometry": {"type": "MultiPolygon", "coordinates": [[[[-79.76577, 33.97197], [-79.76577, 33.97165], [-79.76575, 33.97133], [-79.76573, 33.97101], [-79.7657, 33.97068], [-79.76566, 33.97036], [-79.76562, 33.97004], [-79.76556, 33.96972], [-79.7655, 33.9694], [-79.76542, 33.96908], [-79.76534, 33.96877], [-79.76525, 33.96845], [-79.76516, 33.96814], [-79.76505, 33.96783], [-79.76494, 33.96752], [-79.76481, 33.96721], [-79.76468, 33.96691], [-79.76454, 33.96661], [-79.76439, 33.96631], [-79.76424, 33.96601], [-79.76408, 33.96572], [-79.76391, 33.96543], [-79.76373, 33.96514], [-79.76354, 33.96486], [-79.76335, 33.96458], [-79.76315, 33.9643], [-79.76294, 33.96403], [-79.76272, 33.96376], [-79.7625, 33.96349], [-79.76227, 33.96323], [-79.76203, 33.96298], [-79.76179, 33.96272], [-79.76154, 33.96248], [-79.76128, 33.96224], [-79.76105, 33.96202], [-79.76075, 33.96177], [-79.76047, 33.96154], [-79.76019, 33.96132], [-79.75991, 33.9611], [-79.75961, 33.96089], [-79.75931, 33.96068], [-79.75901, 33.96048], [-79.7587, 33.96029], [-79.75861, 33.96023], [-79.75839, 33.9601], [-79.75807, 33.95991], [-79.75794, 33.95985], [-79.75774, 33.95974], [-79.75741, 33.95956], [-79.75708, 33.9594], [-79.75674, 33.95924], [-79.7564, 33.95909], [-79.75605, 33.95894], [-79.7557, 33.9588], [-79.75535, 33.95867], [-79.75499, 33.95854], [-79.75463, 33.95842], [-79.75427, 33.95831], [-79.7539, 33.9582], [-79.75353, 33.9581], [-79.75316, 33.95801], [-79.75279, 33.95792], [-79.75241, 33.95784], [-79.75203, 33.95777], [-79.75165, 33.95771], [-79.75127, 33.95765], [-79.75089, 33.9576], [-79.7505, 33.95756], [-79.75012, 33.95752], [-79.74973, 33.95749], [-79.74934, 33.95747], [-79.74896, 33.95745], [-79.74857, 33.95745], [-79.74844, 33.95745], [-79.74825, 33.95745], [-79.74818, 33.95745], [-79.74779, 33.95745], [-79.7474, 33.95747], [-79.74716, 33.95748], [-79.74663, 33.95752], [-79.74624, 33.95755], [-79.74586, 33.95759], [-79.74548, 33.95765], [-79.74509, 33.9577], [-79.74471, 33.95777], [-79.74433, 33.95784], [-79.74396, 33.95792], [-79.74358, 33.958], [-79.74321, 33.95809], [-79.74284, 33.95819], [-79.74248, 33.9583], [-79.74211, 33.95841], [-79.74175, 33.95853], [-79.74139, 33.95865], [-79.74104, 33.95879], [-79.74069, 33.95893], [-79.74034, 33.95907], [-79.74, 33.95922], [-79.73966, 33.95938], [-79.73933, 33.95955], [-79.739, 33.95972], [-79.73867, 33.95989], [-79.73835, 33.96008], [-79.73804, 33.96026], [-79.73773, 33.96046], [-79.73742, 33.96066], [-79.73712, 33.96086], [-79.73683, 33.96107], [-79.73654, 33.96129], [-79.73626, 33.96151], [-79.73598, 33.96174], [-79.73571, 33.96197], [-79.73545, 33.96221], [-79.7353, 33.96235], [-79.73519, 33.96245], [-79.73494, 33.9627], [-79.7347, 33.96295], [-79.73446, 33.96321], [-79.73421, 33.96348], [-79.73414, 33.96346], [-79.73349, 33.96326], [-79.73342, 33.96324], [-79.7334, 33.96328], [-79.73326, 33.96359], [-79.73319, 33.96375], [-79.73327, 33.96378], [-79.73379, 33.964], [-79.73358, 33.96427], [-79.73338, 33.96455], [-79.73318, 33.96483], [-79.733, 33.96511], [-79.73282, 33.9654], [-79.73264, 33.96569], [-79.73254, 33.96588], [-79.73248, 33.96598], [-79.73233, 33.96628], [-79.73218, 33.96657], [-79.73204, 33.96688], [-79.73191, 33.96718], [-79.73178, 33.96749], [-79.73167, 33.9678], [-79.73156, 33.96811], [-79.73146, 33.96842], [-79.73137, 33.96873], [-79.73132, 33.96894], [-79.73129, 33.96905], [-79.73121, 33.96937], [-79.73109, 33.97001], [-79.73101, 33.97065], [-79.73095, 33.97129], [-79.73094, 33.97162], [-79.73094, 33.97194], [-79.73095, 33.97259], [-79.73097, 33.97291], [-79.73102, 33.97327], [-79.73104, 33.97355], [-79.73114, 33.9742], [-79.73121, 33.97451], [-79.73136, 33.97515], [-79.73145, 33.97546], [-79.73165, 33.97609], [-79.73177, 33.9764], [-79.73196, 33.97687], [-79.73216, 33.97731], [-79.73246, 33.9779], [-79.73263, 33.9782], [-79.73298, 33.97877], [-79.73347, 33.97951], [-79.73356, 33.97961], [-79.73376, 33.97989], [-79.73398, 33.98016], [-79.7342, 33.98042], [-79.73443, 33.98068], [-79.73467, 33.98094], [-79.73491, 33.98119], [-79.73516, 33.98144], [-79.73542, 33.98168], [-79.73568, 33.98192], [-79.73595, 33.98215], [-79.73623, 33.98238], [-79.73651, 33.9826], [-79.7368, 33.98282], [-79.73709, 33.98303], [-79.73739, 33.98323], [-79.73769, 33.98344], [-79.73801, 33.98363], [-79.73832, 33.98382], [-79.73864, 33.984], [-79.73896, 33.98418], [-79.73929, 33.98435], [-79.73963, 33.98452], [-79.73997, 33.98468], [-79.74031, 33.98483], [-79.74074, 33.98502], [-79.741, 33.98511], [-79.74136, 33.98525], [-79.74171, 33.98537], [-79.74208, 33.98549], [-79.74244, 33.98561], [-79.7428, 33.98571], [-79.74317, 33.98581], [-79.74355, 33.98591], [-79.74392, 33.98599], [-79.7443, 33.98607], [-79.74468, 33.98614], [-79.74506, 33.98621], [-79.74544, 33.98626], [-79.74582, 33.98632], [-79.74621, 33.98636], [-79.74659, 33.9864], [-79.74698, 33.98642], [-79.74736, 33.98645], [-79.74775, 33.98646], [-79.74814, 33.98647], [-79.74852, 33.98647], [-79.74905, 33.98646], [-79.74929, 33.98645], [-79.74935, 33.98644], [-79.74954, 33.98643], [-79.74967, 33.98643], [-79.75006, 33.9864], [-79.75044, 33.98637], [-79.75082, 33.98632], [-79.7512, 33.98627], [-79.75157, 33.98622], [-79.75195, 33.98616], [-79.75233, 33.98609], [-79.7527, 33.98601], [-79.75307, 33.98593], [-79.75344, 33.98584], [-79.7538, 33.98574], [-79.75416, 33.98564], [-79.75452, 33.98553], [-79.75488, 33.98541], [-79.75515, 33.98531], [-79.75559, 33.98516], [-79.75562, 33.9854], [-79.76053, 33.98558], [-79.76053, 33.98622], [-79.76053, 33.98637], [-79.76132, 33.9865], [-79.76189, 33.98659], [-79.76545, 33.98718], [-79.76529, 33.98567], [-79.76524, 33.98523], [-79.76523, 33.98504], [-79.76541, 33.98506], [-79.76545, 33.98428], [-79.76515, 33.9841], [-79.76011, 33.9838], [-79.75926, 33.9837], [-79.75927, 33.98361], [-79.75898, 33.98346], [-79.75928, 33.98326], [-79.75958, 33.98305], [-79.75987, 33.98284], [-79.76016, 33.98262], [-79.76044, 33.9824], [-79.76072, 33.98218], [-79.76099, 33.98194], [-79.76126, 33.98171], [-79.76151, 33.98146], [-79.76176, 33.98122], [-79.76201, 33.98097], [-79.76225, 33.98071], [-79.76248, 33.98045], [-79.7627, 33.98019], [-79.76292, 33.97992], [-79.76313, 33.97964], [-79.76333, 33.97937], [-79.76352, 33.97909], [-79.76371, 33.9788], [-79.76389, 33.97852], [-79.76406, 33.97823], [-79.76426, 33.97786], [-79.76438, 33.97764], [-79.76453, 33.97734], [-79.76467, 33.97704], [-79.7648, 33.97673], [-79.76492, 33.97643], [-79.76504, 33.97612], [-79.76515, 33.97581], [-79.76524, 33.9755], [-79.76534, 33.97518], [-79.76542, 33.97487], [-79.76549, 33.97455], [-79.76555, 33.97423], [-79.76561, 33.97391], [-79.76566, 33.97359], [-79.7657, 33.97327], [-79.76573, 33.97294], [-79.76575, 33.97262], [-79.76576, 33.9723], [-79.76577, 33.97197]]], [[[-79.73056, 33.96527], [-79.73076, 33.9645], [-79.73033, 33.96437], [-79.73041, 33.96419], [-79.73052, 33.96389], [-79.73059, 33.9637], [-79.73052, 33.96368], [-79.73018, 33.96371], [-79.72995, 33.96391], [-79.72971, 33.96444], [-79.72934, 33.96502], [-79.72931, 33.96511], [-79.72973, 33.9652], [-79.72976, 33.96511], [-79.72986, 33.96479], [-79.72991, 33.96463], [-79.73025, 33.96464], [-79.73008, 33.96517], [-79.73006, 33.96526], [-79.73039, 33.96533], [-79.73053, 33.96536], [-79.73056, 33.96527]]], [[[-79.7501, 33.99836], [-79.75005, 33.99762], [-79.74995, 33.99619], [-79.74967, 33.99219], [-79.74959, 33.99217], [-79.7499, 33.99745], [-79.74998, 33.99833], [-79.7501, 33.99836]]]]}, "properties": {"geoid": "4517215", "name": "Coward", "facts": {"population": 853.0, "median_age": 38.5, "median_household_income": 35375.0, "poverty_rate_pct": 34.3, "unemployment_rate_pct": 8.6, "renter_share_pct": 36.3}, "factsSource": "US Census ACS 2024 5-year estimates"}}, {"type": "Feature", "geometry": {"type": "Polygon", "coordinates": [[[-79.90077, 34.29133], [-79.90077, 34.29099], [-79.90049, 34.291], [-79.8991, 34.29123], [-79.89899, 34.29124], [-79.89895, 34.29125], [-79.89895, 34.2913], [-79.89894, 34.29159], [-79.89894, 34.29228], [-79.89894, 34.29245], [-79.89894, 34.29267], [-79.89894, 34.29316], [-79.89893, 34.29359], [-79.89893, 34.29373], [-79.89893, 34.29387], [-79.89893, 34.29401], [-79.89852, 34.29401], [-79.89812, 34.29401], [-79.89809, 34.29401], [-79.89803, 34.29403], [-79.89721, 34.29403], [-79.89722, 34.29291], [-79.89722, 34.29265], [-79.89722, 34.29137], [-79.89722, 34.29132], [-79.89697, 34.29132], [-79.89674, 34.29132], [-79.89638, 34.29145], [-79.89623, 34.29151], [-79.89619, 34.29154], [-79.89613, 34.29159], [-79.89548, 34.29189], [-79.8952, 34.29212], [-79.89479, 34.29246], [-79.89428, 34.29265], [-79.89426, 34.29266], [-79.89409, 34.29286], [-79.894, 34.29275], [-79.89358, 34.29221], [-79.89314, 34.29164], [-79.89268, 34.29156], [-79.89233, 34.2915], [-79.89199, 34.29141], [-79.89203, 34.29138], [-79.89189, 34.29127], [-79.89215, 34.29109], [-79.89203, 34.29097], [-79.89211, 34.29092], [-79.89187, 34.29039], [-79.89178, 34.29033], [-79.89171, 34.29038], [-79.89164, 34.29044], [-79.89152, 34.29054], [-79.89131, 34.29072], [-79.89112, 34.29087], [-79.8908, 34.29113], [-79.89047, 34.29139], [-79.8904, 34.29146], [-79.89014, 34.29166], [-79.89005, 34.29173], [-79.88987, 34.29187], [-79.88949, 34.29217], [-79.8894, 34.29224], [-79.88971, 34.2925], [-79.88989, 34.29267], [-79.8901, 34.29287], [-79.89021, 34.29299], [-79.89029, 34.29309], [-79.89062, 34.29416], [-79.89051, 34.29423], [-79.89046, 34.29427], [-79.89042, 34.29431], [-79.89032, 34.29437], [-79.89025, 34.29444], [-79.89019, 34.29449], [-79.89014, 34.29454], [-79.89009, 34.29467], [-79.89009, 34.29477], [-79.8901, 34.29486], [-79.89007, 34.29501], [-79.89002, 34.29512], [-79.88999, 34.29516], [-79.88994, 34.29521], [-79.88991, 34.2952], [-79.88961, 34.2951], [-79.88926, 34.29499], [-79.88918, 34.29497], [-79.88905, 34.29493], [-79.88865, 34.29483], [-79.88834, 34.29478], [-79.88816, 34.29475], [-79.88807, 34.29474], [-79.88822, 34.29468], [-79.88823, 34.29465], [-79.88838, 34.29428], [-79.8884, 34.29422], [-79.88837, 34.29417], [-79.88822, 34.294], [-79.88818, 34.29396], [-79.8881, 34.29387], [-79.88805, 34.29383], [-79.88802, 34.29379], [-79.88784, 34.29363], [-79.88773, 34.29355], [-79.88762, 34.29347], [-79.88757, 34.29344], [-79.88753, 34.29341], [-79.88744, 34.29335], [-79.88721, 34.29316], [-79.88717, 34.29312], [-79.88712, 34.29309], [-79.88705, 34.29302], [-79.88695, 34.29294], [-79.88682, 34.29284], [-79.88678, 34.2928], [-79.88669, 34.29273], [-79.88666, 34.2927], [-79.88665, 34.29269], [-79.8866, 34.29265], [-79.88651, 34.29257], [-79.88647, 34.29253], [-79.88644, 34.29249], [-79.88637, 34.29243], [-79.88634, 34.29239], [-79.88624, 34.29229], [-79.88636, 34.29218], [-79.88644, 34.29212], [-79.88512, 34.29092], [-79.8851, 34.28979], [-79.8851, 34.28944], [-79.88444, 34.28931], [-79.88424, 34.2889], [-79.88419, 34.28884], [-79.88412, 34.28875], [-79.88386, 34.28884], [-79.883, 34.28795], [-79.88392, 34.2884], [-79.88409, 34.28825], [-79.88415, 34.28819], [-79.88433, 34.28801], [-79.88442, 34.28801], [-79.88503, 34.28802], [-79.88508, 34.28591], [-79.88508, 34.28559], [-79.8851, 34.28497], [-79.88462, 34.28483], [-79.88244, 34.28417], [-79.8824, 34.28491], [-79.88238, 34.28543], [-79.88236, 34.28575], [-79.88236, 34.28585], [-79.88188, 34.28587], [-79.881, 34.28586], [-79.88069, 34.28585], [-79.8807, 34.28551], [-79.88071, 34.28494], [-79.88075, 34.28401], [-79.88069, 34.28397], [-79.88061, 34.28399], [-79.88027, 34.28407], [-79.87961, 34.28418], [-79.87749, 34.28453], [-79.87745, 34.28454], [-79.87744, 34.28451], [-79.87741, 34.28435], [-79.87335, 34.28518], [-79.87331, 34.28518], [-79.87301, 34.28512], [-79.87257, 34.28505], [-79.87261, 34.28516], [-79.87262, 34.28519], [-79.87094, 34.28489], [-79.87109, 34.28538], [-79.87028, 34.28554], [-79.86969, 34.28508], [-79.86932, 34.28479], [-79.86917, 34.28485], [-79.86903, 34.2849], [-79.86893, 34.28493], [-79.86849, 34.28509], [-79.86871, 34.28543], [-79.86881, 34.28564], [-79.86851, 34.28577], [-79.86841, 34.28581], [-79.86836, 34.28576], [-79.86794, 34.28532], [-79.86761, 34.28495], [-79.86733, 34.28507], [-79.86748, 34.28529], [-79.86739, 34.28534], [-79.86606, 34.28582], [-79.86603, 34.28583], [-79.866, 34.28578], [-79.86584, 34.28552], [-79.86516, 34.28581], [-79.86547, 34.28632], [-79.86549, 34.28634], [-79.86401, 34.28694], [-79.86384, 34.28705], [-79.86332, 34.28619], [-79.86301, 34.28569], [-79.86284, 34.28544], [-79.86007, 34.28662], [-79.85997, 34.28667], [-79.85986, 34.28649], [-79.85996, 34.28643], [-79.86051, 34.2862], [-79.86036, 34.28596], [-79.86028, 34.28583], [-79.8602, 34.2857], [-79.85964, 34.28594], [-79.85953, 34.28598], [-79.85934, 34.28571], [-79.85946, 34.28565], [-79.85954, 34.28561], [-79.85963, 34.28557], [-79.85967, 34.28555], [-79.85994, 34.28543], [-79.85992, 34.2854], [-79.85982, 34.28524], [-79.85974, 34.28512], [-79.85925, 34.28533], [-79.85915, 34.28538], [-79.85898, 34.28512], [-79.85891, 34.28501], [-79.85995, 34.28454], [-79.86096, 34.2841], [-79.86165, 34.28382], [-79.86175, 34.2838], [-79.86258, 34.28339], [-79.86279, 34.28328], [-79.86263, 34.28326], [-79.86198, 34.28314], [-79.86189, 34.28312], [-79.86194, 34.28294], [-79.86195, 34.28287], [-79.86191, 34.28287], [-79.86186, 34.28286], [-79.86162, 34.28282], [-79.85958, 34.28246], [-79.85969, 34.28194], [-79.86033, 34.28165], [-79.86032, 34.28162], [-79.85956, 34.2804], [-79.85893, 34.28067], [-79.85778, 34.28117], [-79.85772, 34.28108], [-79.85762, 34.28093], [-79.85754, 34.2808], [-79.85725, 34.2809], [-79.85709, 34.28066], [-79.85703, 34.28055], [-79.85693, 34.28039], [-79.85655, 34.28056], [-79.85634, 34.28066], [-79.85629, 34.28058], [-79.85609, 34.28067], [-79.85594, 34.28073], [-79.85585, 34.28077], [-79.85576, 34.28081], [-79.85557, 34.28089], [-79.85548, 34.28092], [-79.85528, 34.28101], [-79.85526, 34.28102], [-79.85566, 34.28165], [-79.85517, 34.28209], [-79.85491, 34.28227], [-79.85484, 34.28234], [-79.85529, 34.28242], [-79.85726, 34.28256], [-79.85748, 34.28287], [-79.85674, 34.28321], [-79.85651, 34.28289], [-79.85538, 34.28348], [-79.85566, 34.28375], [-79.85409, 34.28456], [-79.85336, 34.2849], [-79.85337, 34.28491], [-79.85352, 34.28493], [-79.85359, 34.28499], [-79.85366, 34.28512], [-79.85379, 34.28537], [-79.85397, 34.28559], [-79.85408, 34.28568], [-79.85414, 34.28586], [-79.85414, 34.28595], [-79.85419, 34.28648], [-79.8542, 34.28657], [-79.85429, 34.28667], [-79.85446, 34.2866], [-79.85447, 34.2867], [-79.85486, 34.28676], [-79.85602, 34.2867], [-79.85667, 34.28638], [-79.85674, 34.28634], [-79.85679, 34.28641], [-79.85697, 34.28673], [-79.85724, 34.28709], [-79.85771, 34.28789], [-79.85875, 34.28733], [-79.859, 34.28772], [-79.85822, 34.28809], [-79.85816, 34.28811], [-79.85793, 34.28823], [-79.85763, 34.28837], [-79.85753, 34.28843], [-79.85742, 34.28848], [-79.85739, 34.2885], [-79.85722, 34.28858], [-79.85711, 34.28863], [-79.857, 34.28869], [-79.85689, 34.28874], [-79.85678, 34.2888], [-79.85655, 34.28891], [-79.85565, 34.28936], [-79.85545, 34.28946], [-79.85532, 34.28952], [-79.85507, 34.28965], [-79.85486, 34.28976], [-79.8544, 34.28999], [-79.85406, 34.29016], [-79.85326, 34.29056], [-79.85287, 34.29076], [-79.85273, 34.29079], [-79.85505, 34.29273], [-79.85536, 34.29299], [-79.8555, 34.29307], [-79.85719, 34.29349], [-79.85804, 34.2937], [-79.85771, 34.29476], [-79.85768, 34.29482], [-79.85717, 34.2963], [-79.85709, 34.29621], [-79.85683, 34.29586], [-79.85664, 34.29563], [-79.85655, 34.29551], [-79.85646, 34.29542], [-79.85638, 34.2953], [-79.85619, 34.29507], [-79.85611, 34.29496], [-79.85593, 34.29473], [-79.85575, 34.2945], [-79.8555, 34.29417], [-79.85537, 34.29401], [-79.85531, 34.29403], [-79.85476, 34.29432], [-79.85412, 34.29466], [-79.85281, 34.29534], [-79.85232, 34.29559], [-79.85239, 34.29564], [-79.85245, 34.29564], [-79.85251, 34.29567], [-79.85258, 34.29571], [-79.85268, 34.29577], [-79.85277, 34.29584], [-79.85286, 34.29589], [-79.85293, 34.29595], [-79.85307, 34.29605], [-79.85316, 34.29609], [-79.85323, 34.29615], [-79.85328, 34.2962], [-79.85336, 34.29625], [-79.85342, 34.2963], [-79.85359, 34.29644], [-79.85364, 34.29649], [-79.85387, 34.29677], [-79.85404, 34.29697], [-79.85408, 34.29703], [-79.85421, 34.2972], [-79.85426, 34.29726], [-79.85442, 34.29746], [-79.85447, 34.29754], [-79.85453, 34.29761], [-79.85464, 34.29775], [-79.8547, 34.29782], [-79.85471, 34.29784], [-79.85474, 34.29789], [-79.85479, 34.29796], [-79.85485, 34.29802], [-79.85489, 34.2981], [-79.85504, 34.29829], [-79.85509, 34.29836], [-79.85527, 34.2986], [-79.85532, 34.29865], [-79.85533, 34.29867], [-79.85535, 34.29871], [-79.85541, 34.29876], [-79.85548, 34.29887], [-79.8555, 34.2989], [-79.85568, 34.2991], [-79.8557, 34.29915], [-79.85589, 34.29939], [-79.85592, 34.29944], [-79.85596, 34.29948], [-79.85599, 34.29953], [-79.85603, 34.29957], [-79.85606, 34.29962], [-79.8561, 34.29965], [-79.85612, 34.29969], [-79.85615, 34.29973], [-79.85622, 34.29978], [-79.85626, 34.29982], [-79.85448, 34.30517], [-79.85423, 34.3054], [-79.85391, 34.30572], [-79.85371, 34.30595], [-79.85358, 34.3061], [-79.85332, 34.30639], [-79.85305, 34.30672], [-79.85286, 34.30698], [-79.85274, 34.3072], [-79.85263, 34.30743], [-79.8525, 34.30766], [-79.85242, 34.3078], [-79.85225, 34.30815], [-79.85214, 34.30848], [-79.85204, 34.30878], [-79.85196, 34.3091], [-79.85033, 34.30876], [-79.85027, 34.30922], [-79.85079, 34.30998], [-79.85086, 34.31019], [-79.84963, 34.30988], [-79.84919, 34.30977], [-79.84922, 34.30965], [-79.84932, 34.30924], [-79.84944, 34.30873], [-79.84957, 34.30816], [-79.84972, 34.30752], [-79.8498, 34.30718], [-79.8498, 34.30717], [-79.84934, 34.3069], [-79.85121, 34.30551], [-79.8517, 34.30515], [-79.85188, 34.30488], [-79.85248, 34.30401], [-79.85175, 34.30294], [-79.85119, 34.30314], [-79.8507, 34.30226], [-79.85067, 34.30188], [-79.85057, 34.3016], [-79.851, 34.3014], [-79.85121, 34.29974], [-79.85085, 34.29929], [-79.85049, 34.29925], [-79.84969, 34.29917], [-79.84946, 34.29915], [-79.8492, 34.29913], [-79.84907, 34.29921], [-79.84851, 34.29958], [-79.8484, 34.29966], [-79.84787, 34.3], [-79.84648, 34.30091], [-79.84644, 34.30096], [-79.8468, 34.30135], [-79.84711, 34.30167], [-79.84704, 34.30171], [-79.84635, 34.30218], [-79.84688, 34.30277], [-79.84681, 34.30282], [-79.84673, 34.30287], [-79.84621, 34.30323], [-79.84609, 34.30332], [-79.84538, 34.30258], [-79.84512, 34.30232], [-79.84595, 34.30176], [-79.84585, 34.30166], [-79.84536, 34.30115], [-79.84505, 34.30083], [-79.84422, 34.30139], [-79.84405, 34.30123], [-79.84391, 34.30108], [-79.84399, 34.30104], [-79.84475, 34.30052], [-79.8438, 34.29955], [-79.84376, 34.2995], [-79.8437, 34.29944], [-79.84355, 34.29928], [-79.84329, 34.29901], [-79.84324, 34.29897], [-79.84242, 34.29952], [-79.84238, 34.29948], [-79.84232, 34.29943], [-79.84208, 34.29918], [-79.84287, 34.29852], [-79.84251, 34.29816], [-79.84235, 34.298], [-79.84233, 34.29768], [-79.84233, 34.29755], [-79.84231, 34.29703], [-79.84231, 34.29695], [-79.84231, 34.29676], [-79.84232, 34.29673], [-79.84211, 34.29682], [-79.84195, 34.29715], [-79.84181, 34.29738], [-79.84139, 34.29811], [-79.84134, 34.29821], [-79.84122, 34.29806], [-79.84125, 34.29795], [-79.84124, 34.29699], [-79.84124, 34.29681], [-79.84125, 34.2967], [-79.84125, 34.29605], [-79.8409, 34.29607], [-79.84094, 34.29676], [-79.84048, 34.29685], [-79.84037, 34.29688], [-79.84032, 34.29629], [-79.84016, 34.2963], [-79.84025, 34.2969], [-79.84012, 34.29692], [-79.84006, 34.29694], [-79.84002, 34.29696], [-79.84001, 34.29701], [-79.84002, 34.29705], [-79.8401, 34.29733], [-79.84011, 34.29739], [-79.84023, 34.29779], [-79.84029, 34.29795], [-79.84023, 34.29796], [-79.83981, 34.29805], [-79.83978, 34.29805], [-79.8395, 34.29711], [-79.83948, 34.29707], [-79.83938, 34.29709], [-79.83932, 34.2971], [-79.8393, 34.29701], [-79.839, 34.29604], [-79.83785, 34.29624], [-79.83869, 34.29714], [-79.83876, 34.29722], [-79.83857, 34.29726], [-79.83848, 34.29728], [-79.83869, 34.29781], [-79.83887, 34.29825], [-79.83878, 34.29826], [-79.83803, 34.29843], [-79.83796, 34.29844], [-79.83766, 34.29746], [-79.8377, 34.29745], [-79.83795, 34.2974], [-79.838, 34.29739], [-79.83816, 34.29735], [-79.8381, 34.29727], [-79.83755, 34.2963], [-79.8372, 34.29636], [-79.83753, 34.29739], [-79.83757, 34.29748], [-79.83755, 34.29748], [-79.83749, 34.29749], [-79.83723, 34.29755], [-79.83754, 34.29853], [-79.83762, 34.29852], [-79.83791, 34.29947], [-79.83792, 34.29952], [-79.83788, 34.29952], [-79.83781, 34.29953], [-79.83773, 34.29953], [-79.83749, 34.29959], [-79.83748, 34.2995], [-79.83721, 34.2986], [-79.83712, 34.29862], [-79.83683, 34.29767], [-79.83682, 34.29762], [-79.83681, 34.29762], [-79.83662, 34.29766], [-79.8364, 34.29771], [-79.83642, 34.29776], [-79.8367, 34.2987], [-79.8364, 34.29877], [-79.83633, 34.29878], [-79.83645, 34.29896], [-79.83674, 34.29931], [-79.83694, 34.29946], [-79.8371, 34.29955], [-79.83684, 34.29984], [-79.83597, 34.30003], [-79.83592, 34.30004], [-79.83568, 34.30009], [-79.83537, 34.29897], [-79.83433, 34.29919], [-79.8343, 34.2992], [-79.83419, 34.29923], [-79.83397, 34.29964], [-79.83478, 34.30042], [-79.8348, 34.30045], [-79.83485, 34.30051], [-79.83526, 34.30095], [-79.83532, 34.30112], [-79.83538, 34.30127], [-79.83542, 34.30125], [-79.83544, 34.30123], [-79.83549, 34.30122], [-79.8355, 34.30122], [-79.83552, 34.30122], [-79.83554, 34.30122], [-79.83558, 34.30126], [-79.83559, 34.30127], [-79.8356, 34.3013], [-79.83557, 34.30148], [-79.8355, 34.30166], [-79.8355, 34.30179], [-79.8356, 34.30208], [-79.83568, 34.30219], [-79.83569, 34.30225], [-79.83567, 34.30235], [-79.83572, 34.30244], [-79.83589, 34.30244], [-79.8359, 34.30244], [-79.83601, 34.30238], [-79.83625, 34.30244], [-79.83643, 34.30248], [-79.83657, 34.30255], [-79.83665, 34.30267], [-79.83669, 34.30269], [-79.83688, 34.30278], [-79.83695, 34.30279], [-79.83707, 34.30283], [-79.83719, 34.30285], [-79.83731, 34.30287], [-79.8374, 34.30288], [-79.83747, 34.3029], [-79.83753, 34.3029], [-79.83759, 34.30291], [-79.8379, 34.30293], [-79.83801, 34.30293], [-79.83828, 34.30293], [-79.83869, 34.30291], [-79.83874, 34.30291], [-79.83907, 34.30287], [-79.83917, 34.30286], [-79.83934, 34.30283], [-79.83967, 34.30282], [-79.83985, 34.30284], [-79.83987, 34.30284], [-79.83989, 34.30284], [-79.83994, 34.30287], [-79.83997, 34.30288], [-79.83999, 34.30289], [-79.84004, 34.30301], [-79.84004, 34.30303], [-79.84004, 34.30318], [-79.84004, 34.30319], [-79.83997, 34.30338], [-79.83996, 34.30339], [-79.83986, 34.30359], [-79.83979, 34.30374], [-79.83974, 34.30379], [-79.83959, 34.30396], [-79.83958, 34.304], [-79.83945, 34.30424], [-79.83941, 34.30435], [-79.83938, 34.30443], [-79.83937, 34.30469], [-79.83939, 34.30476], [-79.83946, 34.30493], [-79.83948, 34.30497], [-79.83957, 34.3051], [-79.83968, 34.30527], [-79.83973, 34.30533], [-79.83986, 34.30549], [-79.84, 34.30566], [-79.84004, 34.30578], [-79.84014, 34.30606], [-79.84026, 34.30617], [-79.84041, 34.30619], [-79.84069, 34.30621], [-79.84092, 34.3062], [-79.84109, 34.30618], [-79.84114, 34.30618], [-79.84116, 34.30618], [-79.84128, 34.30634], [-79.84188, 34.30781], [-79.84191, 34.30788], [-79.84202, 34.30817], [-79.84187, 34.30823], [-79.84178, 34.30829], [-79.84176, 34.30836], [-79.84178, 34.30837], [-79.84182, 34.30841], [-79.84185, 34.30843], [-79.84187, 34.30844], [-79.84196, 34.30847], [-79.84203, 34.30849], [-79.84206, 34.3085], [-79.84218, 34.3085], [-79.84225, 34.3085], [-79.8424, 34.30853], [-79.84252, 34.30864], [-79.84262, 34.30871], [-79.84298, 34.30872], [-79.84323, 34.30868], [-79.84408, 34.30871], [-79.84429, 34.30874], [-79.84433, 34.30882], [-79.84432, 34.30893], [-79.84418, 34.30953], [-79.84403, 34.30981], [-79.84372, 34.31049], [-79.84175, 34.31135], [-79.84112, 34.31162], [-79.83802, 34.31296], [-79.83751, 34.31318], [-79.83759, 34.31329], [-79.83932, 34.31583], [-79.84006, 34.31692], [-79.84063, 34.31665], [-79.84075, 34.31674], [-79.84088, 34.31653], [-79.84091, 34.31649], [-79.84238, 34.31577], [-79.84208, 34.31507], [-79.84111, 34.31285], [-79.84149, 34.31199], [-79.84152, 34.31191], [-79.8419, 34.31174], [-79.84364, 34.31096], [-79.84395, 34.31082], [-79.8439, 34.3106], [-79.84549, 34.30998], [-79.84604, 34.30982], [-79.84684, 34.30968], [-79.84734, 34.30964], [-79.84786, 34.31035], [-79.84809, 34.31066], [-79.84929, 34.3123], [-79.8516, 34.31543], [-79.85186, 34.31579], [-79.85206, 34.31605], [-79.85224, 34.31628], [-79.8522, 34.3163], [-79.85164, 34.31661], [-79.85183, 34.31683], [-79.85241, 34.31651], [-79.8526, 34.31671], [-79.85263, 34.31675], [-79.85289, 34.3171], [-79.8529, 34.31713], [-79.85305, 34.31733], [-79.85246, 34.31764], [-79.85251, 34.31772], [-79.85256, 34.31778], [-79.85288, 34.31811], [-79.85292, 34.31823], [-79.8531, 34.31876], [-79.85343, 34.31868], [-79.85392, 34.31857], [-79.85433, 34.31847], [-79.8549, 34.31835], [-79.85554, 34.3182], [-79.8557, 34.31816], [-79.85603, 34.31808], [-79.85636, 34.31801], [-79.8565, 34.31798], [-79.85677, 34.31792], [-79.85684, 34.3179], [-79.85735, 34.31782], [-79.85797, 34.3177], [-79.85785, 34.31723], [-79.85757, 34.31612], [-79.85751, 34.31598], [-79.85773, 34.31594], [-79.8578, 34.31593], [-79.85933, 34.31562], [-79.85907, 34.31466], [-79.85882, 34.3137], [-79.85882, 34.31329], [-79.8591, 34.31247], [-79.85933, 34.31242], [-79.85954, 34.31233], [-79.85999, 34.31214], [-79.86015, 34.31223], [-79.86027, 34.31231], [-79.86038, 34.31237], [-79.86055, 34.31239], [-79.86058, 34.31236], [-79.86073, 34.31232], [-79.86076, 34.31232], [-79.86091, 34.3123], [-79.86113, 34.31231], [-79.86118, 34.31232], [-79.86121, 34.31237], [-79.86127, 34.31236], [-79.8614, 34.31245], [-79.86151, 34.31249], [-79.86166, 34.31242], [-79.86191, 34.31243], [-79.86255, 34.31266], [-79.86275, 34.31267], [-79.86341, 34.3127], [-79.864, 34.31249], [-79.86448, 34.31229], [-79.86538, 34.31187], [-79.86631, 34.31179], [-79.86671, 34.31181], [-79.86753, 34.31189], [-79.8679, 34.31151], [-79.86839, 34.31107], [-79.86918, 34.31073], [-79.87016, 34.31059], [-79.87072, 34.31033], [-79.8708, 34.31028], [-79.87084, 34.31051], [-79.87091, 34.31077], [-79.87083, 34.31079], [-79.87026, 34.31094], [-79.86992, 34.31094], [-79.86976, 34.31093], [-79.86923, 34.31118], [-79.86908, 34.31109], [-79.86887, 34.31116], [-79.86845, 34.31157], [-79.86783, 34.31218], [-79.86744, 34.31228], [-79.86679, 34.31233], [-79.86613, 34.31249], [-79.8658, 34.31274], [-79.86535, 34.31275], [-79.86465, 34.31269], [-79.86435, 34.31269], [-79.86413, 34.31285], [-79.86395, 34.31294], [-79.86363, 34.31303], [-79.86317, 34.31318], [-79.86284, 34.31323], [-79.86226, 34.31326], [-79.86165, 34.31328], [-79.86165, 34.31331], [-79.86165, 34.31337], [-79.86168, 34.31341], [-79.8617, 34.31347], [-79.8617, 34.3135], [-79.86171, 34.31351], [-79.86173, 34.31354], [-79.86177, 34.31357], [-79.86181, 34.3136], [-79.86185, 34.3136], [-79.86188, 34.3136], [-79.86195, 34.31361], [-79.86198, 34.31363], [-79.86199, 34.31366], [-79.86201, 34.31369], [-79.86201, 34.31373], [-79.86201, 34.31374], [-79.86212, 34.3141], [-79.8622, 34.31432], [-79.86226, 34.31449], [-79.86217, 34.31462], [-79.8623, 34.31471], [-79.86238, 34.31486], [-79.86242, 34.31494], [-79.8626, 34.31525], [-79.86281, 34.31582], [-79.86296, 34.31585], [-79.86313, 34.31591], [-79.8636, 34.31584], [-79.86405, 34.31577], [-79.86373, 34.31551], [-79.86374, 34.31548], [-79.86377, 34.31541], [-79.86384, 34.31537], [-79.86466, 34.3149], [-79.86475, 34.31486], [-79.86483, 34.31482], [-79.86491, 34.31477], [-79.86499, 34.31473], [-79.86516, 34.31469], [-79.86532, 34.31467], [-79.8654, 34.31474], [-79.86598, 34.31525], [-79.86747, 34.31655], [-79.86721, 34.31675], [-79.86667, 34.31715], [-79.86752, 34.31786], [-79.86812, 34.31836], [-79.86827, 34.31826], [-79.86892, 34.31777], [-79.86892, 34.31773], [-79.86894, 34.31771], [-79.86903, 34.31762], [-79.86905, 34.31761], [-79.8691, 34.31758], [-79.86918, 34.31753], [-79.8692, 34.31751], [-79.86928, 34.31746], [-79.86944, 34.31735], [-79.86964, 34.3172], [-79.86978, 34.31733], [-79.86993, 34.31748], [-79.87001, 34.31756], [-79.87051, 34.31805], [-79.8713, 34.31882], [-79.87116, 34.31895], [-79.87117, 34.31897], [-79.87154, 34.31928], [-79.87163, 34.3193], [-79.8717, 34.31925], [-79.87173, 34.31922], [-79.87179, 34.31918], [-79.87192, 34.31907], [-79.87197, 34.31903], [-79.87199, 34.31901], [-79.87205, 34.31897], [-79.87208, 34.31895], [-79.87212, 34.31891], [-79.87215, 34.31889], [-79.87221, 34.31885], [-79.87232, 34.31879], [-79.87241, 34.31863], [-79.87246, 34.31859], [-79.87261, 34.31846], [-79.87295, 34.31876], [-79.87469, 34.32028], [-79.87495, 34.32042], [-79.87501, 34.32047], [-79.87535, 34.3202], [-79.87574, 34.32036], [-79.87583, 34.32042], [-79.87589, 34.32032], [-79.87684, 34.31873], [-79.8773, 34.319], [-79.87988, 34.32019], [-79.87997, 34.32023], [-79.88002, 34.32026], [-79.87955, 34.32063], [-79.87949, 34.32068], [-79.87978, 34.32093], [-79.87979, 34.32094], [-79.87982, 34.32096], [-79.87987, 34.32101], [-79.87994, 34.32107], [-79.88, 34.32111], [-79.88007, 34.32116], [-79.88013, 34.32122], [-79.88059, 34.32162], [-79.88066, 34.32147], [-79.88072, 34.32137], [-79.88076, 34.32135], [-79.88084, 34.32129], [-79.88127, 34.32091], [-79.88099, 34.32074], [-79.88087, 34.32067], [-79.88082, 34.32064], [-79.88094, 34.32054], [-79.88132, 34.3202], [-79.88122, 34.32009], [-79.88102, 34.31998], [-79.88079, 34.31975], [-79.88073, 34.3197], [-79.88139, 34.31918], [-79.8831, 34.32072], [-79.88321, 34.32064], [-79.8833, 34.32057], [-79.88359, 34.32034], [-79.88369, 34.32026], [-79.88384, 34.32013], [-79.8839, 34.32009], [-79.88409, 34.31994], [-79.88418, 34.31986], [-79.88427, 34.31978], [-79.88447, 34.31963], [-79.88456, 34.31955], [-79.88477, 34.31939], [-79.88486, 34.31931], [-79.88507, 34.31915], [-79.88539, 34.31889], [-79.88546, 34.31884], [-79.88589, 34.31849], [-79.88609, 34.31872], [-79.88632, 34.31898], [-79.88667, 34.31867], [-79.88623, 34.31827], [-79.88621, 34.31825], [-79.88618, 34.31823], [-79.88715, 34.31753], [-79.88721, 34.31759], [-79.88729, 34.31767], [-79.88733, 34.31771], [-79.88741, 34.31779], [-79.88776, 34.31752], [-79.88801, 34.31733], [-79.88816, 34.31722], [-79.88833, 34.31708], [-79.88837, 34.31705], [-79.88713, 34.31594], [-79.88701, 34.31603], [-79.88699, 34.31604], [-79.88677, 34.31622], [-79.88633, 34.31656], [-79.88618, 34.31666], [-79.88613, 34.3167], [-79.88603, 34.31682], [-79.88587, 34.31693], [-79.88583, 34.31697], [-79.88577, 34.31698], [-79.88573, 34.31702], [-79.88564, 34.3171], [-79.88528, 34.31739], [-79.8849, 34.31703], [-79.88488, 34.31701], [-79.88495, 34.31696], [-79.88554, 34.31651], [-79.88512, 34.31613], [-79.88491, 34.3163], [-79.88485, 34.31625], [-79.88452, 34.31596], [-79.88515, 34.31548], [-79.88479, 34.31516], [-79.88428, 34.31555], [-79.88414, 34.31541], [-79.88404, 34.31532], [-79.8841, 34.31527], [-79.88385, 34.31505], [-79.88323, 34.31552], [-79.88312, 34.31542], [-79.883, 34.31531], [-79.88288, 34.3152], [-79.88277, 34.31509], [-79.88253, 34.31488], [-79.88245, 34.3148], [-79.88219, 34.31456], [-79.88187, 34.31428], [-79.88244, 34.31385], [-79.88255, 34.31395], [-79.88309, 34.31354], [-79.88293, 34.3134], [-79.88261, 34.31312], [-79.88306, 34.3128], [-79.88276, 34.31246], [-79.88229, 34.31283], [-79.88194, 34.31306], [-79.88171, 34.31266], [-79.88167, 34.3126], [-79.88185, 34.31241], [-79.88188, 34.31243], [-79.88198, 34.31237], [-79.88184, 34.31235], [-79.88134, 34.31193], [-79.88113, 34.31209], [-79.88098, 34.31195], [-79.88118, 34.31179], [-79.88094, 34.31159], [-79.88103, 34.3114], [-79.88056, 34.31089], [-79.88046, 34.31078], [-79.88028, 34.31059], [-79.87994, 34.31055], [-79.87976, 34.31042], [-79.87906, 34.3099], [-79.87872, 34.3096], [-79.8783, 34.30992], [-79.87819, 34.30982], [-79.87754, 34.31027], [-79.87725, 34.31], [-79.87677, 34.30957], [-79.87746, 34.30914], [-79.87782, 34.30891], [-79.87793, 34.30902], [-79.87812, 34.30922], [-79.87827, 34.30938], [-79.87871, 34.30911], [-79.87929, 34.30873], [-79.87974, 34.30842], [-79.87994, 34.30829], [-79.88044, 34.30791], [-79.8805, 34.30797], [-79.88101, 34.30842], [-79.88106, 34.30848], [-79.8811, 34.30845], [-79.88135, 34.30826], [-79.88083, 34.30777], [-79.88068, 34.30771], [-79.88081, 34.30761], [-79.88106, 34.30743], [-79.88123, 34.3073], [-79.88129, 34.30726], [-79.88157, 34.30705], [-79.88184, 34.30684], [-79.88228, 34.30651], [-79.88239, 34.30642], [-79.88279, 34.3061], [-79.88193, 34.30535], [-79.8811, 34.30492], [-79.8805, 34.30445], [-79.87991, 34.30403], [-79.87999, 34.30395], [-79.88032, 34.30359], [-79.88061, 34.30307], [-79.88094, 34.30272], [-79.88099, 34.30269], [-79.881, 34.30261], [-79.88097, 34.30255], [-79.88097, 34.30252], [-79.88096, 34.30249], [-79.88098, 34.30243], [-79.88105, 34.3024], [-79.88115, 34.3024], [-79.88124, 34.30241], [-79.88129, 34.30241], [-79.88136, 34.30241], [-79.88149, 34.30238], [-79.88155, 34.30236], [-79.88163, 34.30231], [-79.88187, 34.30225], [-79.88194, 34.30221], [-79.882, 34.30216], [-79.88218, 34.30213], [-79.8822, 34.30212], [-79.88224, 34.30211], [-79.88282, 34.30179], [-79.88292, 34.30168], [-79.88313, 34.30144], [-79.88344, 34.3011], [-79.8839, 34.30051], [-79.88407, 34.30042], [-79.88426, 34.30031], [-79.88459, 34.30012], [-79.8858, 34.29919], [-79.88638, 34.29831], [-79.88666, 34.29806], [-79.88784, 34.29796], [-79.88763, 34.29825], [-79.88743, 34.29837], [-79.88735, 34.29846], [-79.88724, 34.29853], [-79.8871, 34.29861], [-79.88707, 34.2987], [-79.88715, 34.29885], [-79.88752, 34.29875], [-79.8876, 34.29873], [-79.88781, 34.29868], [-79.88803, 34.29863], [-79.88828, 34.29855], [-79.88857, 34.29851], [-79.88888, 34.2984], [-79.88903, 34.29836], [-79.8892, 34.29827], [-79.88937, 34.29816], [-79.88957, 34.29807], [-79.88987, 34.29799], [-79.89, 34.29798], [-79.88973, 34.29699], [-79.88955, 34.29702], [-79.88954, 34.29684], [-79.88968, 34.29682], [-79.89012, 34.29676], [-79.89091, 34.29663], [-79.89119, 34.29659], [-79.89169, 34.29652], [-79.89183, 34.2965], [-79.89213, 34.29646], [-79.89219, 34.29623], [-79.89217, 34.29605], [-79.89215, 34.29593], [-79.89228, 34.29598], [-79.89238, 34.29601], [-79.89329, 34.29632], [-79.89367, 34.29643], [-79.89386, 34.29648], [-79.89426, 34.29656], [-79.89446, 34.2966], [-79.89488, 34.29666], [-79.89592, 34.29677], [-79.89635, 34.29682], [-79.89798, 34.29699], [-79.89802, 34.29613], [-79.89807, 34.29479], [-79.89893, 34.29488], [-79.89953, 34.29494], [-79.89981, 34.29497], [-79.90028, 34.29501], [-79.90026, 34.29571], [-79.90025, 34.29583], [-79.90025, 34.29589], [-79.90044, 34.29592], [-79.90058, 34.29593], [-79.90062, 34.29593], [-79.90062, 34.29586], [-79.90064, 34.29512], [-79.90065, 34.29467], [-79.90069, 34.29442], [-79.90069, 34.29432], [-79.90069, 34.29423], [-79.90076, 34.29153], [-79.90077, 34.29133]], [[-79.88017, 34.31143], [-79.88047, 34.31149], [-79.87957, 34.31217], [-79.8794, 34.31201], [-79.87948, 34.31195], [-79.88017, 34.31143]], [[-79.87928, 34.31271], [-79.87892, 34.31298], [-79.87888, 34.31301], [-79.87851, 34.31329], [-79.8781, 34.31359], [-79.87853, 34.314], [-79.87857, 34.31404], [-79.87825, 34.31429], [-79.87789, 34.31455], [-79.8776, 34.31477], [-79.87741, 34.31491], [-79.877, 34.31452], [-79.87692, 34.31463], [-79.87726, 34.31502], [-79.87653, 34.31557], [-79.87611, 34.31515], [-79.87606, 34.3151], [-79.87591, 34.31522], [-79.87596, 34.31527], [-79.87572, 34.31544], [-79.87567, 34.31539], [-79.87526, 34.31569], [-79.87531, 34.31575], [-79.8757, 34.31622], [-79.87558, 34.31631], [-79.87401, 34.31745], [-79.87386, 34.31735], [-79.87381, 34.31731], [-79.87376, 34.31726], [-79.87365, 34.31717], [-79.87354, 34.31708], [-79.87345, 34.317], [-79.87356, 34.31693], [-79.87393, 34.31666], [-79.87359, 34.31633], [-79.87322, 34.31661], [-79.87313, 34.31669], [-79.87304, 34.31659], [-79.87294, 34.31651], [-79.8728, 34.31637], [-79.87264, 34.31623], [-79.87254, 34.31614], [-79.87247, 34.31607], [-79.87297, 34.31568], [-79.87329, 34.31593], [-79.87365, 34.31567], [-79.87383, 34.31554], [-79.87408, 34.31577], [-79.87487, 34.31518], [-79.87606, 34.3143], [-79.87706, 34.31355], [-79.87708, 34.31357], [-79.87819, 34.31273], [-79.87823, 34.31271], [-79.87831, 34.31265], [-79.8788, 34.31229], [-79.87928, 34.31271]], [[-79.8784, 34.31002], [-79.87862, 34.31022], [-79.87805, 34.31062], [-79.87799, 34.31068], [-79.87782, 34.31051], [-79.87777, 34.31046], [-79.8784, 34.31002]], [[-79.87756, 34.30853], [-79.87779, 34.30864], [-79.87745, 34.30887], [-79.87732, 34.30896], [-79.87668, 34.30938], [-79.87661, 34.30943], [-79.87651, 34.30935], [-79.87645, 34.30929], [-79.87636, 34.3092], [-79.87627, 34.30911], [-79.87634, 34.30906], [-79.8769, 34.30869], [-79.87707, 34.30857], [-79.87726, 34.30844], [-79.87731, 34.3084], [-79.87756, 34.30853]], [[-79.87664, 34.30807], [-79.87635, 34.30829], [-79.87629, 34.30834], [-79.87588, 34.30864], [-79.87582, 34.30869], [-79.8752, 34.30812], [-79.87525, 34.30806], [-79.87534, 34.308], [-79.87549, 34.3079], [-79.87555, 34.30786], [-79.87559, 34.30783], [-79.87584, 34.30766], [-79.87664, 34.30807]]]}, "properties": {"geoid": "4518565", "name": "Darlington", "facts": {"population": 6120.0, "median_age": 45.0, "median_household_income": 33952.0, "poverty_rate_pct": 30.2, "unemployment_rate_pct": 7.1, "renter_share_pct": 48.0}, "factsSource": "US Census ACS 2024 5-year estimates"}}, {"type": "Feature", "geometry": {"type": "MultiPolygon", "coordinates": [[[[-79.78888, 33.86808], [-79.78915, 33.86733], [-79.78864, 33.86742], [-79.78763, 33.86759], [-79.78715, 33.86767], [-79.7865, 33.86778], [-79.78641, 33.8678], [-79.78597, 33.86787], [-79.78483, 33.86807], [-79.78395, 33.86822], [-79.78326, 33.86834], [-79.78284, 33.86841], [-79.782, 33.86856], [-79.78099, 33.86873], [-79.78064, 33.86879], [-79.78007, 33.86889], [-79.77815, 33.86922], [-79.77708, 33.8694], [-79.77678, 33.86946], [-79.77649, 33.86952], [-79.77619, 33.86959], [-79.77585, 33.86968], [-79.77471, 33.87002], [-79.77477, 33.86947], [-79.77504, 33.86712], [-79.77515, 33.86623], [-79.77524, 33.86542], [-79.77549, 33.86528], [-79.77601, 33.86497], [-79.77624, 33.86484], [-79.77648, 33.8647], [-79.77672, 33.86455], [-79.77684, 33.86448], [-79.77696, 33.86441], [-79.77721, 33.86427], [-79.77745, 33.86413], [-79.77769, 33.86398], [-79.77793, 33.86384], [-79.77818, 33.8637], [-79.77855, 33.86348], [-79.77828, 33.86333], [-79.77814, 33.86325], [-79.77796, 33.86317], [-79.77797, 33.86313], [-79.77796, 33.86308], [-79.77794, 33.86304], [-79.77677, 33.86185], [-79.77672, 33.86182], [-79.7766, 33.86163], [-79.77663, 33.86149], [-79.77666, 33.86138], [-79.7767, 33.86119], [-79.77673, 33.86106], [-79.77676, 33.86092], [-79.77677, 33.86087], [-79.7768, 33.8607], [-79.77691, 33.86032], [-79.77701, 33.85998], [-79.77692, 33.85983], [-79.7768, 33.8599], [-79.77657, 33.86005], [-79.77606, 33.85942], [-79.77596, 33.85928], [-79.77588, 33.85925], [-79.77539, 33.85918], [-79.77531, 33.85917], [-79.775, 33.85912], [-79.77467, 33.85907], [-79.77459, 33.85906], [-79.77427, 33.85901], [-79.77395, 33.85895], [-79.77386, 33.85894], [-79.77354, 33.85889], [-79.77322, 33.85884], [-79.77315, 33.85883], [-79.77289, 33.85879], [-79.77282, 33.85876], [-79.77277, 33.85873], [-79.7726, 33.85943], [-79.7725, 33.8598], [-79.77243, 33.86004], [-79.77221, 33.85995], [-79.772, 33.85985], [-79.77183, 33.85978], [-79.77178, 33.85976], [-79.77157, 33.85967], [-79.77134, 33.85957], [-79.77112, 33.85948], [-79.7709, 33.85939], [-79.77068, 33.8593], [-79.77046, 33.8592], [-79.77024, 33.85911], [-79.77002, 33.85902], [-79.7698, 33.85893], [-79.76953, 33.85882], [-79.76896, 33.85858], [-79.76806, 33.85819], [-79.76824, 33.8568], [-79.76826, 33.85669], [-79.76829, 33.85642], [-79.76836, 33.85592], [-79.76841, 33.85549], [-79.76845, 33.85521], [-79.76854, 33.85444], [-79.76861, 33.85389], [-79.76883, 33.85391], [-79.76901, 33.85393], [-79.76911, 33.85395], [-79.76927, 33.85396], [-79.76949, 33.85399], [-79.76969, 33.85401], [-79.77, 33.85405], [-79.77045, 33.8541], [-79.7707, 33.85413], [-79.77103, 33.85416], [-79.77119, 33.85418], [-79.77135, 33.8542], [-79.77196, 33.85426], [-79.7721, 33.85424], [-79.77196, 33.85405], [-79.77189, 33.85395], [-79.77175, 33.85373], [-79.77167, 33.85357], [-79.77141, 33.85295], [-79.77136, 33.8528], [-79.77124, 33.85251], [-79.77116, 33.85229], [-79.77104, 33.85225], [-79.77029, 33.85217], [-79.77021, 33.8519], [-79.77049, 33.85193], [-79.7704, 33.85164], [-79.7709, 33.85169], [-79.77101, 33.85171], [-79.77149, 33.85176], [-79.77545, 33.85218], [-79.77749, 33.8524], [-79.77743, 33.84944], [-79.7774, 33.84753], [-79.77738, 33.84745], [-79.77734, 33.84745], [-79.7763, 33.84745], [-79.7762, 33.84745], [-79.7736, 33.84744], [-79.77208, 33.84741], [-79.77179, 33.84741], [-79.77153, 33.84741], [-79.77154, 33.84733], [-79.77163, 33.84673], [-79.77166, 33.84657], [-79.77177, 33.84589], [-79.77107, 33.84588], [-79.77048, 33.84588], [-79.77039, 33.84658], [-79.77035, 33.84689], [-79.77032, 33.84706], [-79.7703, 33.84722], [-79.77029, 33.84732], [-79.77028, 33.84739], [-79.76975, 33.84739], [-79.76955, 33.84739], [-79.76911, 33.84739], [-79.76892, 33.84738], [-79.76898, 33.84678], [-79.76907, 33.84618], [-79.76911, 33.84579], [-79.76924, 33.84491], [-79.76923, 33.84485], [-79.7692, 33.84482], [-79.76914, 33.8448], [-79.76756, 33.84479], [-79.76751, 33.84479], [-79.7675, 33.84505], [-79.7675, 33.84529], [-79.76749, 33.84572], [-79.76749, 33.84584], [-79.76733, 33.84703], [-79.76731, 33.84713], [-79.76729, 33.84728], [-79.76728, 33.84737], [-79.76575, 33.84735], [-79.76538, 33.84733], [-79.76508, 33.84733], [-79.76486, 33.84852], [-79.76491, 33.84853], [-79.76477, 33.84935], [-79.76475, 33.8495], [-79.76414, 33.84944], [-79.76388, 33.84944], [-79.76378, 33.84998], [-79.76367, 33.85073], [-79.76366, 33.85075], [-79.76392, 33.85076], [-79.76483, 33.85087], [-79.76559, 33.85097], [-79.76545, 33.85164], [-79.76542, 33.85182], [-79.7654, 33.85192], [-79.76351, 33.85168], [-79.7635, 33.85176], [-79.76538, 33.852], [-79.76749, 33.85226], [-79.76728, 33.85387], [-79.76707, 33.85538], [-79.76705, 33.85556], [-79.76295, 33.8551], [-79.76287, 33.8556], [-79.76283, 33.85581], [-79.76282, 33.85588], [-79.76271, 33.85587], [-79.76248, 33.85583], [-79.76044, 33.85554], [-79.76031, 33.85545], [-79.76033, 33.85537], [-79.76015, 33.85534], [-79.7587, 33.85513], [-79.75843, 33.85552], [-79.75831, 33.85565], [-79.7582, 33.8558], [-79.75805, 33.85597], [-79.7579, 33.85614], [-79.75778, 33.85627], [-79.7575, 33.85657], [-79.75747, 33.85655], [-79.7563, 33.85581], [-79.75693, 33.85499], [-79.7569, 33.85496], [-79.75688, 33.85494], [-79.75684, 33.8549], [-79.75681, 33.85487], [-79.75679, 33.85485], [-79.75674, 33.85479], [-79.7567, 33.85475], [-79.75667, 33.85472], [-79.75666, 33.85471], [-79.75661, 33.85465], [-79.75661, 33.85463], [-79.7566, 33.85459], [-79.7566, 33.85458], [-79.75659, 33.85457], [-79.75656, 33.85455], [-79.75652, 33.85454], [-79.7565, 33.85452], [-79.75648, 33.8545], [-79.75647, 33.85449], [-79.75645, 33.85445], [-79.75643, 33.85443], [-79.7564, 33.85441], [-79.75637, 33.85439], [-79.75634, 33.85437], [-79.75633, 33.85436], [-79.75631, 33.85434], [-79.75631, 33.85433], [-79.7563, 33.8543], [-79.75628, 33.85427], [-79.75625, 33.85424], [-79.75621, 33.8542], [-79.75613, 33.85411], [-79.75608, 33.85405], [-79.75605, 33.85401], [-79.75604, 33.85399], [-79.75604, 33.85397], [-79.75603, 33.85396], [-79.75597, 33.8539], [-79.75586, 33.85377], [-79.7558, 33.85371], [-79.75578, 33.85369], [-79.75576, 33.85367], [-79.75534, 33.85416], [-79.75525, 33.85425], [-79.75503, 33.85451], [-79.75491, 33.85465], [-79.75478, 33.85479], [-79.75466, 33.85494], [-79.75453, 33.85508], [-79.7544, 33.85523], [-79.75428, 33.85537], [-79.75418, 33.85549], [-79.75415, 33.85552], [-79.75403, 33.85566], [-79.7539, 33.8558], [-79.75377, 33.85595], [-79.75365, 33.8561], [-79.75352, 33.85624], [-79.7534, 33.85638], [-79.75327, 33.85653], [-79.75326, 33.85654], [-79.75321, 33.85659], [-79.75268, 33.85626], [-79.75242, 33.8561], [-79.75239, 33.85608], [-79.75185, 33.85573], [-79.75121, 33.85532], [-79.75052, 33.85489], [-79.74994, 33.85453], [-79.74935, 33.85416], [-79.74926, 33.8541], [-79.74903, 33.85396], [-79.74897, 33.85392], [-79.74887, 33.85386], [-79.74811, 33.8548], [-79.74614, 33.85441], [-79.74591, 33.85437], [-79.74313, 33.85383], [-79.7431, 33.85382], [-79.74278, 33.85376], [-79.7437, 33.85275], [-79.7444, 33.85319], [-79.74555, 33.85191], [-79.74565, 33.85182], [-79.7455, 33.85172], [-79.7446, 33.85116], [-79.74441, 33.85104], [-79.74424, 33.85093], [-79.74408, 33.85084], [-79.74398, 33.85078], [-79.74394, 33.85074], [-79.74393, 33.85071], [-79.74392, 33.85067], [-79.74389, 33.85065], [-79.74278, 33.85], [-79.74181, 33.84944], [-79.7414, 33.84986], [-79.74133, 33.84986], [-79.74131, 33.84992], [-79.7409, 33.85034], [-79.73993, 33.85137], [-79.73894, 33.85241], [-79.73865, 33.85271], [-79.73875, 33.85282], [-79.73896, 33.85306], [-79.73983, 33.85406], [-79.73997, 33.85422], [-79.74074, 33.85514], [-79.74052, 33.85548], [-79.74035, 33.85573], [-79.74001, 33.85627], [-79.73947, 33.85709], [-79.73932, 33.85732], [-79.73907, 33.85771], [-79.739, 33.85781], [-79.73823, 33.85903], [-79.73822, 33.85905], [-79.73787, 33.85961], [-79.7376, 33.86003], [-79.7373, 33.86051], [-79.73719, 33.86068], [-79.73701, 33.86097], [-79.73706, 33.86103], [-79.73718, 33.86118], [-79.73742, 33.86149], [-79.73802, 33.86223], [-79.7384, 33.8627], [-79.73844, 33.86274], [-79.73849, 33.86281], [-79.73907, 33.86351], [-79.73922, 33.86343], [-79.73945, 33.86326], [-79.73948, 33.86321], [-79.73951, 33.86316], [-79.73952, 33.86312], [-79.73959, 33.86321], [-79.73993, 33.86362], [-79.73938, 33.86393], [-79.73935, 33.86402], [-79.73886, 33.86548], [-79.73869, 33.86527], [-79.73783, 33.86421], [-79.73743, 33.86373], [-79.73662, 33.86272], [-79.73621, 33.86221], [-79.7356, 33.86146], [-79.73495, 33.86066], [-79.73451, 33.86011], [-79.73416, 33.8597], [-79.73382, 33.85927], [-79.7338, 33.85924], [-79.73351, 33.85889], [-79.73318, 33.85847], [-79.73289, 33.85812], [-79.73308, 33.85794], [-79.73427, 33.85677], [-79.73353, 33.85586], [-79.7332, 33.85618], [-79.73307, 33.85632], [-79.73225, 33.85712], [-79.73216, 33.8572], [-79.73192, 33.85691], [-79.73106, 33.85585], [-79.73094, 33.8557], [-79.73072, 33.85543], [-79.73037, 33.855], [-79.73006, 33.85464], [-79.72936, 33.85377], [-79.72912, 33.8535], [-79.72884, 33.8532], [-79.72823, 33.85259], [-79.72804, 33.8524], [-79.7274, 33.85185], [-79.72678, 33.85135], [-79.72639, 33.85106], [-79.72606, 33.8508], [-79.72413, 33.85313], [-79.72408, 33.8532], [-79.72722, 33.85619], [-79.72719, 33.85622], [-79.72717, 33.85627], [-79.72714, 33.85633], [-79.72566, 33.85658], [-79.72495, 33.85619], [-79.72351, 33.85541], [-79.72268, 33.85496], [-79.72137, 33.85424], [-79.72135, 33.85423], [-79.72176, 33.85375], [-79.7245, 33.85049], [-79.72504, 33.85], [-79.72488, 33.84988], [-79.72465, 33.8497], [-79.72455, 33.84962], [-79.72411, 33.84929], [-79.7241, 33.84928], [-79.72403, 33.84934], [-79.72342, 33.84989], [-79.72297, 33.84954], [-79.7236, 33.84896], [-79.72365, 33.84893], [-79.72264, 33.84814], [-79.72261, 33.84812], [-79.72254, 33.84819], [-79.72246, 33.84827], [-79.72227, 33.84857], [-79.7221, 33.84893], [-79.72204, 33.84903], [-79.72334, 33.85009], [-79.72269, 33.85064], [-79.72106, 33.85043], [-79.72097, 33.85074], [-79.72084, 33.85101], [-79.72074, 33.8512], [-79.72064, 33.85148], [-79.72049, 33.85176], [-79.72038, 33.85201], [-79.72038, 33.85209], [-79.72024, 33.85222], [-79.7201, 33.85246], [-79.71995, 33.85274], [-79.71981, 33.85296], [-79.71975, 33.85331], [-79.71969, 33.85371], [-79.71957, 33.85437], [-79.71959, 33.85498], [-79.71957, 33.85528], [-79.71942, 33.85569], [-79.71908, 33.85609], [-79.71873, 33.85635], [-79.71834, 33.85666], [-79.718, 33.85712], [-79.71765, 33.85768], [-79.71742, 33.85818], [-79.71727, 33.8586], [-79.71677, 33.85917], [-79.71651, 33.85945], [-79.7163, 33.85972], [-79.7158, 33.86019], [-79.71526, 33.86153], [-79.71487, 33.86209], [-79.71401, 33.86334], [-79.71501, 33.86331], [-79.71812, 33.86322], [-79.72115, 33.86313], [-79.7221, 33.86295], [-79.72255, 33.86362], [-79.72282, 33.86401], [-79.72436, 33.86624], [-79.72556, 33.868], [-79.72575, 33.86824], [-79.72697, 33.86983], [-79.72725, 33.86932], [-79.72847, 33.86703], [-79.72938, 33.86772], [-79.72989, 33.86811], [-79.73007, 33.86824], [-79.73065, 33.86868], [-79.73074, 33.86893], [-79.73101, 33.86966], [-79.73193, 33.8693], [-79.73354, 33.87022], [-79.73379, 33.87036], [-79.73426, 33.87063], [-79.73482, 33.87095], [-79.73598, 33.87161], [-79.73633, 33.87181], [-79.73674, 33.87205], [-79.73731, 33.87237], [-79.73702, 33.87281], [-79.73664, 33.87336], [-79.73608, 33.87417], [-79.73612, 33.87417], [-79.73615, 33.8742], [-79.73619, 33.87427], [-79.73621, 33.87429], [-79.73624, 33.8743], [-79.7363, 33.87433], [-79.73635, 33.87438], [-79.73639, 33.87441], [-79.73643, 33.87443], [-79.73647, 33.87443], [-79.7365, 33.87442], [-79.73655, 33.87443], [-79.7366, 33.87444], [-79.73665, 33.87446], [-79.73668, 33.87447], [-79.73672, 33.8745], [-79.73677, 33.87452], [-79.73682, 33.87455], [-79.73686, 33.87459], [-79.73689, 33.87463], [-79.73691, 33.87465], [-79.73695, 33.8747], [-79.737, 33.87473], [-79.73718, 33.87476], [-79.7372, 33.87476], [-79.73726, 33.87477], [-79.73742, 33.87479], [-79.73755, 33.8748], [-79.73775, 33.87483], [-79.73785, 33.87485], [-79.73796, 33.87487], [-79.73801, 33.87488], [-79.73805, 33.87491], [-79.73816, 33.87505], [-79.7382, 33.8751], [-79.73825, 33.87521], [-79.73827, 33.87523], [-79.73827, 33.87525], [-79.73829, 33.87531], [-79.73829, 33.87534], [-79.73827, 33.8754], [-79.73826, 33.87543], [-79.73825, 33.87546], [-79.73826, 33.87548], [-79.73827, 33.8755], [-79.73829, 33.87551], [-79.73834, 33.87552], [-79.73846, 33.87551], [-79.73849, 33.8755], [-79.73856, 33.8755], [-79.7386, 33.87551], [-79.73864, 33.87554], [-79.73869, 33.87557], [-79.73882, 33.87537], [-79.73906, 33.875], [-79.73925, 33.87471], [-79.73928, 33.87466], [-79.73994, 33.87504], [-79.74026, 33.8752], [-79.74037, 33.87525], [-79.74059, 33.87536], [-79.7408, 33.87547], [-79.74102, 33.87559], [-79.74124, 33.87569], [-79.74159, 33.87587], [-79.74198, 33.87607], [-79.7422, 33.87619], [-79.74225, 33.87612], [-79.74225, 33.8761], [-79.74259, 33.87559], [-79.74268, 33.87565], [-79.74279, 33.87573], [-79.74287, 33.87578], [-79.74294, 33.8758], [-79.74307, 33.87581], [-79.74322, 33.87582], [-79.74342, 33.87582], [-79.74353, 33.87583], [-79.74364, 33.87585], [-79.74374, 33.87587], [-79.74384, 33.8759], [-79.74399, 33.87595], [-79.7441, 33.876], [-79.74428, 33.87607], [-79.74438, 33.87611], [-79.74443, 33.87613], [-79.74446, 33.87614], [-79.74447, 33.87615], [-79.74454, 33.87621], [-79.7446, 33.87628], [-79.74468, 33.87636], [-79.74475, 33.87645], [-79.74485, 33.87654], [-79.74501, 33.87668], [-79.74508, 33.87672], [-79.74526, 33.8768], [-79.74502, 33.87717], [-79.74483, 33.87745], [-79.74562, 33.87876], [-79.74755, 33.87936], [-79.74765, 33.87939], [-79.7477, 33.87924], [-79.74778, 33.87906], [-79.74792, 33.87878], [-79.74801, 33.87863], [-79.74828, 33.87822], [-79.74829, 33.87829], [-79.74874, 33.87845], [-79.74879, 33.87847], [-79.7503, 33.87902], [-79.75061, 33.87872], [-79.75155, 33.87783], [-79.75169, 33.8779], [-79.75162, 33.87797], [-79.75189, 33.87835], [-79.75193, 33.87854], [-79.75219, 33.8786], [-79.75244, 33.8784], [-79.7518, 33.88032], [-79.75146, 33.88134], [-79.75141, 33.88152], [-79.75137, 33.88168], [-79.7512, 33.88225], [-79.7511, 33.88259], [-79.75107, 33.88267], [-79.75101, 33.8828], [-79.75094, 33.88293], [-79.75092, 33.88298], [-79.75012, 33.88534], [-79.75011, 33.8854], [-79.75009, 33.88544], [-79.74909, 33.88844], [-79.749, 33.88856], [-79.74902, 33.88867], [-79.74902, 33.88874], [-79.74902, 33.88883], [-79.74898, 33.88898], [-79.74891, 33.88918], [-79.74875, 33.88958], [-79.74865, 33.88991], [-79.74851, 33.89035], [-79.74829, 33.89106], [-79.74773, 33.89274], [-79.7476, 33.89314], [-79.74743, 33.89356], [-79.74757, 33.89357], [-79.74809, 33.89366], [-79.74993, 33.89376], [-79.74993, 33.89381], [-79.74994, 33.89401], [-79.74994, 33.89406], [-79.75012, 33.89512], [-79.75392, 33.89515], [-79.75411, 33.89516], [-79.75421, 33.89486], [-79.75438, 33.89432], [-79.75442, 33.89421], [-79.75447, 33.89406], [-79.75455, 33.89382], [-79.75458, 33.89372], [-79.75467, 33.89347], [-79.75504, 33.89346], [-79.75641, 33.89341], [-79.75717, 33.8934], [-79.75718, 33.89316], [-79.7572, 33.89267], [-79.75776, 33.89264], [-79.75776, 33.89269], [-79.75772, 33.8934], [-79.75827, 33.8934], [-79.75844, 33.8934], [-79.75961, 33.8934], [-79.75993, 33.89338], [-79.76008, 33.89337], [-79.76001, 33.89324], [-79.75998, 33.89319], [-79.75997, 33.89314], [-79.75992, 33.89304], [-79.75991, 33.893], [-79.75988, 33.89297], [-79.75986, 33.89294], [-79.75981, 33.8929], [-79.75975, 33.89285], [-79.75973, 33.89282], [-79.75971, 33.8928], [-79.75969, 33.89276], [-79.75968, 33.89271], [-79.75967, 33.89268], [-79.75965, 33.89258], [-79.75964, 33.89253], [-79.75963, 33.89248], [-79.75961, 33.89245], [-79.75958, 33.8924], [-79.75949, 33.89228], [-79.75944, 33.89223], [-79.75939, 33.89219], [-79.75928, 33.89209], [-79.75926, 33.89207], [-79.75923, 33.89204], [-79.75921, 33.89201], [-79.7592, 33.89197], [-79.75919, 33.89192], [-79.75919, 33.89189], [-79.7592, 33.89186], [-79.75921, 33.89182], [-79.75925, 33.89177], [-79.75929, 33.89172], [-79.75933, 33.89168], [-79.75936, 33.89165], [-79.7595, 33.89155], [-79.75954, 33.89152], [-79.75955, 33.8915], [-79.75956, 33.89147], [-79.75957, 33.89145], [-79.75957, 33.89142], [-79.75957, 33.89138], [-79.75956, 33.89127], [-79.75954, 33.8912], [-79.75952, 33.89112], [-79.75949, 33.89105], [-79.75946, 33.891], [-79.75943, 33.89097], [-79.7594, 33.89093], [-79.75934, 33.89087], [-79.75924, 33.89079], [-79.75923, 33.89077], [-79.75923, 33.89076], [-79.75923, 33.89074], [-79.75927, 33.89068], [-79.75928, 33.89066], [-79.75928, 33.89064], [-79.75929, 33.89062], [-79.75928, 33.8906], [-79.75927, 33.89058], [-79.75926, 33.89055], [-79.75925, 33.89047], [-79.75924, 33.89045], [-79.75924, 33.89041], [-79.75926, 33.89038], [-79.75932, 33.8903], [-79.75936, 33.89026], [-79.75942, 33.8902], [-79.75951, 33.8901], [-79.7596, 33.89004], [-79.75965, 33.88997], [-79.75966, 33.88995], [-79.75966, 33.88992], [-79.75963, 33.88987], [-79.75959, 33.88983], [-79.75955, 33.8898], [-79.75942, 33.88971], [-79.75872, 33.88992], [-79.75868, 33.88994], [-79.75822, 33.89008], [-79.75551, 33.89092], [-79.75535, 33.89097], [-79.75538, 33.8909], [-79.75499, 33.89081], [-79.75466, 33.89073], [-79.75455, 33.89071], [-79.75449, 33.8907], [-79.75446, 33.89078], [-79.75444, 33.89086], [-79.75441, 33.891], [-79.75433, 33.89128], [-79.75422, 33.89132], [-79.75348, 33.89155], [-79.75295, 33.89145], [-79.75082, 33.89108], [-79.7508, 33.89107], [-79.74884, 33.89058], [-79.74889, 33.89041], [-79.74917, 33.88959], [-79.74935, 33.88904], [-79.74942, 33.88883], [-79.75043, 33.88582], [-79.75046, 33.88572], [-79.7505, 33.8856], [-79.75132, 33.88314], [-79.75135, 33.88307], [-79.75143, 33.88293], [-79.75149, 33.8828], [-79.75153, 33.88269], [-79.75164, 33.88234], [-79.75174, 33.88196], [-79.7518, 33.88176], [-79.75184, 33.88162], [-79.75189, 33.88144], [-79.7522, 33.88053], [-79.75267, 33.87909], [-79.75345, 33.87962], [-79.75353, 33.87939], [-79.75357, 33.87944], [-79.75359, 33.87947], [-79.7536, 33.87952], [-79.75365, 33.87958], [-79.75367, 33.87962], [-79.7537, 33.87967], [-79.75373, 33.87972], [-79.75377, 33.87975], [-79.75382, 33.87981], [-79.75386, 33.87987], [-79.75394, 33.88002], [-79.75397, 33.88008], [-79.75402, 33.8802], [-79.75412, 33.88032], [-79.75417, 33.88037], [-79.75421, 33.8804], [-79.75429, 33.88044], [-79.75454, 33.88058], [-79.75467, 33.88066], [-79.75481, 33.88074], [-79.75496, 33.8808], [-79.75517, 33.8809], [-79.75548, 33.88112], [-79.75559, 33.88122], [-79.75569, 33.88134], [-79.75579, 33.88142], [-79.75583, 33.88146], [-79.75585, 33.88149], [-79.75585, 33.88154], [-79.75584, 33.88159], [-79.75581, 33.88182], [-79.75581, 33.88192], [-79.75586, 33.88202], [-79.75592, 33.88207], [-79.75607, 33.88218], [-79.75615, 33.88225], [-79.75626, 33.88234], [-79.75631, 33.88238], [-79.75635, 33.88243], [-79.75642, 33.88252], [-79.75644, 33.88259], [-79.75646, 33.88266], [-79.75651, 33.88282], [-79.7565, 33.88309], [-79.75651, 33.88314], [-79.75652, 33.88317], [-79.75658, 33.8832], [-79.75665, 33.88323], [-79.75673, 33.88326], [-79.75691, 33.88334], [-79.75703, 33.8834], [-79.75707, 33.88344], [-79.75712, 33.88351], [-79.75718, 33.88357], [-79.75729, 33.88364], [-79.75738, 33.88368], [-79.75771, 33.88386], [-79.75785, 33.88386], [-79.75812, 33.88386], [-79.75827, 33.88386], [-79.7593, 33.88386], [-79.76, 33.88387], [-79.76015, 33.88387], [-79.76029, 33.8839], [-79.7605, 33.88399], [-79.76068, 33.8841], [-79.761, 33.88436], [-79.76108, 33.88444], [-79.76131, 33.88455], [-79.76146, 33.88458], [-79.76174, 33.88457], [-79.76182, 33.88454], [-79.76212, 33.88449], [-79.76215, 33.88451], [-79.76273, 33.88456], [-79.76349, 33.88463], [-79.76361, 33.88476], [-79.76367, 33.88479], [-79.76424, 33.88479], [-79.76496, 33.88478], [-79.76505, 33.88478], [-79.76508, 33.88517], [-79.76509, 33.88542], [-79.7651, 33.88547], [-79.7651, 33.88574], [-79.7651, 33.88582], [-79.7662, 33.88587], [-79.76617, 33.8863], [-79.76509, 33.88623], [-79.76509, 33.88628], [-79.76502, 33.88685], [-79.76496, 33.88728], [-79.76487, 33.88787], [-79.76485, 33.88795], [-79.76483, 33.8881], [-79.76474, 33.8881], [-79.76349, 33.88927], [-79.7635, 33.88937], [-79.76357, 33.88978], [-79.76427, 33.88981], [-79.76499, 33.88984], [-79.76509, 33.89019], [-79.76498, 33.89022], [-79.76326, 33.89088], [-79.76321, 33.89089], [-79.76347, 33.89169], [-79.76524, 33.89102], [-79.76532, 33.89099], [-79.76549, 33.89158], [-79.76558, 33.8919], [-79.76566, 33.89213], [-79.76577, 33.89241], [-79.76593, 33.89271], [-79.76601, 33.89287], [-79.7661, 33.89298], [-79.76656, 33.89294], [-79.76706, 33.89292], [-79.76817, 33.89285], [-79.76891, 33.89281], [-79.77186, 33.89263], [-79.77211, 33.89261], [-79.77222, 33.89247], [-79.77261, 33.89202], [-79.77092, 33.88887], [-79.7703, 33.88771], [-79.77028, 33.88768], [-79.77024, 33.88761], [-79.77023, 33.88758], [-79.77007, 33.88729], [-79.76987, 33.88692], [-79.76951, 33.88626], [-79.76984, 33.88613], [-79.77011, 33.88603], [-79.77069, 33.88531], [-79.77048, 33.88525], [-79.77035, 33.8852], [-79.77027, 33.88519], [-79.7702, 33.88517], [-79.77014, 33.88514], [-79.77006, 33.88509], [-79.77, 33.88502], [-79.76998, 33.88498], [-79.76994, 33.88487], [-79.76991, 33.88482], [-79.7699, 33.88478], [-79.7699, 33.88473], [-79.76993, 33.88457], [-79.77001, 33.88447], [-79.77001, 33.88444], [-79.77, 33.8844], [-79.77001, 33.88435], [-79.77002, 33.88427], [-79.77002, 33.88422], [-79.77002, 33.88417], [-79.77, 33.8841], [-79.76998, 33.88406], [-79.76993, 33.88395], [-79.76991, 33.8839], [-79.76989, 33.88384], [-79.76984, 33.88361], [-79.76981, 33.88344], [-79.76978, 33.88329], [-79.76978, 33.88317], [-79.76977, 33.88306], [-79.76976, 33.88293], [-79.76975, 33.88285], [-79.76972, 33.88275], [-79.76962, 33.88234], [-79.76959, 33.88225], [-79.76957, 33.8822], [-79.76954, 33.88214], [-79.76948, 33.88204], [-79.76943, 33.88198], [-79.76939, 33.88194], [-79.76935, 33.8819], [-79.76931, 33.88187], [-79.76956, 33.88119], [-79.76953, 33.88113], [-79.76931, 33.88081], [-79.77001, 33.88003], [-79.77086, 33.87907], [-79.77091, 33.87898], [-79.7706, 33.87882], [-79.77039, 33.87873], [-79.77014, 33.87863], [-79.7705, 33.87821], [-79.7707, 33.87798], [-79.77075, 33.878], [-79.7711, 33.87706], [-79.77247, 33.87636], [-79.77258, 33.87624], [-79.77262, 33.87627], [-79.77264, 33.87628], [-79.77266, 33.87628], [-79.7727, 33.87628], [-79.77282, 33.87627], [-79.77284, 33.87628], [-79.77291, 33.8763], [-79.77297, 33.87631], [-79.773, 33.87632], [-79.77304, 33.87634], [-79.77312, 33.87641], [-79.77313, 33.87643], [-79.77315, 33.87645], [-79.77317, 33.87645], [-79.77327, 33.87643], [-79.77337, 33.87644], [-79.77365, 33.87651], [-79.7738, 33.87652], [-79.77395, 33.87651], [-79.77412, 33.87647], [-79.77426, 33.87643], [-79.77439, 33.87639], [-79.77469, 33.87628], [-79.77475, 33.87626], [-79.77474, 33.87623], [-79.77472, 33.87616], [-79.77472, 33.87613], [-79.77473, 33.8761], [-79.77476, 33.87602], [-79.77477, 33.87598], [-79.77477, 33.87595], [-79.77477, 33.87593], [-79.77478, 33.87591], [-79.77479, 33.87588], [-79.77481, 33.87585], [-79.77484, 33.87582], [-79.77489, 33.8758], [-79.77493, 33.87576], [-79.77493, 33.87574], [-79.77491, 33.87559], [-79.77491, 33.87556], [-79.77491, 33.87553], [-79.77491, 33.87551], [-79.77492, 33.87547], [-79.77492, 33.87544], [-79.77492, 33.87532], [-79.77497, 33.87523], [-79.77498, 33.87521], [-79.77498, 33.87518], [-79.77497, 33.87515], [-79.77495, 33.87513], [-79.77492, 33.87511], [-79.77489, 33.87509], [-79.77488, 33.87507], [-79.77487, 33.87505], [-79.77487, 33.87502], [-79.77489, 33.87499], [-79.77494, 33.87496], [-79.77497, 33.87493], [-79.77501, 33.87484], [-79.77504, 33.87478], [-79.77506, 33.87474], [-79.77516, 33.87466], [-79.77519, 33.87462], [-79.7752, 33.87458], [-79.7752, 33.87454], [-79.77518, 33.87448], [-79.77517, 33.87444], [-79.77518, 33.8744], [-79.7752, 33.87436], [-79.7752, 33.87434], [-79.77522, 33.87431], [-79.77522, 33.87429], [-79.77522, 33.87427], [-79.77518, 33.87417], [-79.77518, 33.87415], [-79.77521, 33.87409], [-79.77523, 33.87407], [-79.77526, 33.87404], [-79.77528, 33.87402], [-79.77534, 33.8739], [-79.77536, 33.87384], [-79.77536, 33.87382], [-79.77536, 33.87379], [-79.77535, 33.87378], [-79.77533, 33.87376], [-79.77531, 33.87375], [-79.7753, 33.87374], [-79.77528, 33.87369], [-79.77527, 33.87367], [-79.77527, 33.87365], [-79.77537, 33.87355], [-79.77545, 33.8735], [-79.77548, 33.87347], [-79.77554, 33.87344], [-79.77564, 33.87341], [-79.77568, 33.87339], [-79.77574, 33.87336], [-79.77581, 33.87335], [-79.77588, 33.87335], [-79.77591, 33.87335], [-79.77594, 33.87334], [-79.77595, 33.87332], [-79.776, 33.8733], [-79.77603, 33.87328], [-79.77605, 33.87325], [-79.77605, 33.87322], [-79.77606, 33.87319], [-79.77607, 33.87317], [-79.77609, 33.87315], [-79.77612, 33.87312], [-79.77617, 33.87309], [-79.77629, 33.87302], [-79.7763, 33.87301], [-79.77636, 33.87297], [-79.7764, 33.87294], [-79.77646, 33.87287], [-79.77654, 33.87272], [-79.77657, 33.87266], [-79.77659, 33.87264], [-79.77669, 33.8726], [-79.77674, 33.87259], [-79.77681, 33.87259], [-79.77688, 33.87258], [-79.77694, 33.87254], [-79.777, 33.87247], [-79.77707, 33.87243], [-79.77713, 33.8724], [-79.77714, 33.8724], [-79.77716, 33.87241], [-79.77722, 33.87241], [-79.77732, 33.87245], [-79.77735, 33.87246], [-79.77739, 33.87247], [-79.77749, 33.8725], [-79.7776, 33.87253], [-79.7777, 33.87253], [-79.77772, 33.87254], [-79.77776, 33.87255], [-79.7778, 33.87257], [-79.77783, 33.87258], [-79.77792, 33.87258], [-79.77799, 33.87258], [-79.77804, 33.87259], [-79.77812, 33.8726], [-79.77816, 33.87262], [-79.77818, 33.87265], [-79.7782, 33.87266], [-79.77824, 33.87267], [-79.77828, 33.87268], [-79.77832, 33.87268], [-79.77836, 33.87267], [-79.77848, 33.87265], [-79.77856, 33.87267], [-79.77864, 33.87269], [-79.77871, 33.87272], [-79.77875, 33.87273], [-79.77878, 33.87274], [-79.77883, 33.87276], [-79.77888, 33.87276], [-79.7789, 33.87276], [-79.77895, 33.87274], [-79.77899, 33.87271], [-79.77904, 33.87266], [-79.77908, 33.8726], [-79.7791, 33.87256], [-79.77912, 33.87224], [-79.77911, 33.87218], [-79.77913, 33.87179], [-79.77913, 33.87168], [-79.77914, 33.87148], [-79.77914, 33.87141], [-79.77915, 33.87138], [-79.77915, 33.8713], [-79.77915, 33.8712], [-79.77916, 33.87114], [-79.77915, 33.87107], [-79.77914, 33.87105], [-79.77911, 33.87098], [-79.77911, 33.87097], [-79.77913, 33.87094], [-79.77916, 33.87091], [-79.77916, 33.87087], [-79.77916, 33.87062], [-79.77915, 33.87054], [-79.77913, 33.87051], [-79.77913, 33.87048], [-79.77913, 33.87045], [-79.77914, 33.87038], [-79.77915, 33.87035], [-79.77917, 33.87034], [-79.7793, 33.87035], [-79.7794, 33.87036], [-79.77962, 33.87038], [-79.77982, 33.8704], [-79.77994, 33.8704], [-79.78007, 33.87041], [-79.78024, 33.87043], [-79.7804, 33.87045], [-79.78051, 33.87046], [-79.78063, 33.87047], [-79.78081, 33.8705], [-79.78119, 33.87053], [-79.78132, 33.87054], [-79.78138, 33.87054], [-79.78145, 33.87055], [-79.78151, 33.87056], [-79.78158, 33.87056], [-79.78169, 33.87058], [-79.78176, 33.87058], [-79.78198, 33.87058], [-79.78208, 33.87059], [-79.78215, 33.87059], [-79.78244, 33.87059], [-79.78286, 33.87058], [-79.78304, 33.87059], [-79.78313, 33.87058], [-79.78331, 33.87059], [-79.78339, 33.87059], [-79.78344, 33.87058], [-79.78348, 33.87058], [-79.7835, 33.87057], [-79.78352, 33.87055], [-79.78355, 33.87053], [-79.78357, 33.87051], [-79.78361, 33.87044], [-79.78363, 33.8704], [-79.78366, 33.87036], [-79.7837, 33.87032], [-79.78373, 33.87028], [-79.78378, 33.87016], [-79.7838, 33.87013], [-79.78391, 33.86993], [-79.78414, 33.86955], [-79.78423, 33.8694], [-79.78436, 33.8692], [-79.78442, 33.8691], [-79.78443, 33.86908], [-79.78447, 33.86906], [-79.78454, 33.86904], [-79.78465, 33.86901], [-79.78522, 33.86889], [-79.78551, 33.86883], [-79.78621, 33.86868], [-79.78652, 33.86862], [-79.7866, 33.8686], [-79.7867, 33.86858], [-79.78695, 33.86852], [-79.7888, 33.8681], [-79.78888, 33.86808]], [[-79.76974, 33.85157], [-79.76976, 33.85157], [-79.76973, 33.85185], [-79.7697, 33.85185], [-79.76889, 33.85176], [-79.76893, 33.85148], [-79.76974, 33.85157]]], [[[-79.7893, 33.8697], [-79.78925, 33.86955], [-79.78908, 33.86901], [-79.78901, 33.8688], [-79.78852, 33.86889], [-79.78791, 33.869], [-79.7877, 33.86904], [-79.78708, 33.86916], [-79.78675, 33.86922], [-79.78675, 33.86924], [-79.78679, 33.86942], [-79.7868, 33.86946], [-79.78686, 33.86971], [-79.78689, 33.86984], [-79.78691, 33.86994], [-79.78693, 33.87002], [-79.78699, 33.87024], [-79.78703, 33.87024], [-79.7873, 33.8702], [-79.78746, 33.87018], [-79.78764, 33.87015], [-79.78797, 33.8701], [-79.78837, 33.87004], [-79.78871, 33.86992], [-79.78876, 33.8699], [-79.78916, 33.86975], [-79.7893, 33.8697]]]]}, "properties": {"geoid": "4539310", "name": "Lake City", "facts": {"population": 5988.0, "median_age": 43.7, "median_household_income": 33600.0, "poverty_rate_pct": 25.7, "unemployment_rate_pct": 9.7, "renter_share_pct": 56.5}, "factsSource": "US Census ACS 2024 5-year estimates"}}, {"type": "Feature", "geometry": {"type": "MultiPolygon", "coordinates": [[[[-80.12449, 34.36544], [-80.12515, 34.3645], [-80.12354, 34.36408], [-80.12345, 34.36408], [-80.12343, 34.36381], [-80.12343, 34.36376], [-80.12344, 34.3635], [-80.1234, 34.36294], [-80.12338, 34.36261], [-80.12338, 34.36255], [-80.12337, 34.36248], [-80.12336, 34.36242], [-80.12337, 34.36236], [-80.12337, 34.36211], [-80.12334, 34.3617], [-80.12334, 34.36164], [-80.12326, 34.36111], [-80.12219, 34.36197], [-80.12214, 34.36202], [-80.12201, 34.36212], [-80.12189, 34.36219], [-80.12176, 34.36231], [-80.12162, 34.36242], [-80.12155, 34.36246], [-80.12135, 34.36265], [-80.12107, 34.36287], [-80.12079, 34.36308], [-80.12036, 34.36342], [-80.12007, 34.36366], [-80.11992, 34.36377], [-80.11978, 34.36388], [-80.11947, 34.36413], [-80.11917, 34.36434], [-80.11887, 34.36454], [-80.1184, 34.36479], [-80.11825, 34.36486], [-80.11809, 34.36492], [-80.1178, 34.36504], [-80.11736, 34.36519], [-80.11727, 34.36521], [-80.11721, 34.36514], [-80.11711, 34.36509], [-80.11655, 34.36052], [-80.11634, 34.35876], [-80.11569, 34.35873], [-80.11543, 34.35872], [-80.11527, 34.35875], [-80.11454, 34.35877], [-80.1143, 34.35877], [-80.11419, 34.35879], [-80.11404, 34.35879], [-80.11396, 34.35879], [-80.11385, 34.35879], [-80.11331, 34.35881], [-80.11334, 34.35879], [-80.11334, 34.35872], [-80.11333, 34.35864], [-80.11337, 34.35864], [-80.11336, 34.35843], [-80.11308, 34.3547], [-80.11269, 34.35473], [-80.11265, 34.35446], [-80.11265, 34.3544], [-80.11262, 34.35414], [-80.11227, 34.35418], [-80.1121, 34.35419], [-80.11157, 34.35424], [-80.1114, 34.35425], [-80.11115, 34.35427], [-80.1106, 34.35432], [-80.11045, 34.35433], [-80.11036, 34.35434], [-80.11003, 34.35437], [-80.10971, 34.35439], [-80.10859, 34.35445], [-80.10826, 34.35448], [-80.10834, 34.35511], [-80.10828, 34.35511], [-80.10811, 34.35512], [-80.10782, 34.35514], [-80.10762, 34.35513], [-80.10763, 34.35523], [-80.10768, 34.35557], [-80.10892, 34.35552], [-80.10897, 34.35588], [-80.10896, 34.35588], [-80.10886, 34.35588], [-80.10889, 34.35629], [-80.10837, 34.35632], [-80.10779, 34.35635], [-80.10783, 34.35668], [-80.10847, 34.35665], [-80.10903, 34.35663], [-80.10905, 34.35703], [-80.1084, 34.35704], [-80.10787, 34.35706], [-80.10788, 34.35715], [-80.1079, 34.35728], [-80.10792, 34.35738], [-80.10794, 34.35759], [-80.10797, 34.35778], [-80.10798, 34.3579], [-80.10804, 34.35839], [-80.1081, 34.35881], [-80.10812, 34.359], [-80.10816, 34.35933], [-80.10819, 34.35955], [-80.10819, 34.35966], [-80.10822, 34.35988], [-80.10823, 34.35998], [-80.10826, 34.36016], [-80.10826, 34.36018], [-80.10827, 34.36028], [-80.10828, 34.36038], [-80.10915, 34.36026], [-80.10952, 34.36025], [-80.10961, 34.36054], [-80.10957, 34.36054], [-80.1095, 34.36054], [-80.1092, 34.36057], [-80.1089, 34.3606], [-80.10882, 34.36061], [-80.10877, 34.36059], [-80.10868, 34.36059], [-80.10843, 34.36062], [-80.10831, 34.36062], [-80.10831, 34.36066], [-80.10832, 34.36076], [-80.10835, 34.36094], [-80.10836, 34.36104], [-80.10838, 34.36113], [-80.10838, 34.36123], [-80.10843, 34.36151], [-80.10844, 34.36169], [-80.10846, 34.36178], [-80.10847, 34.36188], [-80.10848, 34.36197], [-80.10849, 34.36206], [-80.10851, 34.36215], [-80.10851, 34.36224], [-80.10853, 34.36234], [-80.10854, 34.36243], [-80.10855, 34.36252], [-80.10856, 34.36261], [-80.10857, 34.36271], [-80.1086, 34.36299], [-80.10861, 34.36308], [-80.10863, 34.36327], [-80.10866, 34.3635], [-80.1087, 34.36379], [-80.10871, 34.36387], [-80.10873, 34.36411], [-80.10875, 34.36419], [-80.10879, 34.36456], [-80.1088, 34.36463], [-80.10881, 34.3647], [-80.10881, 34.36477], [-80.10882, 34.36484], [-80.10883, 34.36491], [-80.10886, 34.3652], [-80.10888, 34.36527], [-80.10891, 34.36554], [-80.10891, 34.36561], [-80.10895, 34.36588], [-80.10895, 34.36592], [-80.10898, 34.36602], [-80.10863, 34.36606], [-80.10843, 34.36607], [-80.10803, 34.3661], [-80.10764, 34.36612], [-80.10744, 34.36614], [-80.10644, 34.36622], [-80.10604, 34.36624], [-80.10584, 34.36626], [-80.10554, 34.36628], [-80.10506, 34.36632], [-80.10463, 34.36636], [-80.10446, 34.36637], [-80.10435, 34.36639], [-80.10389, 34.36642], [-80.10368, 34.36567], [-80.10367, 34.36561], [-80.10444, 34.36554], [-80.10443, 34.3655], [-80.1044, 34.3654], [-80.10435, 34.36522], [-80.10432, 34.36511], [-80.10423, 34.36471], [-80.10405, 34.36404], [-80.10401, 34.36391], [-80.10321, 34.36402], [-80.10317, 34.3637], [-80.10312, 34.36354], [-80.10308, 34.36339], [-80.10304, 34.36321], [-80.10294, 34.36286], [-80.10293, 34.36281], [-80.10286, 34.36252], [-80.10283, 34.36243], [-80.10277, 34.36219], [-80.10274, 34.36206], [-80.10272, 34.36201], [-80.10268, 34.36185], [-80.10264, 34.36169], [-80.10261, 34.36153], [-80.10255, 34.36131], [-80.10279, 34.36128], [-80.10326, 34.3612], [-80.10332, 34.36119], [-80.10331, 34.36115], [-80.10318, 34.36067], [-80.10241, 34.36081], [-80.1023, 34.3604], [-80.10153, 34.36069], [-80.10115, 34.36077], [-80.10061, 34.36095], [-80.09968, 34.36126], [-80.0994, 34.36136], [-80.09938, 34.36049], [-80.09935, 34.35934], [-80.09939, 34.35932], [-80.09947, 34.3593], [-80.09965, 34.35929], [-80.09976, 34.35929], [-80.1001, 34.35927], [-80.10002, 34.35909], [-80.09963, 34.35821], [-80.09945, 34.35777], [-80.09973, 34.35771], [-80.103, 34.35706], [-80.10297, 34.35696], [-80.10295, 34.35687], [-80.10293, 34.3568], [-80.10284, 34.35643], [-80.10277, 34.35622], [-80.10275, 34.3561], [-80.10274, 34.35605], [-80.10272, 34.35601], [-80.1027, 34.35577], [-80.10254, 34.35568], [-80.10241, 34.35571], [-80.09924, 34.35642], [-80.09925, 34.35584], [-80.09877, 34.35595], [-80.09835, 34.3554], [-80.09824, 34.35499], [-80.09787, 34.35508], [-80.09501, 34.35589], [-80.09506, 34.35601], [-80.09513, 34.3562], [-80.09415, 34.35642], [-80.09397, 34.35646], [-80.09307, 34.35667], [-80.09287, 34.35674], [-80.09182, 34.35703], [-80.09179, 34.35703], [-80.09164, 34.35699], [-80.08898, 34.3576], [-80.08884, 34.35763], [-80.08853, 34.35691], [-80.08835, 34.3565], [-80.08825, 34.35627], [-80.08797, 34.35562], [-80.08781, 34.35525], [-80.08775, 34.35512], [-80.09052, 34.35457], [-80.09059, 34.35456], [-80.094, 34.35389], [-80.09409, 34.35387], [-80.09422, 34.35384], [-80.09417, 34.35372], [-80.09412, 34.35362], [-80.09408, 34.35348], [-80.09406, 34.35343], [-80.09403, 34.35336], [-80.09396, 34.3532], [-80.09393, 34.35314], [-80.09408, 34.3531], [-80.09765, 34.35226], [-80.09771, 34.35249], [-80.0963, 34.35283], [-80.09649, 34.35335], [-80.09681, 34.35329], [-80.09799, 34.353], [-80.09806, 34.35402], [-80.10063, 34.35323], [-80.09938, 34.35212], [-80.10101, 34.3528], [-80.10497, 34.35347], [-80.10541, 34.35295], [-80.10622, 34.35201], [-80.10743, 34.35052], [-80.10787, 34.34997], [-80.10796, 34.34989], [-80.10804, 34.34982], [-80.10813, 34.34973], [-80.10904, 34.34911], [-80.1094, 34.34886], [-80.10983, 34.34857], [-80.11051, 34.34809], [-80.11082, 34.34795], [-80.11108, 34.34789], [-80.11287, 34.34693], [-80.1115, 34.34516], [-80.11111, 34.34467], [-80.11106, 34.3446], [-80.11083, 34.34472], [-80.11057, 34.34485], [-80.11033, 34.34497], [-80.11012, 34.34507], [-80.10856, 34.34586], [-80.10827, 34.34546], [-80.10802, 34.34512], [-80.10798, 34.34505], [-80.10805, 34.34503], [-80.10824, 34.34498], [-80.1086, 34.34486], [-80.10887, 34.34479], [-80.10857, 34.34459], [-80.10822, 34.34435], [-80.10807, 34.34427], [-80.10793, 34.34418], [-80.10763, 34.34399], [-80.10739, 34.34384], [-80.10731, 34.34379], [-80.10723, 34.34374], [-80.10677, 34.34345], [-80.10654, 34.34331], [-80.1064, 34.34322], [-80.10607, 34.34301], [-80.106, 34.34296], [-80.10593, 34.34293], [-80.1058, 34.34284], [-80.10553, 34.34268], [-80.10503, 34.34236], [-80.10496, 34.34232], [-80.10489, 34.34227], [-80.10485, 34.34225], [-80.10467, 34.34214], [-80.10453, 34.34206], [-80.10447, 34.34201], [-80.10435, 34.34195], [-80.10426, 34.34188], [-80.10423, 34.34185], [-80.10417, 34.34178], [-80.10419, 34.34176], [-80.10346, 34.34145], [-80.10293, 34.34216], [-80.10249, 34.34275], [-80.10244, 34.34282], [-80.10243, 34.34283], [-80.10249, 34.34296], [-80.10264, 34.34332], [-80.1027, 34.34348], [-80.10293, 34.34403], [-80.10255, 34.34452], [-80.10174, 34.34556], [-80.10206, 34.34572], [-80.10219, 34.34578], [-80.10219, 34.34579], [-80.10209, 34.34593], [-80.10208, 34.34595], [-80.10206, 34.34598], [-80.10203, 34.34602], [-80.10227, 34.34614], [-80.10233, 34.34617], [-80.10288, 34.34645], [-80.10302, 34.34652], [-80.10271, 34.34662], [-80.10263, 34.34664], [-80.10249, 34.34669], [-80.10212, 34.3468], [-80.10315, 34.34732], [-80.10347, 34.3475], [-80.10362, 34.34758], [-80.10366, 34.34756], [-80.10454, 34.34716], [-80.10505, 34.3475], [-80.1058, 34.34716], [-80.10583, 34.34715], [-80.10621, 34.34731], [-80.1063, 34.34735], [-80.10663, 34.3475], [-80.10576, 34.34867], [-80.10439, 34.34797], [-80.10434, 34.34795], [-80.10429, 34.34801], [-80.10425, 34.34806], [-80.10212, 34.35063], [-80.10205, 34.35071], [-80.10086, 34.35013], [-80.10053, 34.34997], [-80.09959, 34.34951], [-80.09909, 34.35017], [-80.09904, 34.34988], [-80.09887, 34.34992], [-80.09846, 34.35], [-80.09684, 34.35039], [-80.09674, 34.35021], [-80.09652, 34.34981], [-80.09639, 34.34958], [-80.09563, 34.34904], [-80.09617, 34.34861], [-80.09821, 34.34695], [-80.09844, 34.3467], [-80.09851, 34.34663], [-80.09746, 34.3459], [-80.09757, 34.34576], [-80.09766, 34.34564], [-80.09819, 34.34495], [-80.09823, 34.3449], [-80.09827, 34.34484], [-80.09809, 34.34475], [-80.09818, 34.34462], [-80.09872, 34.34391], [-80.09888, 34.3437], [-80.09869, 34.34361], [-80.09789, 34.34322], [-80.09777, 34.34316], [-80.0979, 34.34299], [-80.09802, 34.34283], [-80.09827, 34.34251], [-80.09865, 34.34201], [-80.09893, 34.34162], [-80.09921, 34.34125], [-80.09934, 34.34108], [-80.0994, 34.34101], [-80.09945, 34.34094], [-80.09955, 34.34081], [-80.09964, 34.34069], [-80.09976, 34.34053], [-80.10006, 34.34012], [-80.10013, 34.34001], [-80.09516, 34.3386], [-80.09466, 34.3395], [-80.09459, 34.3396], [-80.09435, 34.34002], [-80.09599, 34.34036], [-80.09528, 34.34149], [-80.09452, 34.34269], [-80.09451, 34.34286], [-80.09449, 34.34293], [-80.09476, 34.34308], [-80.09561, 34.34354], [-80.09582, 34.34366], [-80.09646, 34.34399], [-80.09667, 34.3441], [-80.09695, 34.34424], [-80.09674, 34.34454], [-80.09669, 34.34461], [-80.09664, 34.34468], [-80.09658, 34.34475], [-80.09647, 34.34491], [-80.09641, 34.345], [-80.09634, 34.34508], [-80.09616, 34.34535], [-80.09609, 34.34544], [-80.09596, 34.34563], [-80.09583, 34.34582], [-80.09575, 34.34591], [-80.09568, 34.34601], [-80.0956, 34.34611], [-80.09553, 34.34619], [-80.0953, 34.34652], [-80.09506, 34.34684], [-80.09499, 34.34694], [-80.09491, 34.34706], [-80.09476, 34.34728], [-80.09434, 34.34784], [-80.09425, 34.34796], [-80.09423, 34.348], [-80.09412, 34.34794], [-80.09408, 34.3479], [-80.09399, 34.34784], [-80.09383, 34.34771], [-80.0938, 34.3477], [-80.09339, 34.3474], [-80.09336, 34.34737], [-80.09315, 34.34723], [-80.09308, 34.3472], [-80.09281, 34.3471], [-80.09257, 34.34695], [-80.09208, 34.34773], [-80.09204, 34.34779], [-80.09227, 34.34794], [-80.09238, 34.34801], [-80.09241, 34.34805], [-80.09247, 34.34809], [-80.09242, 34.34816], [-80.0921, 34.34858], [-80.09188, 34.34822], [-80.09095, 34.34606], [-80.0866, 34.34612], [-80.08636, 34.34612], [-80.08581, 34.34657], [-80.08382, 34.34726], [-80.08379, 34.34727], [-80.08364, 34.34732], [-80.08357, 34.34746], [-80.08363, 34.34764], [-80.08381, 34.34816], [-80.08417, 34.34919], [-80.08418, 34.3492], [-80.08484, 34.35128], [-80.08489, 34.35142], [-80.08492, 34.35153], [-80.0862, 34.3555], [-80.08652, 34.35651], [-80.08452, 34.35696], [-80.08476, 34.35767], [-80.08351, 34.35792], [-80.0837, 34.35835], [-80.08386, 34.35898], [-80.08389, 34.3591], [-80.08391, 34.35932], [-80.08372, 34.35936], [-80.08353, 34.35941], [-80.08333, 34.35945], [-80.08314, 34.35949], [-80.08255, 34.35962], [-80.08236, 34.35967], [-80.08179, 34.35979], [-80.0816, 34.35984], [-80.08104, 34.35996], [-80.08048, 34.36008], [-80.07996, 34.36019], [-80.07977, 34.36023], [-80.07974, 34.36024], [-80.07973, 34.3603], [-80.07995, 34.36108], [-80.0802, 34.36203], [-80.07746, 34.3626], [-80.07733, 34.36221], [-80.07687, 34.36232], [-80.07678, 34.3623], [-80.07675, 34.36222], [-80.07668, 34.36199], [-80.07655, 34.36155], [-80.07653, 34.36149], [-80.07644, 34.36121], [-80.0764, 34.36102], [-80.0765, 34.36099], [-80.0768, 34.36091], [-80.07693, 34.36088], [-80.0767, 34.36045], [-80.07664, 34.36026], [-80.07678, 34.36013], [-80.07715, 34.35979], [-80.07742, 34.35949], [-80.07759, 34.35929], [-80.07785, 34.35891], [-80.07782, 34.35867], [-80.07776, 34.35849], [-80.07756, 34.35786], [-80.07636, 34.3581], [-80.07599, 34.35789], [-80.07542, 34.35636], [-80.07541, 34.35633], [-80.0757, 34.35627], [-80.0752, 34.35487], [-80.07479, 34.35494], [-80.07478, 34.3549], [-80.07474, 34.35481], [-80.07482, 34.35479], [-80.07518, 34.35472], [-80.07483, 34.35377], [-80.07447, 34.35385], [-80.07438, 34.35388], [-80.07435, 34.35381], [-80.07432, 34.35372], [-80.07429, 34.35364], [-80.07427, 34.3536], [-80.07421, 34.35341], [-80.0742, 34.35338], [-80.07417, 34.35333], [-80.0741, 34.35313], [-80.07409, 34.3531], [-80.074, 34.35288], [-80.07398, 34.35285], [-80.07397, 34.35281], [-80.07395, 34.35276], [-80.07389, 34.35261], [-80.07359, 34.35259], [-80.07272, 34.35256], [-80.07263, 34.35256], [-80.07238, 34.35255], [-80.07149, 34.35252], [-80.07133, 34.35251], [-80.07086, 34.35249], [-80.07078, 34.35249], [-80.07082, 34.35261], [-80.07085, 34.35274], [-80.07086, 34.3528], [-80.07088, 34.35283], [-80.07091, 34.35295], [-80.07092, 34.35298], [-80.07095, 34.35308], [-80.07096, 34.35311], [-80.07098, 34.35321], [-80.071, 34.35324], [-80.07101, 34.35328], [-80.07102, 34.35331], [-80.07103, 34.35335], [-80.07105, 34.35339], [-80.07105, 34.35343], [-80.07108, 34.35352], [-80.07109, 34.35356], [-80.07112, 34.35365], [-80.07114, 34.35377], [-80.0711, 34.35378], [-80.07103, 34.3538], [-80.07099, 34.3538], [-80.07091, 34.35382], [-80.07087, 34.35382], [-80.07084, 34.35383], [-80.0708, 34.35383], [-80.07075, 34.35384], [-80.07062, 34.35388], [-80.07065, 34.35398], [-80.07071, 34.35418], [-80.07083, 34.35463], [-80.07105, 34.35522], [-80.07042, 34.35536], [-80.07042, 34.35534], [-80.0704, 34.3553], [-80.0704, 34.35526], [-80.07036, 34.35513], [-80.07035, 34.35509], [-80.07035, 34.35503], [-80.07032, 34.35495], [-80.07031, 34.3549], [-80.0703, 34.35488], [-80.07027, 34.35478], [-80.07025, 34.35472], [-80.0703, 34.35471], [-80.07031, 34.35471], [-80.07028, 34.35458], [-80.07018, 34.35416], [-80.07009, 34.35417], [-80.06935, 34.35432], [-80.06932, 34.35433], [-80.06926, 34.35436], [-80.0693, 34.35403], [-80.07002, 34.35392], [-80.07, 34.35385], [-80.07011, 34.35383], [-80.07049, 34.35374], [-80.07087, 34.35368], [-80.07055, 34.35249], [-80.07042, 34.35248], [-80.0703, 34.35248], [-80.07012, 34.35247], [-80.06982, 34.35245], [-80.07001, 34.35299], [-80.07003, 34.35304], [-80.07017, 34.35344], [-80.07005, 34.35347], [-80.06981, 34.35348], [-80.06924, 34.3536], [-80.06926, 34.35349], [-80.06927, 34.35344], [-80.06928, 34.35329], [-80.0693, 34.35319], [-80.06504, 34.35241], [-80.06499, 34.35217], [-80.06519, 34.35211], [-80.06517, 34.35207], [-80.06479, 34.35116], [-80.0646, 34.3507], [-80.06441, 34.35057], [-80.06421, 34.35043], [-80.06234, 34.35234], [-80.06186, 34.35283], [-80.0603, 34.35302], [-80.05996, 34.35351], [-80.05975, 34.35378], [-80.05948, 34.35387], [-80.059, 34.35403], [-80.05907, 34.35415], [-80.05915, 34.35428], [-80.05776, 34.35478], [-80.05761, 34.35455], [-80.05721, 34.35392], [-80.05718, 34.35386], [-80.05587, 34.35392], [-80.05578, 34.35335], [-80.05587, 34.35334], [-80.05601, 34.35332], [-80.05621, 34.3533], [-80.05637, 34.3533], [-80.05645, 34.35328], [-80.05653, 34.35326], [-80.05678, 34.35321], [-80.05671, 34.35309], [-80.05669, 34.35306], [-80.05567, 34.35311], [-80.05546, 34.35312], [-80.05552, 34.35358], [-80.05555, 34.35383], [-80.0531, 34.35402], [-80.05324, 34.35532], [-80.05329, 34.35561], [-80.05596, 34.35542], [-80.05604, 34.35542], [-80.05607, 34.35557], [-80.05553, 34.35574], [-80.05555, 34.35595], [-80.05562, 34.35673], [-80.05569, 34.35748], [-80.05571, 34.35772], [-80.05578, 34.35795], [-80.05603, 34.35888], [-80.05611, 34.35896], [-80.05616, 34.359], [-80.05625, 34.35909], [-80.05589, 34.35945], [-80.05575, 34.3596], [-80.05591, 34.36052], [-80.05562, 34.3605], [-80.0559, 34.36136], [-80.05643, 34.36299], [-80.05646, 34.36306], [-80.05652, 34.36318], [-80.05655, 34.36325], [-80.05665, 34.36353], [-80.05674, 34.3638], [-80.05679, 34.36393], [-80.05684, 34.36407], [-80.05691, 34.36423], [-80.05699, 34.36444], [-80.05701, 34.36448], [-80.05721, 34.36489], [-80.05729, 34.36503], [-80.05734, 34.36513], [-80.05736, 34.36517], [-80.05751, 34.36543], [-80.05758, 34.36557], [-80.05766, 34.36572], [-80.05781, 34.366], [-80.05788, 34.36613], [-80.05825, 34.36681], [-80.05848, 34.36725], [-80.05852, 34.36733], [-80.05857, 34.36743], [-80.05863, 34.36756], [-80.05883, 34.36786], [-80.05888, 34.36793], [-80.05903, 34.36812], [-80.05913, 34.36822], [-80.05916, 34.36825], [-80.0592, 34.36828], [-80.05925, 34.36832], [-80.05935, 34.36838], [-80.05938, 34.36841], [-80.05942, 34.36843], [-80.0595, 34.36848], [-80.05955, 34.3685], [-80.05962, 34.36853], [-80.06071, 34.36816], [-80.06101, 34.3686], [-80.06103, 34.36868], [-80.06074, 34.36871], [-80.0608, 34.36884], [-80.06082, 34.36893], [-80.06087, 34.36903], [-80.06091, 34.36912], [-80.06091, 34.36913], [-80.06093, 34.36916], [-80.06091, 34.36919], [-80.06072, 34.36945], [-80.06041, 34.37012], [-80.06018, 34.37081], [-80.05997, 34.3715], [-80.05984, 34.37221], [-80.05976, 34.37289], [-80.05972, 34.37361], [-80.05974, 34.37391], [-80.05965, 34.37391], [-80.05947, 34.3739], [-80.05959, 34.37402], [-80.05974, 34.37405], [-80.05975, 34.37428], [-80.05978, 34.3746], [-80.05982, 34.37499], [-80.05997, 34.37568], [-80.06002, 34.37588], [-80.06006, 34.37608], [-80.06015, 34.37641], [-80.06039, 34.37705], [-80.06058, 34.37752], [-80.06066, 34.3777], [-80.0607, 34.37786], [-80.05995, 34.37838], [-80.05967, 34.37848], [-80.0593, 34.37862], [-80.05918, 34.37866], [-80.05906, 34.37871], [-80.059, 34.37874], [-80.05894, 34.37876], [-80.05877, 34.37883], [-80.05846, 34.37896], [-80.059, 34.37981], [-80.05909, 34.37978], [-80.05923, 34.37972], [-80.05937, 34.37967], [-80.05978, 34.37951], [-80.05992, 34.37946], [-80.06045, 34.37926], [-80.0608, 34.37912], [-80.06092, 34.37951], [-80.06118, 34.37943], [-80.06137, 34.37939], [-80.06124, 34.37906], [-80.06124, 34.37905], [-80.0612, 34.37897], [-80.0615, 34.37886], [-80.0618, 34.37945], [-80.06199, 34.37975], [-80.06109, 34.38004], [-80.0589, 34.38073], [-80.05891, 34.38076], [-80.05885, 34.38077], [-80.05884, 34.38075], [-80.05859, 34.38083], [-80.05858, 34.38085], [-80.05851, 34.38087], [-80.05854, 34.38092], [-80.05851, 34.38096], [-80.05817, 34.38104], [-80.05811, 34.38091], [-80.05796, 34.38093], [-80.05679, 34.38109], [-80.05675, 34.38109], [-80.05672, 34.38111], [-80.05392, 34.38151], [-80.05385, 34.3815], [-80.05128, 34.3819], [-80.05017, 34.38207], [-80.05003, 34.38163], [-80.05094, 34.3815], [-80.05086, 34.38124], [-80.05095, 34.38082], [-80.05007, 34.38095], [-80.04986, 34.38098], [-80.04984, 34.38091], [-80.04981, 34.38085], [-80.0498, 34.38078], [-80.04975, 34.38065], [-80.04974, 34.38059], [-80.04967, 34.38038], [-80.04965, 34.38031], [-80.04963, 34.38024], [-80.0496, 34.38011], [-80.04958, 34.38004], [-80.04956, 34.37998], [-80.0495, 34.37977], [-80.04949, 34.37972], [-80.04943, 34.37956], [-80.0494, 34.37949], [-80.04933, 34.37934], [-80.04932, 34.3793], [-80.04928, 34.37914], [-80.04926, 34.37908], [-80.04923, 34.37897], [-80.04918, 34.37885], [-80.04913, 34.37875], [-80.04901, 34.37881], [-80.04745, 34.37819], [-80.04503, 34.37723], [-80.04499, 34.37724], [-80.04447, 34.37734], [-80.04443, 34.37735], [-80.04409, 34.37737], [-80.0463, 34.37825], [-80.04626, 34.37832], [-80.04594, 34.37897], [-80.04517, 34.38047], [-80.04721, 34.3813], [-80.04697, 34.38179], [-80.04621, 34.38187], [-80.04647, 34.3831], [-80.04668, 34.38307], [-80.04743, 34.38296], [-80.0499, 34.38257], [-80.05003, 34.38256], [-80.05012, 34.38255], [-80.05012, 34.38259], [-80.05012, 34.38264], [-80.05013, 34.38275], [-80.05013, 34.3828], [-80.05015, 34.38285], [-80.05016, 34.38292], [-80.05164, 34.38273], [-80.05172, 34.38304], [-80.05175, 34.38318], [-80.05197, 34.38316], [-80.05194, 34.38301], [-80.05191, 34.38283], [-80.05284, 34.38271], [-80.05415, 34.38257], [-80.05547, 34.38242], [-80.05574, 34.38237], [-80.05579, 34.38252], [-80.05581, 34.38258], [-80.05583, 34.38261], [-80.05584, 34.38262], [-80.05587, 34.38265], [-80.05596, 34.38316], [-80.05598, 34.38323], [-80.056, 34.38331], [-80.05626, 34.38315], [-80.0565, 34.38301], [-80.05693, 34.38278], [-80.05686, 34.38254], [-80.05678, 34.38228], [-80.05707, 34.38218], [-80.05733, 34.38211], [-80.05737, 34.3821], [-80.05769, 34.38195], [-80.05781, 34.38226], [-80.05888, 34.38165], [-80.05888, 34.38163], [-80.06031, 34.38134], [-80.0603, 34.38124], [-80.06067, 34.38113], [-80.06139, 34.38093], [-80.06194, 34.38078], [-80.06218, 34.38071], [-80.06217, 34.38069], [-80.06222, 34.38064], [-80.06253, 34.38062], [-80.06257, 34.3806], [-80.06273, 34.38056], [-80.06291, 34.38073], [-80.06318, 34.38098], [-80.06343, 34.38122], [-80.06403, 34.38171], [-80.06445, 34.38203], [-80.06466, 34.38218], [-80.06532, 34.38261], [-80.06601, 34.383], [-80.06632, 34.38315], [-80.06653, 34.38325], [-80.06674, 34.38336], [-80.0673, 34.3836], [-80.06749, 34.38368], [-80.06826, 34.38396], [-80.06905, 34.38419], [-80.06986, 34.38439], [-80.07068, 34.38455], [-80.07151, 34.38466], [-80.07155, 34.38466], [-80.07235, 34.38473], [-80.07319, 34.38475], [-80.07403, 34.38473], [-80.07487, 34.38467], [-80.07489, 34.3849], [-80.07404, 34.38484], [-80.07403, 34.38498], [-80.07368, 34.38494], [-80.07364, 34.38519], [-80.07363, 34.38537], [-80.07371, 34.38541], [-80.07382, 34.38544], [-80.07387, 34.38546], [-80.07399, 34.38545], [-80.07427, 34.38535], [-80.07447, 34.38531], [-80.07462, 34.38532], [-80.07476, 34.38536], [-80.07487, 34.3854], [-80.07506, 34.38546], [-80.07526, 34.38549], [-80.07541, 34.38549], [-80.07551, 34.38548], [-80.07568, 34.38544], [-80.07583, 34.38541], [-80.07596, 34.3854], [-80.07612, 34.3854], [-80.07629, 34.38539], [-80.07639, 34.38538], [-80.07636, 34.38583], [-80.07635, 34.3862], [-80.07636, 34.38679], [-80.07627, 34.38772], [-80.07585, 34.3878], [-80.07535, 34.38799], [-80.07519, 34.38814], [-80.07516, 34.38816], [-80.07509, 34.38819], [-80.07506, 34.38821], [-80.07471, 34.38827], [-80.07474, 34.38832], [-80.07487, 34.38858], [-80.07492, 34.38867], [-80.07525, 34.38886], [-80.07546, 34.38935], [-80.0761, 34.38944], [-80.07623, 34.38945], [-80.0763, 34.38946], [-80.07629, 34.38955], [-80.07621, 34.38988], [-80.07616, 34.39004], [-80.07609, 34.39021], [-80.07602, 34.39036], [-80.07594, 34.39052], [-80.07584, 34.39066], [-80.07563, 34.39095], [-80.07551, 34.39108], [-80.07538, 34.39121], [-80.07524, 34.39134], [-80.07509, 34.39145], [-80.07493, 34.39157], [-80.07477, 34.39167], [-80.0746, 34.39177], [-80.07447, 34.39183], [-80.07443, 34.39185], [-80.07453, 34.39198], [-80.07455, 34.39201], [-80.07456, 34.39203], [-80.07473, 34.39222], [-80.07473, 34.39225], [-80.07475, 34.39231], [-80.07505, 34.39218], [-80.076, 34.39179], [-80.07609, 34.39175], [-80.07608, 34.39179], [-80.07606, 34.39191], [-80.07606, 34.39194], [-80.07603, 34.39207], [-80.07602, 34.39226], [-80.076, 34.39239], [-80.076, 34.39251], [-80.07597, 34.39264], [-80.07594, 34.3929], [-80.0759, 34.39333], [-80.07588, 34.39395], [-80.07587, 34.39419], [-80.07619, 34.39429], [-80.07637, 34.39439], [-80.07659, 34.39458], [-80.07677, 34.39473], [-80.07684, 34.39485], [-80.0769, 34.39491], [-80.07704, 34.39497], [-80.07759, 34.39419], [-80.07777, 34.39395], [-80.07781, 34.39389], [-80.07809, 34.39347], [-80.07855, 34.3928], [-80.07873, 34.39252], [-80.07877, 34.39246], [-80.07886, 34.39232], [-80.07895, 34.3922], [-80.07898, 34.39213], [-80.07902, 34.39207], [-80.07905, 34.39201], [-80.07909, 34.39195], [-80.07932, 34.39158], [-80.07979, 34.39183], [-80.08009, 34.3914], [-80.08086, 34.39011], [-80.08056, 34.38993], [-80.08041, 34.38984], [-80.0801, 34.38968], [-80.07994, 34.38961], [-80.07979, 34.38952], [-80.07963, 34.38946], [-80.07933, 34.38931], [-80.07941, 34.38922], [-80.07948, 34.38915], [-80.07966, 34.389], [-80.0798, 34.38887], [-80.07989, 34.3888], [-80.08015, 34.38856], [-80.08046, 34.3883], [-80.08052, 34.38826], [-80.08058, 34.38821], [-80.08045, 34.38807], [-80.08031, 34.38798], [-80.08019, 34.38791], [-80.08009, 34.38783], [-80.07999, 34.38774], [-80.07988, 34.38761], [-80.07982, 34.3874], [-80.07975, 34.38732], [-80.07964, 34.3874], [-80.0796, 34.38742], [-80.07953, 34.38747], [-80.07947, 34.38753], [-80.07941, 34.38756], [-80.07934, 34.38758], [-80.07927, 34.38759], [-80.07925, 34.3876], [-80.07917, 34.3876], [-80.07908, 34.38762], [-80.07902, 34.38762], [-80.07895, 34.38764], [-80.07889, 34.38766], [-80.07878, 34.38767], [-80.07876, 34.38768], [-80.07868, 34.38769], [-80.07862, 34.38772], [-80.07853, 34.38777], [-80.07845, 34.38779], [-80.0784, 34.38779], [-80.07828, 34.3878], [-80.078, 34.38798], [-80.07793, 34.38802], [-80.0778, 34.38806], [-80.07773, 34.38808], [-80.07753, 34.38808], [-80.07743, 34.38807], [-80.07731, 34.38806], [-80.07722, 34.38805], [-80.07713, 34.38802], [-80.07702, 34.38798], [-80.07696, 34.38794], [-80.07691, 34.38792], [-80.07678, 34.38784], [-80.07666, 34.3878], [-80.07668, 34.38759], [-80.0768, 34.38619], [-80.07682, 34.38589], [-80.07685, 34.38535], [-80.07749, 34.38531], [-80.07794, 34.38522], [-80.07805, 34.38517], [-80.07814, 34.38512], [-80.07823, 34.38507], [-80.07832, 34.38502], [-80.07842, 34.38496], [-80.07848, 34.38489], [-80.07859, 34.38483], [-80.07863, 34.38483], [-80.07871, 34.38476], [-80.07879, 34.38472], [-80.07884, 34.38467], [-80.0789, 34.38463], [-80.07897, 34.3846], [-80.07909, 34.38457], [-80.07921, 34.38447], [-80.07924, 34.38444], [-80.07927, 34.38439], [-80.07933, 34.38434], [-80.07937, 34.38428], [-80.07944, 34.38414], [-80.07958, 34.38405], [-80.07965, 34.38401], [-80.07975, 34.38397], [-80.07976, 34.38396], [-80.07978, 34.38393], [-80.07979, 34.3839], [-80.07979, 34.38383], [-80.07979, 34.38382], [-80.07976, 34.38377], [-80.07972, 34.3837], [-80.07971, 34.38364], [-80.07971, 34.38355], [-80.07971, 34.38354], [-80.07979, 34.38343], [-80.07982, 34.38335], [-80.07982, 34.3833], [-80.07982, 34.38329], [-80.0798, 34.38323], [-80.07971, 34.38314], [-80.07961, 34.38304], [-80.07951, 34.3829], [-80.07949, 34.38276], [-80.07954, 34.38261], [-80.07959, 34.38253], [-80.07964, 34.38249], [-80.07972, 34.38243], [-80.07981, 34.38239], [-80.07993, 34.38235], [-80.08006, 34.38231], [-80.08016, 34.38224], [-80.0802, 34.38221], [-80.08024, 34.38216], [-80.08027, 34.38211], [-80.0803, 34.38205], [-80.08033, 34.38199], [-80.08036, 34.38183], [-80.08038, 34.3817], [-80.08038, 34.38157], [-80.08037, 34.38136], [-80.08035, 34.38129], [-80.08034, 34.38127], [-80.08031, 34.38122], [-80.08026, 34.38116], [-80.08021, 34.3811], [-80.08019, 34.38107], [-80.08017, 34.38102], [-80.08015, 34.38094], [-80.08017, 34.38085], [-80.08026, 34.38077], [-80.08034, 34.38073], [-80.0804, 34.38069], [-80.08045, 34.38065], [-80.0805, 34.38061], [-80.08054, 34.38057], [-80.08055, 34.38056], [-80.08057, 34.38049], [-80.08058, 34.38044], [-80.08055, 34.38039], [-80.0805, 34.38037], [-80.08044, 34.38031], [-80.0804, 34.38026], [-80.08038, 34.38019], [-80.08039, 34.38012], [-80.08043, 34.38009], [-80.0805, 34.38006], [-80.08058, 34.38002], [-80.08062, 34.37997], [-80.08064, 34.37991], [-80.08061, 34.37988], [-80.08056, 34.37986], [-80.08052, 34.37984], [-80.08046, 34.37979], [-80.08043, 34.37976], [-80.0804, 34.37971], [-80.08037, 34.37965], [-80.08037, 34.3796], [-80.08037, 34.37949], [-80.08038, 34.37944], [-80.08039, 34.3794], [-80.08041, 34.37932], [-80.0805, 34.3792], [-80.08058, 34.37906], [-80.0806, 34.37898], [-80.08059, 34.37891], [-80.08054, 34.37885], [-80.08052, 34.37881], [-80.0805, 34.37876], [-80.08048, 34.37872], [-80.08047, 34.37866], [-80.08049, 34.37855], [-80.08054, 34.37839], [-80.08062, 34.37827], [-80.08069, 34.37818], [-80.08075, 34.3781], [-80.08079, 34.37807], [-80.0809, 34.37801], [-80.08094, 34.37798], [-80.081, 34.37795], [-80.08109, 34.37793], [-80.08127, 34.37794], [-80.08134, 34.37794], [-80.08138, 34.37798], [-80.08141, 34.37803], [-80.08143, 34.37807], [-80.08146, 34.37811], [-80.08148, 34.37815], [-80.08153, 34.37817], [-80.08156, 34.37817], [-80.0816, 34.37815], [-80.08166, 34.3781], [-80.08167, 34.37807], [-80.08175, 34.37802], [-80.0818, 34.378], [-80.08186, 34.37798], [-80.08188, 34.37797], [-80.08199, 34.37796], [-80.08204, 34.37797], [-80.08214, 34.37797], [-80.08221, 34.37799], [-80.08228, 34.37799], [-80.08233, 34.37799], [-80.08236, 34.37799], [-80.08243, 34.37796], [-80.08253, 34.37787], [-80.08259, 34.37785], [-80.08263, 34.37785], [-80.08285, 34.37778], [-80.08291, 34.37776], [-80.08294, 34.37775], [-80.08298, 34.37774], [-80.08302, 34.37772], [-80.08307, 34.37771], [-80.08313, 34.37771], [-80.08318, 34.37769], [-80.08323, 34.37765], [-80.08326, 34.3776], [-80.08328, 34.37755], [-80.08331, 34.37751], [-80.08336, 34.37748], [-80.08341, 34.37748], [-80.08345, 34.37749], [-80.08348, 34.37753], [-80.08351, 34.37757], [-80.08357, 34.37759], [-80.08363, 34.37763], [-80.08373, 34.37764], [-80.08384, 34.37765], [-80.08387, 34.37765], [-80.08395, 34.37767], [-80.08405, 34.37768], [-80.08413, 34.37769], [-80.08423, 34.37769], [-80.08429, 34.37768], [-80.08438, 34.37768], [-80.08441, 34.3777], [-80.08443, 34.37772], [-80.08443, 34.37777], [-80.08442, 34.37781], [-80.08439, 34.37785], [-80.08438, 34.37787], [-80.08439, 34.37793], [-80.0844, 34.37795], [-80.08451, 34.37798], [-80.08453, 34.37798], [-80.08455, 34.37797], [-80.08457, 34.37791], [-80.08463, 34.37787], [-80.08469, 34.37787], [-80.08473, 34.37786], [-80.08476, 34.37784], [-80.08481, 34.37776], [-80.08482, 34.37772], [-80.08481, 34.37768], [-80.08479, 34.37762], [-80.08479, 34.37755], [-80.0848, 34.3775], [-80.08481, 34.37744], [-80.08481, 34.37738], [-80.0848, 34.37733], [-80.08477, 34.37727], [-80.08472, 34.37719], [-80.08469, 34.37713], [-80.0847, 34.37709], [-80.08474, 34.37705], [-80.0848, 34.37701], [-80.08484, 34.37699], [-80.08492, 34.37697], [-80.085, 34.37699], [-80.08503, 34.37701], [-80.08506, 34.37704], [-80.08509, 34.37708], [-80.08512, 34.37711], [-80.08514, 34.37714], [-80.08524, 34.37726], [-80.08529, 34.37737], [-80.08533, 34.37743], [-80.0854, 34.37747], [-80.08549, 34.37749], [-80.08553, 34.37748], [-80.08554, 34.37743], [-80.08552, 34.37739], [-80.08546, 34.37734], [-80.08541, 34.37728], [-80.0854, 34.37724], [-80.08541, 34.3772], [-80.08544, 34.37718], [-80.08549, 34.37718], [-80.08555, 34.37722], [-80.08557, 34.37724], [-80.0856, 34.37729], [-80.08562, 34.37734], [-80.08562, 34.37739], [-80.08564, 34.37744], [-80.08573, 34.37752], [-80.08577, 34.37755], [-80.08582, 34.37759], [-80.08588, 34.37762], [-80.08589, 34.37747], [-80.08591, 34.37741], [-80.08582, 34.37733], [-80.08576, 34.37723], [-80.08573, 34.37708], [-80.0857, 34.37695], [-80.08576, 34.37686], [-80.08588, 34.37672], [-80.08601, 34.37655], [-80.0861, 34.3765], [-80.08617, 34.37652], [-80.08624, 34.3766], [-80.08629, 34.37661], [-80.08636, 34.37656], [-80.08638, 34.37648], [-80.08634, 34.37644], [-80.08631, 34.37642], [-80.08629, 34.37638], [-80.08626, 34.37635], [-80.08624, 34.37629], [-80.08624, 34.37621], [-80.08629, 34.37615], [-80.08633, 34.3761], [-80.08638, 34.37605], [-80.08641, 34.376], [-80.08641, 34.37594], [-80.08641, 34.37592], [-80.08658, 34.37575], [-80.08692, 34.37556], [-80.08717, 34.37545], [-80.08729, 34.37535], [-80.08764, 34.37511], [-80.08773, 34.37492], [-80.08771, 34.37481], [-80.08766, 34.37462], [-80.08767, 34.37443], [-80.08788, 34.3743], [-80.08797, 34.37424], [-80.08801, 34.37422], [-80.08813, 34.37423], [-80.08819, 34.37422], [-80.08821, 34.37421], [-80.08826, 34.37418], [-80.08833, 34.3742], [-80.08836, 34.3742], [-80.08841, 34.3742], [-80.08845, 34.37416], [-80.08849, 34.37414], [-80.08859, 34.37422], [-80.0886, 34.37423], [-80.08865, 34.37426], [-80.08877, 34.37426], [-80.08885, 34.37426], [-80.0889, 34.37423], [-80.08892, 34.37422], [-80.08895, 34.3742], [-80.08907, 34.37414], [-80.08914, 34.37407], [-80.08919, 34.37402], [-80.08924, 34.37396], [-80.0893, 34.37392], [-80.08939, 34.37387], [-80.08944, 34.37384], [-80.08948, 34.37379], [-80.08953, 34.37375], [-80.08957, 34.37368], [-80.08961, 34.37365], [-80.08968, 34.37361], [-80.08983, 34.37356], [-80.0899, 34.37353], [-80.09005, 34.37349], [-80.09015, 34.37348], [-80.09036, 34.37352], [-80.09047, 34.37357], [-80.09062, 34.37364], [-80.09071, 34.37362], [-80.09078, 34.37356], [-80.09089, 34.3735], [-80.09097, 34.37349], [-80.09103, 34.37344], [-80.09102, 34.37337], [-80.09113, 34.37324], [-80.0913, 34.37354], [-80.0914, 34.37358], [-80.09151, 34.37354], [-80.09165, 34.37351], [-80.09129, 34.37284], [-80.09113, 34.37255], [-80.09119, 34.37246], [-80.09129, 34.3724], [-80.09141, 34.37238], [-80.09161, 34.37238], [-80.09199, 34.37252], [-80.09224, 34.37253], [-80.09234, 34.37307], [-80.09233, 34.37316], [-80.0923, 34.37325], [-80.09238, 34.37337], [-80.09247, 34.37333], [-80.09257, 34.37323], [-80.09258, 34.37311], [-80.09265, 34.37302], [-80.09273, 34.37303], [-80.09292, 34.37308], [-80.09302, 34.37301], [-80.09307, 34.37293], [-80.09319, 34.37316], [-80.0933, 34.37316], [-80.0934, 34.37318], [-80.09356, 34.3732], [-80.09362, 34.37315], [-80.09362, 34.37305], [-80.09362, 34.37304], [-80.09359, 34.37297], [-80.09358, 34.37285], [-80.09352, 34.37269], [-80.09362, 34.37273], [-80.09377, 34.37273], [-80.09378, 34.37272], [-80.09397, 34.37245], [-80.09413, 34.37258], [-80.09413, 34.37272], [-80.09426, 34.37281], [-80.09448, 34.37273], [-80.09454, 34.37271], [-80.09464, 34.37267], [-80.09476, 34.37254], [-80.095, 34.37258], [-80.09524, 34.37256], [-80.09546, 34.3726], [-80.09545, 34.37275], [-80.09531, 34.37287], [-80.09528, 34.37293], [-80.09544, 34.37298], [-80.09532, 34.37309], [-80.09527, 34.37317], [-80.09524, 34.37324], [-80.09541, 34.3734], [-80.09557, 34.37335], [-80.09568, 34.37324], [-80.09559, 34.37315], [-80.09559, 34.37314], [-80.09565, 34.37299], [-80.09587, 34.37288], [-80.09611, 34.37283], [-80.09609, 34.37309], [-80.09609, 34.37318], [-80.09629, 34.37316], [-80.09668, 34.37303], [-80.09671, 34.37308], [-80.09692, 34.37301], [-80.09695, 34.37299], [-80.09724, 34.37281], [-80.09732, 34.37278], [-80.0975, 34.37279], [-80.09761, 34.37286], [-80.09761, 34.37291], [-80.09762, 34.37297], [-80.09744, 34.37305], [-80.09735, 34.37317], [-80.09738, 34.37332], [-80.09743, 34.37344], [-80.09755, 34.37351], [-80.09776, 34.37354], [-80.0979, 34.37352], [-80.09805, 34.37339], [-80.09813, 34.37325], [-80.09825, 34.37295], [-80.09837, 34.37277], [-80.09849, 34.37259], [-80.09852, 34.37254], [-80.09857, 34.37251], [-80.09862, 34.3725], [-80.09867, 34.37243], [-80.09874, 34.37228], [-80.09878, 34.37217], [-80.09881, 34.372], [-80.09888, 34.37196], [-80.099, 34.37197], [-80.09904, 34.37204], [-80.09905, 34.37213], [-80.09908, 34.37219], [-80.09913, 34.37219], [-80.09958, 34.37206], [-80.09962, 34.37184], [-80.10011, 34.37159], [-80.1002, 34.37158], [-80.10032, 34.3717], [-80.10039, 34.37186], [-80.10033, 34.37198], [-80.10034, 34.3721], [-80.10042, 34.37214], [-80.10052, 34.37217], [-80.10056, 34.37216], [-80.10054, 34.37222], [-80.10085, 34.3722], [-80.10096, 34.37222], [-80.10105, 34.37222], [-80.10114, 34.37222], [-80.10116, 34.37205], [-80.10118, 34.3719], [-80.10128, 34.37188], [-80.10153, 34.37188], [-80.10162, 34.3719], [-80.1017, 34.37189], [-80.10176, 34.37185], [-80.1018, 34.37178], [-80.1018, 34.37172], [-80.10176, 34.37164], [-80.10155, 34.37154], [-80.10153, 34.37144], [-80.10155, 34.37137], [-80.10181, 34.37123], [-80.10224, 34.37109], [-80.10233, 34.37089], [-80.10242, 34.37081], [-80.10257, 34.37076], [-80.10261, 34.37076], [-80.10265, 34.37075], [-80.10267, 34.37075], [-80.10269, 34.37075], [-80.10275, 34.37075], [-80.10282, 34.37075], [-80.10287, 34.37076], [-80.10292, 34.37077], [-80.10296, 34.37078], [-80.10299, 34.37081], [-80.10299, 34.37087], [-80.10299, 34.37092], [-80.103, 34.37098], [-80.10303, 34.37105], [-80.10307, 34.37107], [-80.10313, 34.37108], [-80.10317, 34.37107], [-80.10321, 34.37101], [-80.10323, 34.37096], [-80.10323, 34.37091], [-80.10325, 34.37087], [-80.10327, 34.37081], [-80.10328, 34.37077], [-80.10332, 34.37068], [-80.10333, 34.37066], [-80.10336, 34.37061], [-80.1034, 34.37055], [-80.10343, 34.37053], [-80.10345, 34.37048], [-80.10347, 34.37043], [-80.10348, 34.37041], [-80.10351, 34.37039], [-80.10352, 34.37035], [-80.10355, 34.37033], [-80.10358, 34.37032], [-80.10363, 34.37032], [-80.10365, 34.37032], [-80.10369, 34.37034], [-80.10373, 34.37037], [-80.10376, 34.37038], [-80.10381, 34.37035], [-80.10384, 34.37032], [-80.10385, 34.37028], [-80.10386, 34.37025], [-80.10388, 34.37023], [-80.10393, 34.37023], [-80.10395, 34.37023], [-80.10399, 34.37024], [-80.10403, 34.37026], [-80.10409, 34.37027], [-80.10415, 34.37027], [-80.10419, 34.37026], [-80.10426, 34.37024], [-80.1043, 34.37022], [-80.10434, 34.37022], [-80.10438, 34.37021], [-80.10444, 34.3702], [-80.10446, 34.3702], [-80.1045, 34.3702], [-80.10452, 34.3702], [-80.10474, 34.37029], [-80.10472, 34.37039], [-80.10473, 34.37048], [-80.10485, 34.37052], [-80.10495, 34.37044], [-80.10503, 34.37037], [-80.10514, 34.37034], [-80.10525, 34.37034], [-80.10536, 34.3704], [-80.10543, 34.37043], [-80.1056, 34.3705], [-80.10584, 34.37068], [-80.106, 34.37078], [-80.10607, 34.37079], [-80.10609, 34.37079], [-80.10615, 34.37079], [-80.10621, 34.3708], [-80.10625, 34.3708], [-80.10632, 34.37078], [-80.10633, 34.37078], [-80.10641, 34.37075], [-80.10647, 34.37073], [-80.10653, 34.37072], [-80.10658, 34.3707], [-80.10663, 34.37066], [-80.10675, 34.37056], [-80.1068, 34.37052], [-80.10744, 34.37063], [-80.10761, 34.37061], [-80.10772, 34.37052], [-80.10773, 34.3705], [-80.10782, 34.37042], [-80.10793, 34.37035], [-80.10796, 34.3703], [-80.10801, 34.37029], [-80.10801, 34.37026], [-80.10803, 34.37024], [-80.10807, 34.37022], [-80.10823, 34.37018], [-80.10842, 34.37015], [-80.10857, 34.37016], [-80.10861, 34.37014], [-80.10865, 34.37012], [-80.10868, 34.37009], [-80.10866, 34.37001], [-80.10865, 34.36993], [-80.10868, 34.3699], [-80.10872, 34.36987], [-80.10879, 34.36985], [-80.10883, 34.36984], [-80.10886, 34.36983], [-80.10908, 34.3697], [-80.10913, 34.36967], [-80.10919, 34.3696], [-80.10922, 34.36949], [-80.10927, 34.36932], [-80.10927, 34.36918], [-80.10929, 34.36915], [-80.10932, 34.36913], [-80.10935, 34.36913], [-80.10936, 34.36912], [-80.10943, 34.36913], [-80.1095, 34.36915], [-80.10954, 34.36918], [-80.10961, 34.36924], [-80.10961, 34.36931], [-80.10956, 34.36944], [-80.10956, 34.36951], [-80.10954, 34.36954], [-80.10953, 34.36959], [-80.10955, 34.36964], [-80.10959, 34.36968], [-80.10964, 34.36971], [-80.10971, 34.36974], [-80.10976, 34.36976], [-80.10984, 34.36978], [-80.10986, 34.36977], [-80.10989, 34.36977], [-80.10992, 34.36974], [-80.10994, 34.36967], [-80.1099, 34.36943], [-80.10998, 34.3692], [-80.11003, 34.36896], [-80.11006, 34.36887], [-80.1101, 34.36885], [-80.11016, 34.36883], [-80.11022, 34.36889], [-80.1103, 34.36893], [-80.1103, 34.36897], [-80.11033, 34.36901], [-80.11058, 34.369], [-80.11062, 34.36896], [-80.11062, 34.3689], [-80.11059, 34.36884], [-80.1105, 34.36875], [-80.11056, 34.36868], [-80.11066, 34.36861], [-80.11074, 34.36863], [-80.11102, 34.36848], [-80.11119, 34.36855], [-80.1112, 34.36866], [-80.11112, 34.36872], [-80.1111, 34.36879], [-80.1111, 34.36885], [-80.11113, 34.3689], [-80.11118, 34.36892], [-80.11125, 34.36892], [-80.11129, 34.36889], [-80.11134, 34.36883], [-80.11136, 34.36882], [-80.11137, 34.3688], [-80.11142, 34.36876], [-80.11147, 34.3687], [-80.1115, 34.36867], [-80.1116, 34.36847], [-80.11161, 34.36835], [-80.11162, 34.36827], [-80.11166, 34.36819], [-80.11175, 34.36816], [-80.11185, 34.36817], [-80.11189, 34.36821], [-80.11189, 34.36831], [-80.11187, 34.36849], [-80.1119, 34.36861], [-80.11192, 34.36866], [-80.11197, 34.3687], [-80.11204, 34.36872], [-80.1121, 34.36872], [-80.11214, 34.36869], [-80.11214, 34.36856], [-80.11213, 34.36849], [-80.11213, 34.36834], [-80.11218, 34.36833], [-80.11226, 34.36835], [-80.11237, 34.3684], [-80.11249, 34.3684], [-80.11255, 34.36839], [-80.11257, 34.36833], [-80.11258, 34.36818], [-80.11267, 34.36807], [-80.11274, 34.36804], [-80.11292, 34.36803], [-80.11299, 34.36799], [-80.11314, 34.36788], [-80.11324, 34.36787], [-80.11337, 34.36792], [-80.11352, 34.36792], [-80.11357, 34.36794], [-80.11359, 34.36804], [-80.11361, 34.36817], [-80.11366, 34.36824], [-80.11378, 34.3683], [-80.11387, 34.36832], [-80.11397, 34.36825], [-80.11399, 34.36815], [-80.1141, 34.36807], [-80.11422, 34.36806], [-80.11442, 34.36815], [-80.11452, 34.36826], [-80.11454, 34.36835], [-80.11453, 34.36842], [-80.11449, 34.36854], [-80.11448, 34.3686], [-80.11453, 34.36867], [-80.11461, 34.36871], [-80.1147, 34.36872], [-80.11482, 34.36869], [-80.11483, 34.36868], [-80.11485, 34.36865], [-80.11485, 34.36858], [-80.11483, 34.36851], [-80.11483, 34.36844], [-80.11485, 34.36842], [-80.11488, 34.36842], [-80.11499, 34.3685], [-80.11519, 34.36858], [-80.11525, 34.36858], [-80.11533, 34.36853], [-80.11535, 34.36849], [-80.1154, 34.36846], [-80.11549, 34.36843], [-80.11557, 34.36843], [-80.11569, 34.36845], [-80.11593, 34.3684], [-80.116, 34.36839], [-80.11613, 34.36819], [-80.11626, 34.36807], [-80.1163, 34.36802], [-80.11651, 34.36783], [-80.11652, 34.36776], [-80.11644, 34.36762], [-80.11639, 34.36758], [-80.11635, 34.36754], [-80.11636, 34.3675], [-80.11639, 34.36747], [-80.11646, 34.36736], [-80.11656, 34.36727], [-80.11661, 34.36725], [-80.11665, 34.36722], [-80.11669, 34.3672], [-80.1168, 34.36721], [-80.1169, 34.36723], [-80.11694, 34.36731], [-80.11696, 34.36742], [-80.11704, 34.3675], [-80.11716, 34.36753], [-80.11723, 34.36752], [-80.11733, 34.36747], [-80.11742, 34.36743], [-80.11751, 34.36744], [-80.11765, 34.3675], [-80.1178, 34.36751], [-80.11791, 34.36745], [-80.118, 34.36741], [-80.11817, 34.36738], [-80.11831, 34.36741], [-80.11839, 34.36747], [-80.11844, 34.36764], [-80.11853, 34.36769], [-80.11864, 34.36771], [-80.1187, 34.3677], [-80.11879, 34.3676], [-80.11882, 34.36747], [-80.11883, 34.36737], [-80.11892, 34.3673], [-80.11901, 34.36726], [-80.11912, 34.36731], [-80.11915, 34.36735], [-80.11919, 34.36735], [-80.11926, 34.36736], [-80.11939, 34.36744], [-80.11938, 34.36758], [-80.11934, 34.36763], [-80.11938, 34.36765], [-80.11952, 34.36766], [-80.11973, 34.36759], [-80.11986, 34.36758], [-80.1199, 34.36755], [-80.12002, 34.36745], [-80.12021, 34.36761], [-80.12027, 34.36777], [-80.12028, 34.36798], [-80.12028, 34.36806], [-80.12022, 34.36822], [-80.12021, 34.36838], [-80.12036, 34.36852], [-80.12037, 34.3687], [-80.12025, 34.36883], [-80.12026, 34.36899], [-80.12039, 34.36902], [-80.1206, 34.36885], [-80.12071, 34.36889], [-80.12086, 34.36904], [-80.12113, 34.36921], [-80.12121, 34.36926], [-80.12146, 34.36938], [-80.12166, 34.36938], [-80.12282, 34.36517], [-80.12283, 34.36512], [-80.12331, 34.36517], [-80.12349, 34.3652], [-80.12385, 34.36527], [-80.12402, 34.36531], [-80.12408, 34.36533], [-80.12437, 34.36541], [-80.12449, 34.36544]], [[-80.07175, 34.3557], [-80.07122, 34.35579], [-80.07119, 34.35575], [-80.07101, 34.35552], [-80.07165, 34.35537], [-80.07166, 34.35539], [-80.07168, 34.35554], [-80.07172, 34.35562], [-80.07175, 34.3557]], [[-80.09432, 34.35052], [-80.09413, 34.3506], [-80.09405, 34.35062], [-80.09401, 34.35063], [-80.09398, 34.35064], [-80.09393, 34.35065], [-80.09364, 34.35075], [-80.0934, 34.35082], [-80.09325, 34.35087], [-80.09308, 34.35089], [-80.09304, 34.35075], [-80.09301, 34.35061], [-80.09299, 34.35048], [-80.09298, 34.35033], [-80.09298, 34.35032], [-80.09298, 34.35023], [-80.09312, 34.35019], [-80.09404, 34.3499], [-80.09428, 34.35043], [-80.09432, 34.35052]], [[-80.09881, 34.35913], [-80.09867, 34.35914], [-80.09806, 34.35914], [-80.09791, 34.35914], [-80.09776, 34.35915], [-80.09748, 34.35914], [-80.09705, 34.35915], [-80.09695, 34.35915], [-80.09683, 34.35914], [-80.09656, 34.35915], [-80.09644, 34.35915], [-80.09641, 34.35916], [-80.09633, 34.35916], [-80.09627, 34.35916], [-80.09615, 34.35885], [-80.09598, 34.35839], [-80.09592, 34.35824], [-80.09576, 34.35782], [-80.09589, 34.35779], [-80.09627, 34.35768], [-80.09664, 34.35758], [-80.09807, 34.3572], [-80.09878, 34.35905], [-80.09881, 34.35913]], [[-80.06919, 34.35399], [-80.06918, 34.35405], [-80.06916, 34.35415], [-80.06916, 34.35418], [-80.06915, 34.35433], [-80.06914, 34.35434], [-80.06913, 34.35441], [-80.06912, 34.35448], [-80.06909, 34.35463], [-80.06907, 34.35478], [-80.06901, 34.35508], [-80.06896, 34.35529], [-80.06889, 34.35528], [-80.06868, 34.35524], [-80.06551, 34.35473], [-80.06545, 34.35472], [-80.0652, 34.35389], [-80.06524, 34.35338], [-80.06543, 34.35341], [-80.06825, 34.35385], [-80.06895, 34.35395], [-80.06911, 34.35398], [-80.06919, 34.35399]]], [[[-80.09753, 34.38899], [-80.09747, 34.38882], [-80.09737, 34.38864], [-80.09719, 34.38851], [-80.09644, 34.38798], [-80.09637, 34.38783], [-80.09633, 34.38777], [-80.09616, 34.38749], [-80.09595, 34.38728], [-80.09581, 34.38715], [-80.09549, 34.38688], [-80.09543, 34.38679], [-80.0953, 34.3866], [-80.09512, 34.38636], [-80.09497, 34.38617], [-80.09491, 34.38609], [-80.0949, 34.38607], [-80.09457, 34.3862], [-80.09449, 34.38622], [-80.09441, 34.38624], [-80.09435, 34.38613], [-80.09215, 34.3871], [-80.09106, 34.38754], [-80.09104, 34.38755], [-80.09067, 34.38771], [-80.09035, 34.38784], [-80.08993, 34.38779], [-80.08985, 34.38791], [-80.08976, 34.38788], [-80.08903, 34.38766], [-80.08853, 34.38785], [-80.08827, 34.38693], [-80.08794, 34.38699], [-80.08739, 34.38628], [-80.08704, 34.38635], [-80.08694, 34.38622], [-80.08694, 34.38617], [-80.08695, 34.38606], [-80.08696, 34.38601], [-80.08695, 34.38594], [-80.08692, 34.38584], [-80.08691, 34.3858], [-80.08691, 34.38534], [-80.08691, 34.38532], [-80.08696, 34.38527], [-80.08699, 34.38527], [-80.08705, 34.38526], [-80.08706, 34.38523], [-80.08706, 34.38521], [-80.08706, 34.38508], [-80.08699, 34.38487], [-80.08696, 34.38481], [-80.08695, 34.3848], [-80.08689, 34.38472], [-80.08686, 34.38463], [-80.08681, 34.38454], [-80.08675, 34.38446], [-80.0867, 34.3844], [-80.08663, 34.38433], [-80.08662, 34.38432], [-80.08658, 34.38423], [-80.08653, 34.38412], [-80.08653, 34.38405], [-80.08651, 34.384], [-80.08646, 34.38396], [-80.08626, 34.38396], [-80.08626, 34.38393], [-80.08626, 34.3839], [-80.08623, 34.38384], [-80.08623, 34.38374], [-80.08623, 34.38367], [-80.08619, 34.38369], [-80.08611, 34.38371], [-80.08595, 34.38378], [-80.08566, 34.38393], [-80.08553, 34.38401], [-80.0854, 34.3841], [-80.08528, 34.3842], [-80.08506, 34.38441], [-80.08465, 34.38487], [-80.08455, 34.38499], [-80.08449, 34.38505], [-80.08444, 34.3851], [-80.08418, 34.3855], [-80.0841, 34.38564], [-80.08402, 34.38578], [-80.08389, 34.38602], [-80.08309, 34.38567], [-80.083, 34.38563], [-80.08276, 34.38552], [-80.0827, 34.38556], [-80.08263, 34.38565], [-80.08282, 34.38576], [-80.08312, 34.38594], [-80.08321, 34.38579], [-80.0838, 34.38605], [-80.08366, 34.3863], [-80.08372, 34.38633], [-80.0837, 34.38635], [-80.08353, 34.38663], [-80.08344, 34.38677], [-80.08334, 34.38689], [-80.08325, 34.38699], [-80.08312, 34.38709], [-80.08283, 34.38725], [-80.08218, 34.38751], [-80.08191, 34.38763], [-80.08186, 34.38765], [-80.08169, 34.3877], [-80.08153, 34.38778], [-80.08108, 34.38796], [-80.08102, 34.38798], [-80.08072, 34.38813], [-80.08061, 34.38819], [-80.08069, 34.38826], [-80.08082, 34.38838], [-80.08106, 34.38867], [-80.0811, 34.38873], [-80.08113, 34.38876], [-80.08132, 34.38891], [-80.08139, 34.38897], [-80.08145, 34.38904], [-80.08154, 34.38911], [-80.08164, 34.38917], [-80.0817, 34.3892], [-80.08173, 34.38921], [-80.08191, 34.38933], [-80.082, 34.38939], [-80.08202, 34.3894], [-80.08211, 34.38944], [-80.08212, 34.38945], [-80.08221, 34.38952], [-80.0823, 34.38954], [-80.08234, 34.38955], [-80.08238, 34.38955], [-80.08252, 34.38956], [-80.0826, 34.38957], [-80.08277, 34.38959], [-80.0828, 34.38962], [-80.08286, 34.38964], [-80.08293, 34.38969], [-80.08295, 34.38972], [-80.08297, 34.38973], [-80.08325, 34.38998], [-80.08327, 34.39005], [-80.08334, 34.39019], [-80.0836, 34.39043], [-80.08363, 34.39046], [-80.08367, 34.39049], [-80.08376, 34.39058], [-80.08409, 34.39078], [-80.0842, 34.391], [-80.08432, 34.391], [-80.08456, 34.39114], [-80.08493, 34.3913], [-80.08499, 34.39141], [-80.08483, 34.39158], [-80.08497, 34.39168], [-80.08535, 34.39194], [-80.08549, 34.39204], [-80.08582, 34.39225], [-80.08606, 34.3924], [-80.08632, 34.39257], [-80.08654, 34.3927], [-80.08671, 34.39281], [-80.08699, 34.39299], [-80.08733, 34.3932], [-80.08755, 34.39332], [-80.08899, 34.39425], [-80.08904, 34.39428], [-80.08874, 34.3946], [-80.08866, 34.39469], [-80.08868, 34.3947], [-80.08881, 34.39479], [-80.08889, 34.3947], [-80.08894, 34.39464], [-80.08906, 34.39429], [-80.08911, 34.39432], [-80.0889, 34.39484], [-80.08899, 34.3949], [-80.08901, 34.39483], [-80.08941, 34.39327], [-80.0901, 34.39034], [-80.09021, 34.39037], [-80.09029, 34.3905], [-80.09042, 34.39064], [-80.09063, 34.39013], [-80.09196, 34.39159], [-80.09209, 34.39185], [-80.09243, 34.39305], [-80.09261, 34.39367], [-80.09264, 34.39374], [-80.09306, 34.39415], [-80.09333, 34.3944], [-80.09327, 34.39467], [-80.09331, 34.39468], [-80.09345, 34.39472], [-80.09351, 34.39476], [-80.09352, 34.39454], [-80.09352, 34.39449], [-80.09349, 34.39438], [-80.09346, 34.39431], [-80.09341, 34.39426], [-80.09334, 34.39422], [-80.09333, 34.39421], [-80.09325, 34.39414], [-80.09325, 34.39413], [-80.09321, 34.39403], [-80.09316, 34.39399], [-80.09314, 34.39397], [-80.09299, 34.39385], [-80.09282, 34.39356], [-80.09282, 34.39355], [-80.0928, 34.39347], [-80.09275, 34.39341], [-80.09274, 34.3934], [-80.09268, 34.3931], [-80.09268, 34.39304], [-80.09268, 34.393], [-80.09269, 34.39268], [-80.09272, 34.39259], [-80.09276, 34.39254], [-80.09278, 34.39248], [-80.09278, 34.39245], [-80.09278, 34.39241], [-80.09274, 34.39232], [-80.09269, 34.39222], [-80.09266, 34.39216], [-80.09262, 34.39205], [-80.09265, 34.39198], [-80.0933, 34.39234], [-80.09338, 34.39237], [-80.09343, 34.39223], [-80.0935, 34.39215], [-80.09354, 34.39212], [-80.09354, 34.39205], [-80.09338, 34.3914], [-80.09339, 34.3914], [-80.09407, 34.39168], [-80.0942, 34.39162], [-80.09425, 34.39144], [-80.09426, 34.39143], [-80.09499, 34.39123], [-80.09531, 34.39102], [-80.09555, 34.39083], [-80.09559, 34.39076], [-80.09564, 34.39072], [-80.09566, 34.39067], [-80.09574, 34.3906], [-80.09577, 34.39056], [-80.09594, 34.39043], [-80.09613, 34.39027], [-80.09624, 34.39016], [-80.09627, 34.39014], [-80.09647, 34.38997], [-80.09657, 34.3899], [-80.0966, 34.38988], [-80.09689, 34.38969], [-80.09705, 34.38958], [-80.0974, 34.38934], [-80.09746, 34.38927], [-80.09749, 34.3892], [-80.09753, 34.38912], [-80.09753, 34.38899]], [[-80.08961, 34.38813], [-80.08946, 34.38824], [-80.08934, 34.38834], [-80.08927, 34.38841], [-80.08922, 34.38836], [-80.08906, 34.38834], [-80.08908, 34.38823], [-80.08911, 34.38812], [-80.08905, 34.3881], [-80.08902, 34.38807], [-80.089, 34.38804], [-80.08901, 34.38798], [-80.0893, 34.38805], [-80.08952, 34.38812], [-80.08961, 34.38813]], [[-80.09625, 34.38887], [-80.09573, 34.38944], [-80.09542, 34.38961], [-80.09496, 34.39003], [-80.09455, 34.39039], [-80.09426, 34.39063], [-80.09392, 34.39069], [-80.09338, 34.39077], [-80.09304, 34.39063], [-80.09279, 34.39052], [-80.09272, 34.3905], [-80.09189, 34.39027], [-80.09085, 34.38934], [-80.0904, 34.3892], [-80.09005, 34.38932], [-80.08983, 34.38914], [-80.09178, 34.3882], [-80.09246, 34.38792], [-80.09314, 34.38765], [-80.09374, 34.38736], [-80.09393, 34.38728], [-80.09428, 34.38714], [-80.09458, 34.38701], [-80.0947, 34.38695], [-80.09473, 34.38693], [-80.09478, 34.3869], [-80.09531, 34.38812], [-80.09558, 34.38847], [-80.09625, 34.38887]]], [[[-80.05558, 34.37472], [-80.05554, 34.37463], [-80.05548, 34.37451], [-80.05537, 34.37426], [-80.05519, 34.37391], [-80.05515, 34.37379], [-80.05514, 34.37375], [-80.05514, 34.37372], [-80.05515, 34.37366], [-80.05415, 34.3736], [-80.05361, 34.37358], [-80.05273, 34.37352], [-80.05205, 34.37349], [-80.05171, 34.37347], [-80.05154, 34.37346], [-80.05151, 34.37346], [-80.05121, 34.37345], [-80.05105, 34.37344], [-80.05087, 34.37343], [-80.05051, 34.37341], [-80.05034, 34.3734], [-80.04916, 34.37335], [-80.049, 34.37333], [-80.04868, 34.37332], [-80.04852, 34.37331], [-80.04791, 34.37328], [-80.04761, 34.37326], [-80.04763, 34.37336], [-80.04771, 34.37404], [-80.04774, 34.3742], [-80.04779, 34.37435], [-80.04781, 34.37441], [-80.04784, 34.37454], [-80.04787, 34.37461], [-80.04788, 34.37468], [-80.04809, 34.37533], [-80.04812, 34.37539], [-80.04814, 34.37546], [-80.04823, 34.37567], [-80.04826, 34.37574], [-80.0483, 34.37589], [-80.04834, 34.3761], [-80.04835, 34.37618], [-80.04837, 34.37628], [-80.04839, 34.37639], [-80.04842, 34.37647], [-80.04843, 34.37654], [-80.04844, 34.37657], [-80.04846, 34.37661], [-80.04847, 34.37668], [-80.04852, 34.37684], [-80.04855, 34.37691], [-80.04868, 34.37741], [-80.04871, 34.3775], [-80.04874, 34.37758], [-80.04877, 34.37768], [-80.04879, 34.37777], [-80.04882, 34.37786], [-80.04883, 34.37788], [-80.04884, 34.37795], [-80.04887, 34.37804], [-80.04892, 34.37821], [-80.04895, 34.3783], [-80.04899, 34.37845], [-80.04904, 34.37862], [-80.0491, 34.37871], [-80.04913, 34.37875], [-80.04923, 34.37871], [-80.04927, 34.3787], [-80.04938, 34.37867], [-80.04972, 34.37863], [-80.04986, 34.37862], [-80.05031, 34.37856], [-80.05037, 34.37855], [-80.05075, 34.37851], [-80.05108, 34.37846], [-80.05114, 34.37845], [-80.05123, 34.37844], [-80.05154, 34.3784], [-80.05161, 34.37839], [-80.05172, 34.37838], [-80.05153, 34.37876], [-80.05176, 34.37884], [-80.05152, 34.37928], [-80.05157, 34.3793], [-80.05182, 34.3794], [-80.05235, 34.37852], [-80.05242, 34.37829], [-80.05261, 34.37826], [-80.05267, 34.37825], [-80.05287, 34.37821], [-80.05284, 34.3781], [-80.05283, 34.37805], [-80.05283, 34.37802], [-80.0528, 34.37794], [-80.05271, 34.37765], [-80.05261, 34.37733], [-80.05258, 34.37721], [-80.05254, 34.37709], [-80.05228, 34.37626], [-80.05193, 34.37512], [-80.05184, 34.37483], [-80.05247, 34.37475], [-80.05383, 34.37472], [-80.05558, 34.37472]]], [[[-80.13065, 34.36633], [-80.13041, 34.36603], [-80.13059, 34.36578], [-80.13048, 34.36486], [-80.13028, 34.36429], [-80.12959, 34.36334], [-80.12958, 34.36336], [-80.12943, 34.36353], [-80.12934, 34.36365], [-80.12917, 34.36389], [-80.12904, 34.36404], [-80.12902, 34.36407], [-80.129, 34.3641], [-80.12891, 34.36422], [-80.12883, 34.36431], [-80.12817, 34.36339], [-80.12766, 34.36279], [-80.12733, 34.36242], [-80.12489, 34.35997], [-80.12478, 34.35987], [-80.12467, 34.35996], [-80.12464, 34.35999], [-80.12456, 34.36005], [-80.12432, 34.36025], [-80.12414, 34.36039], [-80.12394, 34.36055], [-80.12668, 34.36328], [-80.12508, 34.36559], [-80.12511, 34.3656], [-80.12539, 34.36568], [-80.12567, 34.36575], [-80.12741, 34.36619], [-80.12785, 34.36634], [-80.12867, 34.36669], [-80.12906, 34.36689], [-80.12929, 34.36703], [-80.12951, 34.36717], [-80.12964, 34.36725], [-80.12978, 34.36726], [-80.12993, 34.36725], [-80.13014, 34.36719], [-80.13018, 34.36718], [-80.13025, 34.36716], [-80.12991, 34.3665], [-80.12987, 34.36643], [-80.13065, 34.36633]]], [[[-80.06006, 34.37608], [-80.06004, 34.37606], [-80.06001, 34.37604], [-80.05996, 34.376], [-80.05993, 34.37598], [-80.05969, 34.37609], [-80.05937, 34.37623], [-80.0589, 34.37645], [-80.05883, 34.37647], [-80.05863, 34.3761], [-80.05669, 34.37678], [-80.05661, 34.37686], [-80.05668, 34.377], [-80.05672, 34.3771], [-80.05677, 34.37719], [-80.05702, 34.37772], [-80.05714, 34.37768], [-80.05758, 34.37763], [-80.05816, 34.37858], [-80.05974, 34.37797], [-80.05972, 34.37791], [-80.05969, 34.37786], [-80.05964, 34.37776], [-80.05958, 34.37767], [-80.0595, 34.37752], [-80.05948, 34.37747], [-80.05942, 34.37737], [-80.05939, 34.37732], [-80.05936, 34.37727], [-80.05934, 34.37723], [-80.05933, 34.37719], [-80.0593, 34.37716], [-80.05928, 34.3771], [-80.05906, 34.37662], [-80.05902, 34.37655], [-80.05952, 34.37633], [-80.06006, 34.37608]]]]}, "properties": {"geoid": "4532560", "name": "Hartsville", "facts": {"population": 7419.0, "median_age": 35.3, "median_household_income": 49272.0, "poverty_rate_pct": 19.6, "unemployment_rate_pct": 7.2, "renter_share_pct": 37.9}, "factsSource": "US Census ACS 2024 5-year estimates"}}, {"type": "Feature", "geometry": {"type": "MultiPolygon", "coordinates": [[[[-79.89997, 34.17224], [-79.89988, 34.17224], [-79.89841, 34.17221], [-79.89453, 34.17215], [-79.8935, 34.17213], [-79.89328, 34.17152], [-79.89422, 34.17104], [-79.89399, 34.17048], [-79.89398, 34.17038], [-79.89327, 34.17042], [-79.89326, 34.17034], [-79.89323, 34.17027], [-79.89231, 34.16786], [-79.89193, 34.16732], [-79.89184, 34.16689], [-79.8915, 34.16521], [-79.89107, 34.16555], [-79.88961, 34.16767], [-79.88927, 34.1683], [-79.88913, 34.16856], [-79.88837, 34.17], [-79.88808, 34.17057], [-79.88797, 34.17065], [-79.88793, 34.17079], [-79.88765, 34.17137], [-79.88754, 34.17155], [-79.88748, 34.17165], [-79.88736, 34.1718], [-79.88723, 34.17197], [-79.88715, 34.17204], [-79.88704, 34.17213], [-79.88699, 34.17217], [-79.88706, 34.17224], [-79.8873, 34.17262], [-79.88659, 34.17299], [-79.8865, 34.17309], [-79.88644, 34.17316], [-79.88624, 34.17334], [-79.88606, 34.17345], [-79.88595, 34.17353], [-79.88563, 34.17394], [-79.8854, 34.17428], [-79.8853, 34.17438], [-79.88524, 34.17445], [-79.88517, 34.17456], [-79.88515, 34.17459], [-79.8849, 34.17487], [-79.88485, 34.17491], [-79.88477, 34.17503], [-79.88472, 34.17508], [-79.88462, 34.17516], [-79.88452, 34.17521], [-79.8841, 34.17528], [-79.88407, 34.17527], [-79.88352, 34.17539], [-79.88331, 34.17547], [-79.88316, 34.17549], [-79.88308, 34.17549], [-79.88303, 34.17547], [-79.88305, 34.17532], [-79.88297, 34.17532], [-79.88295, 34.17542], [-79.88291, 34.17545], [-79.88279, 34.17542], [-79.8825, 34.17534], [-79.88242, 34.17537], [-79.88228, 34.1753], [-79.88223, 34.1753], [-79.88204, 34.1753], [-79.88201, 34.17531], [-79.88194, 34.17532], [-79.88189, 34.17531], [-79.88179, 34.17529], [-79.88163, 34.17519], [-79.8816, 34.17518], [-79.88154, 34.17522], [-79.88148, 34.17526], [-79.88139, 34.17526], [-79.88134, 34.17524], [-79.8813, 34.17524], [-79.88125, 34.17521], [-79.88111, 34.17507], [-79.881, 34.17493], [-79.88093, 34.17481], [-79.88075, 34.17444], [-79.88068, 34.17434], [-79.88062, 34.17432], [-79.88048, 34.17429], [-79.88045, 34.17425], [-79.88041, 34.17419], [-79.88038, 34.17414], [-79.88038, 34.17408], [-79.88038, 34.174], [-79.88036, 34.17397], [-79.88033, 34.17397], [-79.8803, 34.17397], [-79.88023, 34.17397], [-79.88008, 34.1739], [-79.88005, 34.17387], [-79.88026, 34.17357], [-79.88032, 34.17349], [-79.88047, 34.17328], [-79.88039, 34.17321], [-79.88019, 34.1734], [-79.87991, 34.17367], [-79.87957, 34.17337], [-79.8793, 34.17307], [-79.87917, 34.17278], [-79.87921, 34.17275], [-79.87919, 34.17271], [-79.87901, 34.17257], [-79.87873, 34.17246], [-79.87823, 34.17237], [-79.87782, 34.17229], [-79.87764, 34.17218], [-79.87782, 34.17184], [-79.87789, 34.17183], [-79.87857, 34.17179], [-79.87883, 34.17181], [-79.87883, 34.17168], [-79.87872, 34.17162], [-79.87814, 34.17166], [-79.87798, 34.17167], [-79.87761, 34.1717], [-79.87703, 34.17174], [-79.87703, 34.17182], [-79.87702, 34.17187], [-79.87701, 34.17188], [-79.87697, 34.17191], [-79.87689, 34.17194], [-79.87683, 34.17193], [-79.87664, 34.17191], [-79.87657, 34.17189], [-79.87654, 34.17185], [-79.87652, 34.17182], [-79.87652, 34.1718], [-79.87651, 34.17176], [-79.87652, 34.17172], [-79.87653, 34.17168], [-79.87653, 34.17165], [-79.87653, 34.17161], [-79.87652, 34.17157], [-79.87651, 34.17154], [-79.8765, 34.1715], [-79.87628, 34.17119], [-79.87625, 34.17114], [-79.87624, 34.17106], [-79.87621, 34.17102], [-79.87606, 34.17089], [-79.87602, 34.17088], [-79.87598, 34.17088], [-79.87592, 34.17088], [-79.87586, 34.17089], [-79.87581, 34.17089], [-79.87578, 34.17088], [-79.87573, 34.17087], [-79.87569, 34.17088], [-79.87565, 34.17089], [-79.8756, 34.17092], [-79.87548, 34.17103], [-79.87544, 34.17107], [-79.87544, 34.17112], [-79.87543, 34.17114], [-79.87537, 34.17119], [-79.87466, 34.17142], [-79.8746, 34.17144], [-79.87235, 34.17065], [-79.87225, 34.17061], [-79.87222, 34.17063], [-79.87211, 34.17068], [-79.87203, 34.17065], [-79.8715, 34.1708], [-79.87123, 34.17066], [-79.87119, 34.17063], [-79.87116, 34.17062], [-79.87084, 34.17052], [-79.87079, 34.17051], [-79.86963, 34.17009], [-79.86888, 34.16982], [-79.86884, 34.16981], [-79.86913, 34.16942], [-79.86973, 34.1686], [-79.86986, 34.16841], [-79.87024, 34.16789], [-79.87025, 34.16788], [-79.8704, 34.16768], [-79.87054, 34.16749], [-79.8707, 34.16727], [-79.87077, 34.16718], [-79.87165, 34.16596], [-79.87179, 34.16578], [-79.87195, 34.16556], [-79.87197, 34.16553], [-79.87208, 34.16538], [-79.87222, 34.16519], [-79.87236, 34.16499], [-79.87237, 34.16498], [-79.8725, 34.1648], [-79.87264, 34.16461], [-79.87278, 34.16441], [-79.87289, 34.16427], [-79.87257, 34.16412], [-79.87253, 34.16411], [-79.87255, 34.16406], [-79.87258, 34.16399], [-79.87262, 34.16387], [-79.87262, 34.16386], [-79.87223, 34.16375], [-79.87218, 34.16374], [-79.8721, 34.16372], [-79.87213, 34.16365], [-79.87216, 34.16356], [-79.87216, 34.16349], [-79.87218, 34.16345], [-79.87219, 34.16341], [-79.87273, 34.16356], [-79.87278, 34.16344], [-79.87286, 34.16323], [-79.87241, 34.16312], [-79.87231, 34.16312], [-79.87201, 34.16304], [-79.87178, 34.16298], [-79.87121, 34.16283], [-79.8712, 34.16287], [-79.87114, 34.16303], [-79.8711, 34.16317], [-79.87107, 34.16316], [-79.871, 34.16321], [-79.87084, 34.16317], [-79.87063, 34.16311], [-79.87053, 34.16308], [-79.87016, 34.16299], [-79.87024, 34.16278], [-79.87077, 34.16137], [-79.87089, 34.16103], [-79.87108, 34.16054], [-79.87243, 34.15698], [-79.8726, 34.15654], [-79.87277, 34.15608], [-79.87295, 34.15561], [-79.87255, 34.15572], [-79.87191, 34.15592], [-79.87097, 34.15625], [-79.87072, 34.15634], [-79.86956, 34.15671], [-79.86963, 34.15683], [-79.8698, 34.15719], [-79.86984, 34.15729], [-79.86992, 34.15746], [-79.86938, 34.15763], [-79.86976, 34.15841], [-79.86805, 34.15897], [-79.86769, 34.15822], [-79.86766, 34.15816], [-79.86706, 34.15836], [-79.8669, 34.15841], [-79.86638, 34.15858], [-79.86601, 34.15782], [-79.86561, 34.15796], [-79.86548, 34.15779], [-79.86547, 34.15768], [-79.86536, 34.15616], [-79.86531, 34.15616], [-79.86479, 34.15623], [-79.86321, 34.15617], [-79.86247, 34.15615], [-79.86238, 34.15615], [-79.86238, 34.15595], [-79.86237, 34.1556], [-79.86233, 34.15372], [-79.86231, 34.15325], [-79.86229, 34.15278], [-79.86225, 34.15231], [-79.86221, 34.15183], [-79.86218, 34.15156], [-79.86214, 34.15128], [-79.8621, 34.15112], [-79.86207, 34.15096], [-79.86203, 34.1508], [-79.86198, 34.15064], [-79.86198, 34.15062], [-79.86175, 34.14984], [-79.86168, 34.14963], [-79.86161, 34.14941], [-79.86153, 34.14921], [-79.86144, 34.149], [-79.86135, 34.1488], [-79.86125, 34.14859], [-79.86114, 34.14839], [-79.86103, 34.14844], [-79.86095, 34.14848], [-79.86096, 34.14851], [-79.86025, 34.14841], [-79.8596, 34.14836], [-79.85926, 34.1478], [-79.8592, 34.1477], [-79.85942, 34.14779], [-79.85954, 34.14783], [-79.85963, 34.14785], [-79.85955, 34.14754], [-79.85938, 34.14691], [-79.86002, 34.14679], [-79.86009, 34.14696], [-79.86018, 34.14691], [-79.86043, 34.14681], [-79.86616, 34.14794], [-79.86768, 34.14922], [-79.86948, 34.14943], [-79.87279, 34.1498], [-79.87307, 34.14708], [-79.87307, 34.14703], [-79.87305, 34.14693], [-79.87298, 34.14694], [-79.87282, 34.14695], [-79.87263, 34.14696], [-79.87246, 34.14696], [-79.8721, 34.14697], [-79.87178, 34.14695], [-79.8714, 34.14693], [-79.87097, 34.14688], [-79.87054, 34.14683], [-79.87011, 34.14676], [-79.86947, 34.14664], [-79.86888, 34.14653], [-79.86703, 34.14618], [-79.86474, 34.14573], [-79.86469, 34.14572], [-79.86473, 34.14559], [-79.8649, 34.14499], [-79.86258, 34.14454], [-79.86237, 34.14527], [-79.86229, 34.14526], [-79.86184, 34.14517], [-79.86163, 34.14592], [-79.86115, 34.14583], [-79.86117, 34.14576], [-79.86068, 34.14567], [-79.86087, 34.14499], [-79.86083, 34.14498], [-79.86081, 34.14506], [-79.86055, 34.14518], [-79.86005, 34.1457], [-79.85994, 34.1457], [-79.85984, 34.14569], [-79.85989, 34.14627], [-79.85992, 34.14641], [-79.86, 34.14672], [-79.85938, 34.14682], [-79.85929, 34.14685], [-79.85948, 34.14755], [-79.85954, 34.14777], [-79.85945, 34.14774], [-79.85923, 34.14765], [-79.85919, 34.14764], [-79.85917, 34.14769], [-79.85907, 34.14774], [-79.859, 34.14772], [-79.85893, 34.14778], [-79.85882, 34.14792], [-79.85871, 34.14807], [-79.8584, 34.14857], [-79.85836, 34.14864], [-79.85825, 34.14876], [-79.85814, 34.14884], [-79.85806, 34.1489], [-79.85801, 34.14895], [-79.85793, 34.14906], [-79.85787, 34.14921], [-79.85725, 34.14915], [-79.8564, 34.14906], [-79.85615, 34.15032], [-79.85594, 34.15135], [-79.85599, 34.15168], [-79.85606, 34.15219], [-79.85608, 34.15235], [-79.85626, 34.15357], [-79.85637, 34.1536], [-79.85677, 34.15368], [-79.85719, 34.15376], [-79.8577, 34.15386], [-79.85782, 34.15388], [-79.85815, 34.15394], [-79.85826, 34.15396], [-79.85848, 34.154], [-79.85857, 34.15398], [-79.85901, 34.15389], [-79.85943, 34.1538], [-79.86002, 34.15368], [-79.86009, 34.15392], [-79.86033, 34.1547], [-79.86037, 34.15483], [-79.8604, 34.15493], [-79.86074, 34.15527], [-79.86099, 34.15551], [-79.86121, 34.15575], [-79.86148, 34.15601], [-79.86144, 34.15614], [-79.86141, 34.15614], [-79.86069, 34.15612], [-79.86022, 34.15611], [-79.85976, 34.15609], [-79.85931, 34.15608], [-79.85899, 34.15607], [-79.85913, 34.15635], [-79.85923, 34.15654], [-79.85984, 34.15633], [-79.86003, 34.15671], [-79.85951, 34.15689], [-79.86051, 34.15894], [-79.86081, 34.15956], [-79.86068, 34.1596], [-79.86029, 34.15975], [-79.86001, 34.15986], [-79.85973, 34.15999], [-79.85946, 34.16013], [-79.85934, 34.16018], [-79.85907, 34.16032], [-79.8588, 34.16047], [-79.85828, 34.1608], [-79.85802, 34.16097], [-79.85796, 34.161], [-79.85728, 34.16146], [-79.85718, 34.16153], [-79.85734, 34.16169], [-79.85747, 34.16185], [-79.85756, 34.16185], [-79.8576, 34.16182], [-79.85767, 34.16186], [-79.85776, 34.16194], [-79.85786, 34.16195], [-79.85791, 34.16192], [-79.85799, 34.16192], [-79.85803, 34.16199], [-79.85805, 34.16205], [-79.8581, 34.16209], [-79.85821, 34.16215], [-79.85828, 34.16217], [-79.85846, 34.16225], [-79.85865, 34.16234], [-79.85877, 34.16241], [-79.85882, 34.16244], [-79.85888, 34.1625], [-79.85893, 34.16255], [-79.85898, 34.16263], [-79.85905, 34.16268], [-79.85929, 34.1628], [-79.85939, 34.16285], [-79.85949, 34.16293], [-79.85961, 34.16303], [-79.85965, 34.16309], [-79.85971, 34.16314], [-79.85979, 34.16317], [-79.85987, 34.16319], [-79.85995, 34.1632], [-79.86004, 34.16322], [-79.86018, 34.16331], [-79.8604, 34.16352], [-79.86049, 34.16362], [-79.86053, 34.16368], [-79.86057, 34.16374], [-79.86066, 34.16393], [-79.86096, 34.16424], [-79.86097, 34.16426], [-79.86118, 34.16456], [-79.86133, 34.16471], [-79.86146, 34.16491], [-79.86173, 34.16523], [-79.86213, 34.166], [-79.86238, 34.16629], [-79.86265, 34.16656], [-79.86283, 34.16678], [-79.86319, 34.16712], [-79.86344, 34.16731], [-79.86352, 34.16737], [-79.86376, 34.1675], [-79.86416, 34.16772], [-79.86425, 34.16774], [-79.86495, 34.16794], [-79.86572, 34.16811], [-79.8653, 34.1692], [-79.86398, 34.16879], [-79.86336, 34.1686], [-79.86125, 34.16752], [-79.86058, 34.16661], [-79.86026, 34.16692], [-79.86021, 34.16748], [-79.85956, 34.16786], [-79.85939, 34.16824], [-79.85926, 34.16891], [-79.85964, 34.16956], [-79.85952, 34.16965], [-79.85879, 34.16968], [-79.85867, 34.16974], [-79.85645, 34.17074], [-79.85621, 34.17085], [-79.85581, 34.17091], [-79.85578, 34.17091], [-79.85557, 34.17072], [-79.85497, 34.17015], [-79.85494, 34.17014], [-79.85433, 34.16995], [-79.85341, 34.16966], [-79.85328, 34.16963], [-79.85319, 34.17068], [-79.85319, 34.17076], [-79.85311, 34.17164], [-79.85302, 34.17259], [-79.85315, 34.17259], [-79.85532, 34.17254], [-79.85537, 34.17271], [-79.85539, 34.17281], [-79.85539, 34.17282], [-79.85294, 34.17348], [-79.85285, 34.17348], [-79.85284, 34.17356], [-79.8528, 34.17401], [-79.85273, 34.17483], [-79.8527, 34.17516], [-79.85269, 34.1753], [-79.85269, 34.17533], [-79.85206, 34.17551], [-79.85162, 34.17562], [-79.85119, 34.17574], [-79.85128, 34.17588], [-79.85129, 34.1759], [-79.85123, 34.17589], [-79.85091, 34.17584], [-79.85084, 34.17583], [-79.85066, 34.17588], [-79.85043, 34.17595], [-79.85032, 34.17598], [-79.84968, 34.17615], [-79.84948, 34.17621], [-79.84953, 34.1763], [-79.84957, 34.17638], [-79.84838, 34.1767], [-79.84811, 34.17677], [-79.84795, 34.17647], [-79.84792, 34.17641], [-79.8479, 34.17635], [-79.84796, 34.17634], [-79.84826, 34.17625], [-79.84852, 34.17618], [-79.84955, 34.17589], [-79.84946, 34.17571], [-79.84945, 34.17559], [-79.84934, 34.17551], [-79.84932, 34.17549], [-79.8493, 34.17547], [-79.84927, 34.17546], [-79.84924, 34.17543], [-79.849, 34.1751], [-79.84873, 34.17459], [-79.8485, 34.17415], [-79.84848, 34.17412], [-79.84846, 34.17413], [-79.8484, 34.17415], [-79.84836, 34.17417], [-79.84822, 34.1742], [-79.84813, 34.17423], [-79.84802, 34.17425], [-79.84767, 34.17435], [-79.84759, 34.17437], [-79.84758, 34.17434], [-79.84755, 34.17425], [-79.84747, 34.17395], [-79.84746, 34.17392], [-79.84745, 34.1739], [-79.84735, 34.17371], [-79.84728, 34.17358], [-79.84726, 34.17355], [-79.84722, 34.17347], [-79.84709, 34.17323], [-79.847, 34.17307], [-79.84692, 34.17291], [-79.84683, 34.17275], [-79.84675, 34.17259], [-79.84666, 34.17243], [-79.84658, 34.17226], [-79.84649, 34.17209], [-79.8464, 34.17193], [-79.84632, 34.17177], [-79.84622, 34.17159], [-79.84618, 34.17151], [-79.84616, 34.17148], [-79.84613, 34.17142], [-79.84608, 34.17133], [-79.84603, 34.17123], [-79.84594, 34.17106], [-79.84589, 34.17098], [-79.84588, 34.17095], [-79.84578, 34.171], [-79.84577, 34.171], [-79.84562, 34.17108], [-79.84547, 34.17116], [-79.84522, 34.17129], [-79.84515, 34.17117], [-79.84513, 34.17114], [-79.84512, 34.17112], [-79.84414, 34.16939], [-79.84406, 34.16927], [-79.844, 34.1693], [-79.84392, 34.16934], [-79.84388, 34.16936], [-79.84393, 34.16943], [-79.84399, 34.16953], [-79.84406, 34.16965], [-79.84449, 34.17042], [-79.84503, 34.17139], [-79.84464, 34.17159], [-79.84428, 34.17178], [-79.84425, 34.17179], [-79.8442, 34.17169], [-79.84384, 34.17104], [-79.84383, 34.17101], [-79.84376, 34.17104], [-79.84374, 34.17105], [-79.84339, 34.17123], [-79.84334, 34.17126], [-79.8433, 34.17128], [-79.84321, 34.17133], [-79.84312, 34.17137], [-79.84303, 34.17142], [-79.84299, 34.17144], [-79.84298, 34.17142], [-79.84293, 34.17144], [-79.84284, 34.17149], [-79.84275, 34.17154], [-79.84266, 34.17158], [-79.84257, 34.17163], [-79.84248, 34.17167], [-79.84239, 34.17172], [-79.8423, 34.17176], [-79.84211, 34.17186], [-79.84209, 34.17187], [-79.84203, 34.1719], [-79.84187, 34.17198], [-79.84185, 34.17199], [-79.84184, 34.17198], [-79.84183, 34.17195], [-79.84179, 34.17187], [-79.8417, 34.17168], [-79.84168, 34.17164], [-79.84162, 34.17168], [-79.84114, 34.17192], [-79.84112, 34.17193], [-79.84108, 34.17185], [-79.84104, 34.17188], [-79.84099, 34.1719], [-79.84086, 34.17162], [-79.84079, 34.1715], [-79.84064, 34.17115], [-79.84058, 34.17104], [-79.8398, 34.17144], [-79.83951, 34.17158], [-79.83949, 34.1716], [-79.83955, 34.1717], [-79.84002, 34.17234], [-79.83995, 34.17238], [-79.83958, 34.17257], [-79.8395, 34.17247], [-79.83911, 34.17192], [-79.83904, 34.17182], [-79.83898, 34.17185], [-79.83852, 34.17208], [-79.83782, 34.17244], [-79.83687, 34.17293], [-79.83645, 34.17246], [-79.83579, 34.1716], [-79.83575, 34.17156], [-79.83495, 34.17102], [-79.8345, 34.17072], [-79.83433, 34.17061], [-79.83291, 34.16963], [-79.83275, 34.16957], [-79.8322, 34.16919], [-79.83194, 34.16901], [-79.83086, 34.16825], [-79.83058, 34.16806], [-79.83045, 34.16773], [-79.83008, 34.16679], [-79.82999, 34.1667], [-79.82998, 34.16667], [-79.82973, 34.16639], [-79.82925, 34.16667], [-79.82921, 34.1667], [-79.8291, 34.16659], [-79.82891, 34.16636], [-79.82888, 34.16632], [-79.82861, 34.166], [-79.82855, 34.16593], [-79.82806, 34.16534], [-79.828, 34.16527], [-79.82791, 34.16518], [-79.82802, 34.16511], [-79.82813, 34.16504], [-79.82838, 34.1649], [-79.82973, 34.16408], [-79.83036, 34.16371], [-79.83058, 34.16359], [-79.83082, 34.16347], [-79.831, 34.1634], [-79.8312, 34.16334], [-79.83141, 34.16329], [-79.83159, 34.16324], [-79.8318, 34.16319], [-79.8323, 34.16307], [-79.83225, 34.16288], [-79.83221, 34.16275], [-79.83219, 34.16269], [-79.83213, 34.16245], [-79.83206, 34.16214], [-79.83199, 34.16215], [-79.83136, 34.16229], [-79.83144, 34.16263], [-79.83084, 34.16281], [-79.8307, 34.16283], [-79.83073, 34.16308], [-79.83076, 34.16323], [-79.82957, 34.1639], [-79.82841, 34.16455], [-79.82866, 34.16134], [-79.8287, 34.16114], [-79.82872, 34.1609], [-79.82873, 34.1607], [-79.82877, 34.16025], [-79.82883, 34.15948], [-79.82913, 34.15942], [-79.82922, 34.15941], [-79.82926, 34.15951], [-79.82928, 34.15963], [-79.8293, 34.15967], [-79.82936, 34.15974], [-79.82945, 34.15982], [-79.82955, 34.15986], [-79.8298, 34.15989], [-79.82984, 34.15989], [-79.82989, 34.15991], [-79.83002, 34.15991], [-79.83008, 34.15991], [-79.83017, 34.15992], [-79.83019, 34.15991], [-79.83026, 34.1599], [-79.83032, 34.15989], [-79.8304, 34.15988], [-79.83045, 34.15985], [-79.83055, 34.15979], [-79.83058, 34.15975], [-79.83062, 34.15971], [-79.83066, 34.15969], [-79.83069, 34.15968], [-79.83072, 34.15967], [-79.83072, 34.15966], [-79.83071, 34.15963], [-79.8307, 34.15959], [-79.83064, 34.15934], [-79.83054, 34.15893], [-79.8305, 34.15878], [-79.83022, 34.15761], [-79.83008, 34.15707], [-79.82995, 34.15661], [-79.82994, 34.15655], [-79.82999, 34.15655], [-79.83007, 34.15657], [-79.83036, 34.1566], [-79.83073, 34.15662], [-79.83081, 34.15661], [-79.83084, 34.15661], [-79.83103, 34.15658], [-79.83121, 34.15657], [-79.83127, 34.15657], [-79.8313, 34.15657], [-79.83132, 34.15657], [-79.8316, 34.1567], [-79.83165, 34.15677], [-79.83166, 34.15676], [-79.83171, 34.15675], [-79.83183, 34.15671], [-79.83201, 34.15669], [-79.83216, 34.15668], [-79.83221, 34.15668], [-79.83233, 34.15667], [-79.83255, 34.1566], [-79.83259, 34.15659], [-79.83265, 34.15657], [-79.83284, 34.15656], [-79.83294, 34.15655], [-79.83297, 34.15655], [-79.833, 34.15655], [-79.83334, 34.15652], [-79.83337, 34.15652], [-79.83357, 34.15651], [-79.83369, 34.15646], [-79.83388, 34.15638], [-79.83404, 34.15637], [-79.83416, 34.15635], [-79.8342, 34.15635], [-79.8344, 34.15633], [-79.83443, 34.15632], [-79.83445, 34.15632], [-79.83476, 34.15626], [-79.83479, 34.15625], [-79.83507, 34.15627], [-79.83522, 34.15625], [-79.83521, 34.15612], [-79.83521, 34.15604], [-79.8352, 34.15585], [-79.83519, 34.1558], [-79.83519, 34.15578], [-79.83518, 34.15568], [-79.83516, 34.15567], [-79.83509, 34.15563], [-79.83452, 34.15566], [-79.83447, 34.15566], [-79.83413, 34.15567], [-79.83407, 34.15568], [-79.83381, 34.15571], [-79.83377, 34.15572], [-79.83358, 34.15574], [-79.83354, 34.15575], [-79.83351, 34.15575], [-79.83347, 34.15574], [-79.83344, 34.15574], [-79.8334, 34.15573], [-79.83337, 34.15572], [-79.83336, 34.15572], [-79.83333, 34.15571], [-79.8333, 34.1557], [-79.83328, 34.15568], [-79.83327, 34.15568], [-79.83324, 34.15566], [-79.83319, 34.15562], [-79.83317, 34.15559], [-79.83315, 34.15556], [-79.83286, 34.15364], [-79.83277, 34.15365], [-79.83241, 34.15367], [-79.83226, 34.15369], [-79.83191, 34.15374], [-79.83175, 34.15376], [-79.83172, 34.15376], [-79.83169, 34.1536], [-79.83164, 34.15335], [-79.83162, 34.15322], [-79.8316, 34.15312], [-79.83159, 34.15306], [-79.83156, 34.15289], [-79.83151, 34.15259], [-79.83146, 34.15229], [-79.83144, 34.1522], [-79.8314, 34.15199], [-79.83136, 34.15176], [-79.83136, 34.15174], [-79.83135, 34.1517], [-79.8313, 34.1514], [-79.83127, 34.15125], [-79.83126, 34.15122], [-79.83124, 34.15107], [-79.83123, 34.15104], [-79.83121, 34.15093], [-79.83107, 34.15017], [-79.83104, 34.14999], [-79.83017, 34.15011], [-79.82933, 34.15023], [-79.82896, 34.15029], [-79.82778, 34.15044], [-79.82769, 34.15046], [-79.82655, 34.15062], [-79.82633, 34.15065], [-79.82575, 34.15073], [-79.82502, 34.15083], [-79.82415, 34.15095], [-79.82411, 34.15096], [-79.82412, 34.15103], [-79.82412, 34.15105], [-79.82413, 34.15108], [-79.82423, 34.15247], [-79.82451, 34.15623], [-79.82447, 34.15621], [-79.82446, 34.1562], [-79.82435, 34.15614], [-79.82393, 34.15609], [-79.82392, 34.15609], [-79.82374, 34.15636], [-79.82373, 34.15637], [-79.82363, 34.15643], [-79.82344, 34.15655], [-79.82344, 34.15651], [-79.82344, 34.15648], [-79.82344, 34.15644], [-79.82341, 34.15113], [-79.82341, 34.15103], [-79.82335, 34.15104], [-79.82311, 34.15103], [-79.82287, 34.15102], [-79.82275, 34.151], [-79.82267, 34.15098], [-79.82267, 34.15108], [-79.82246, 34.15657], [-79.82246, 34.15666], [-79.82226, 34.15668], [-79.82198, 34.15696], [-79.82155, 34.15728], [-79.8214, 34.15739], [-79.821, 34.15758], [-79.82075, 34.1577], [-79.82073, 34.15793], [-79.8207, 34.15831], [-79.82068, 34.15835], [-79.81959, 34.15862], [-79.81879, 34.15882], [-79.81848, 34.15895], [-79.81814, 34.1591], [-79.81811, 34.1591], [-79.81805, 34.15913], [-79.81799, 34.15916], [-79.81792, 34.15921], [-79.81781, 34.15924], [-79.81774, 34.15924], [-79.81767, 34.15924], [-79.8176, 34.15928], [-79.81753, 34.1593], [-79.81746, 34.1593], [-79.81739, 34.15927], [-79.81737, 34.15926], [-79.81733, 34.15924], [-79.81729, 34.15923], [-79.81718, 34.15922], [-79.81712, 34.15923], [-79.81705, 34.15925], [-79.817, 34.15925], [-79.81688, 34.15922], [-79.81683, 34.15918], [-79.81674, 34.15917], [-79.81671, 34.15919], [-79.81665, 34.15918], [-79.81662, 34.15918], [-79.81658, 34.15917], [-79.81654, 34.15916], [-79.81634, 34.15914], [-79.81609, 34.1591], [-79.81599, 34.15909], [-79.81591, 34.15908], [-79.81583, 34.15907], [-79.81568, 34.15902], [-79.81552, 34.15897], [-79.8153, 34.15889], [-79.81506, 34.15882], [-79.81488, 34.15872], [-79.8148, 34.15867], [-79.81458, 34.15857], [-79.81433, 34.15856], [-79.81398, 34.15847], [-79.81375, 34.15821], [-79.81363, 34.15822], [-79.81351, 34.15819], [-79.81329, 34.15816], [-79.81315, 34.15811], [-79.81298, 34.15807], [-79.81277, 34.15805], [-79.81248, 34.15796], [-79.81235, 34.15788], [-79.81223, 34.15777], [-79.81217, 34.1577], [-79.8121, 34.15761], [-79.81185, 34.15752], [-79.81173, 34.15749], [-79.81142, 34.15732], [-79.81138, 34.1573], [-79.8112, 34.15723], [-79.81105, 34.15708], [-79.81099, 34.15698], [-79.8108, 34.15696], [-79.81068, 34.15696], [-79.81046, 34.15699], [-79.81029, 34.15699], [-79.81024, 34.15695], [-79.81028, 34.15684], [-79.81028, 34.15683], [-79.81032, 34.15671], [-79.81041, 34.15642], [-79.81036, 34.15639], [-79.81025, 34.15631], [-79.81018, 34.15627], [-79.80991, 34.15608], [-79.80974, 34.15584], [-79.80967, 34.1558], [-79.80946, 34.15566], [-79.80932, 34.15567], [-79.80885, 34.15567], [-79.80867, 34.15567], [-79.80865, 34.15567], [-79.80849, 34.15567], [-79.80844, 34.15565], [-79.80839, 34.15563], [-79.80831, 34.1556], [-79.80815, 34.15554], [-79.80801, 34.1554], [-79.80791, 34.1553], [-79.8077, 34.15503], [-79.80761, 34.15492], [-79.80757, 34.15486], [-79.80745, 34.15484], [-79.80734, 34.15483], [-79.8072, 34.15482], [-79.80691, 34.15452], [-79.80682, 34.15443], [-79.80698, 34.15409], [-79.80736, 34.15327], [-79.80739, 34.15318], [-79.80772, 34.15247], [-79.80788, 34.15212], [-79.808, 34.15186], [-79.80812, 34.1516], [-79.80823, 34.15134], [-79.80835, 34.15109], [-79.80849, 34.15078], [-79.80853, 34.1507], [-79.80861, 34.15051], [-79.80818, 34.15096], [-79.8058, 34.15343], [-79.805, 34.15425], [-79.80457, 34.1547], [-79.80445, 34.15464], [-79.8043, 34.15452], [-79.80409, 34.15439], [-79.80401, 34.15427], [-79.804, 34.15426], [-79.8038, 34.15408], [-79.80371, 34.15405], [-79.80357, 34.15403], [-79.80332, 34.15399], [-79.80325, 34.15397], [-79.80313, 34.15395], [-79.80299, 34.15395], [-79.80285, 34.154], [-79.80279, 34.15403], [-79.80267, 34.15407], [-79.80276, 34.15341], [-79.80325, 34.14973], [-79.80351, 34.14774], [-79.80364, 34.14682], [-79.8037, 34.14684], [-79.80444, 34.147], [-79.80679, 34.14752], [-79.80682, 34.14743], [-79.80741, 34.14445], [-79.80634, 34.14341], [-79.80645, 34.14028], [-79.80653, 34.13822], [-79.80674, 34.13458], [-79.80573, 34.13397], [-79.80567, 34.13392], [-79.8055, 34.13377], [-79.80472, 34.13393], [-79.8039, 34.13406], [-79.80055, 34.13419], [-79.80049, 34.13419], [-79.80024, 34.1342], [-79.79983, 34.13393], [-79.79955, 34.13379], [-79.79921, 34.13365], [-79.79905, 34.13361], [-79.79896, 34.13359], [-79.79734, 34.13234], [-79.79656, 34.13171], [-79.79641, 34.13159], [-79.79618, 34.13141], [-79.79595, 34.13158], [-79.79591, 34.1316], [-79.79556, 34.13126], [-79.79497, 34.13067], [-79.79491, 34.13071], [-79.79398, 34.13129], [-79.79396, 34.13131], [-79.7939, 34.13135], [-79.79431, 34.13176], [-79.79379, 34.13211], [-79.79385, 34.13215], [-79.7943, 34.13261], [-79.79442, 34.13271], [-79.79425, 34.13284], [-79.79422, 34.13287], [-79.7941, 34.13276], [-79.7936, 34.13223], [-79.79339, 34.13202], [-79.79318, 34.13181], [-79.79305, 34.13189], [-79.79211, 34.13249], [-79.79339, 34.13345], [-79.7935, 34.13353], [-79.79346, 34.13357], [-79.79336, 34.13369], [-79.79303, 34.13403], [-79.79265, 34.13446], [-79.7922, 34.13496], [-79.79204, 34.13514], [-79.79183, 34.13538], [-79.79164, 34.13561], [-79.79161, 34.13564], [-79.79156, 34.13571], [-79.79119, 34.1362], [-79.79109, 34.13635], [-79.79104, 34.13643], [-79.79081, 34.13678], [-79.79054, 34.13723], [-79.79036, 34.13749], [-79.78944, 34.13878], [-79.78897, 34.13947], [-79.78935, 34.13963], [-79.79155, 34.14057], [-79.79265, 34.14104], [-79.79299, 34.14119], [-79.79295, 34.1413], [-79.79286, 34.14161], [-79.79265, 34.14221], [-79.79261, 34.14235], [-79.79235, 34.14313], [-79.79225, 34.14345], [-79.79183, 34.14467], [-79.79161, 34.14526], [-79.79157, 34.14533], [-79.79153, 34.14547], [-79.7915, 34.14555], [-79.79115, 34.14672], [-79.79131, 34.1468], [-79.79154, 34.14691], [-79.79171, 34.14695], [-79.79195, 34.14704], [-79.7922, 34.14733], [-79.79227, 34.1474], [-79.79232, 34.14746], [-79.79238, 34.14749], [-79.7925, 34.14755], [-79.79253, 34.14756], [-79.79255, 34.14757], [-79.79264, 34.14759], [-79.79281, 34.14764], [-79.7929, 34.14767], [-79.79298, 34.14769], [-79.79303, 34.14771], [-79.79321, 34.14778], [-79.79342, 34.1478], [-79.79346, 34.14784], [-79.79363, 34.14794], [-79.79366, 34.14797], [-79.79384, 34.14811], [-79.79391, 34.14822], [-79.79399, 34.14835], [-79.79409, 34.14847], [-79.79418, 34.14857], [-79.79433, 34.14871], [-79.79437, 34.14875], [-79.7945, 34.14885], [-79.79462, 34.14888], [-79.79469, 34.14889], [-79.79478, 34.14886], [-79.79483, 34.14885], [-79.79496, 34.14882], [-79.79517, 34.14885], [-79.79549, 34.149], [-79.7957, 34.14924], [-79.79572, 34.14927], [-79.79581, 34.14943], [-79.79597, 34.14951], [-79.79609, 34.14957], [-79.7961, 34.14958], [-79.79626, 34.14971], [-79.79648, 34.14988], [-79.79667, 34.15002], [-79.79693, 34.15011], [-79.79701, 34.15012], [-79.79707, 34.15012], [-79.79741, 34.1504], [-79.79763, 34.15054], [-79.79777, 34.15066], [-79.79779, 34.15067], [-79.79782, 34.1507], [-79.79792, 34.15078], [-79.79807, 34.15083], [-79.79812, 34.15085], [-79.79822, 34.15088], [-79.79839, 34.15092], [-79.79846, 34.15096], [-79.79868, 34.15111], [-79.79874, 34.15115], [-79.79883, 34.15123], [-79.7989, 34.15128], [-79.79891, 34.15132], [-79.79871, 34.15133], [-79.79752, 34.15137], [-79.79743, 34.15131], [-79.79742, 34.1513], [-79.79735, 34.15124], [-79.79725, 34.15116], [-79.79706, 34.15105], [-79.79704, 34.15103], [-79.79686, 34.15088], [-79.79669, 34.15078], [-79.79666, 34.15076], [-79.79645, 34.15066], [-79.79643, 34.15065], [-79.79626, 34.15054], [-79.79623, 34.15052], [-79.79598, 34.15039], [-79.79583, 34.15058], [-79.79525, 34.15136], [-79.79524, 34.15138], [-79.79523, 34.15137], [-79.79494, 34.15117], [-79.79491, 34.15116], [-79.79461, 34.15103], [-79.7946, 34.15102], [-79.79431, 34.15081], [-79.79412, 34.15067], [-79.79404, 34.15061], [-79.79371, 34.15037], [-79.79342, 34.1501], [-79.79331, 34.15001], [-79.79311, 34.14985], [-79.79229, 34.14937], [-79.79216, 34.14931], [-79.79214, 34.1493], [-79.79206, 34.14927], [-79.79202, 34.14925], [-79.79198, 34.14923], [-79.79179, 34.14924], [-79.79163, 34.14928], [-79.7915, 34.14937], [-79.79139, 34.14931], [-79.79135, 34.14929], [-79.79117, 34.14915], [-79.79109, 34.14901], [-79.79099, 34.14885], [-79.79069, 34.14871], [-79.79052, 34.14862], [-79.79012, 34.1484], [-79.78984, 34.14826], [-79.78949, 34.14809], [-79.78945, 34.14808], [-79.78932, 34.14788], [-79.78925, 34.14777], [-79.78919, 34.1474], [-79.78918, 34.14738], [-79.78905, 34.1469], [-79.78902, 34.1468], [-79.78886, 34.14847], [-79.7889, 34.14928], [-79.78876, 34.15024], [-79.78869, 34.15069], [-79.78862, 34.15127], [-79.78855, 34.15187], [-79.78853, 34.15201], [-79.78825, 34.15287], [-79.78815, 34.15317], [-79.78804, 34.15347], [-79.78793, 34.15378], [-79.78776, 34.15426], [-79.78757, 34.15478], [-79.78741, 34.15523], [-79.7873, 34.15557], [-79.78717, 34.15592], [-79.78699, 34.15643], [-79.78684, 34.15684], [-79.78672, 34.1572], [-79.78654, 34.15772], [-79.78637, 34.15819], [-79.7863, 34.15838], [-79.78619, 34.15868], [-79.78615, 34.1588], [-79.7861, 34.15894], [-79.78602, 34.15918], [-79.78548, 34.15903], [-79.78548, 34.15902], [-79.78537, 34.15892], [-79.78404, 34.15861], [-79.78403, 34.15858], [-79.78411, 34.15837], [-79.78417, 34.15821], [-79.78417, 34.1582], [-79.78372, 34.15809], [-79.78374, 34.15804], [-79.78378, 34.15796], [-79.78383, 34.15784], [-79.78386, 34.15776], [-79.78391, 34.15767], [-79.78393, 34.15761], [-79.78396, 34.15755], [-79.78397, 34.15752], [-79.78384, 34.15748], [-79.78379, 34.15747], [-79.7837, 34.15744], [-79.78361, 34.15742], [-79.7834, 34.15737], [-79.78348, 34.15714], [-79.78365, 34.15668], [-79.78368, 34.15661], [-79.78398, 34.15668], [-79.78421, 34.15674], [-79.78426, 34.15675], [-79.78431, 34.1566], [-79.78433, 34.15654], [-79.78435, 34.15649], [-79.78445, 34.15623], [-79.78454, 34.15596], [-79.78469, 34.15555], [-79.78475, 34.15536], [-79.7848, 34.1552], [-79.78486, 34.15499], [-79.78579, 34.15241], [-79.7859, 34.15216], [-79.78631, 34.15094], [-79.7864, 34.15068], [-79.78644, 34.1506], [-79.78635, 34.15054], [-79.78589, 34.15026], [-79.78535, 34.14993], [-79.78507, 34.14975], [-79.78425, 34.14925], [-79.78352, 34.1488], [-79.78356, 34.1487], [-79.78417, 34.14683], [-79.78445, 34.14638], [-79.78448, 34.1464], [-79.7845, 34.14634], [-79.78456, 34.14617], [-79.78459, 34.14606], [-79.78467, 34.14585], [-79.78475, 34.14566], [-79.78514, 34.14433], [-79.78532, 34.14384], [-79.78535, 34.14375], [-79.78539, 34.14363], [-79.7855, 34.14329], [-79.78573, 34.14258], [-79.78573, 34.14257], [-79.78583, 34.14226], [-79.78604, 34.1416], [-79.78601, 34.1416], [-79.7856, 34.14156], [-79.78552, 34.14156], [-79.78534, 34.14156], [-79.78526, 34.14156], [-79.78503, 34.1415], [-79.78494, 34.14147], [-79.78457, 34.14122], [-79.78426, 34.14101], [-79.78411, 34.14094], [-79.78389, 34.14083], [-79.78356, 34.14085], [-79.78346, 34.14086], [-79.78306, 34.14073], [-79.78277, 34.14072], [-79.78251, 34.14071], [-79.78234, 34.14067], [-79.78224, 34.14064], [-79.78198, 34.14047], [-79.78191, 34.14042], [-79.78148, 34.14011], [-79.78143, 34.14003], [-79.78128, 34.13977], [-79.78123, 34.13952], [-79.78122, 34.13951], [-79.78111, 34.13933], [-79.78078, 34.13904], [-79.78065, 34.13892], [-79.78021, 34.13869], [-79.78019, 34.13867], [-79.78035, 34.13852], [-79.78055, 34.13844], [-79.78073, 34.13836], [-79.78097, 34.13832], [-79.78117, 34.13822], [-79.78145, 34.13808], [-79.78146, 34.13807], [-79.78151, 34.13806], [-79.78203, 34.13791], [-79.78229, 34.13809], [-79.7825, 34.13787], [-79.78242, 34.13754], [-79.78275, 34.13718], [-79.78278, 34.13714], [-79.78251, 34.13697], [-79.78245, 34.13678], [-79.78249, 34.13671], [-79.78255, 34.13662], [-79.78225, 34.13648], [-79.78245, 34.13633], [-79.7825, 34.13629], [-79.78257, 34.13623], [-79.78266, 34.13614], [-79.78272, 34.13605], [-79.78278, 34.13598], [-79.78279, 34.13597], [-79.78283, 34.13589], [-79.78297, 34.13569], [-79.78299, 34.13564], [-79.78305, 34.13553], [-79.78305, 34.13552], [-79.78315, 34.13535], [-79.78315, 34.13529], [-79.78315, 34.13525], [-79.78316, 34.13523], [-79.78317, 34.13519], [-79.78305, 34.13482], [-79.78306, 34.13481], [-79.78326, 34.13452], [-79.78327, 34.13425], [-79.78327, 34.13424], [-79.78321, 34.13395], [-79.78325, 34.13367], [-79.78333, 34.1333], [-79.78348, 34.1329], [-79.78344, 34.13288], [-79.78314, 34.13277], [-79.78305, 34.13274], [-79.78299, 34.13272], [-79.78288, 34.13265], [-79.78288, 34.13264], [-79.78286, 34.13263], [-79.78282, 34.13257], [-79.78282, 34.13256], [-79.7828, 34.13253], [-79.78277, 34.1325], [-79.78276, 34.13248], [-79.78275, 34.13246], [-79.78274, 34.13245], [-79.78263, 34.13238], [-79.7826, 34.13236], [-79.78258, 34.13235], [-79.78257, 34.13234], [-79.78246, 34.13228], [-79.78245, 34.13227], [-79.7824, 34.13226], [-79.78224, 34.13223], [-79.78202, 34.13212], [-79.78198, 34.1321], [-79.78189, 34.13208], [-79.78172, 34.13204], [-79.78166, 34.13197], [-79.78153, 34.13186], [-79.78133, 34.13172], [-79.78125, 34.13166], [-79.78121, 34.13161], [-79.78118, 34.13159], [-79.78106, 34.13148], [-79.78105, 34.13147], [-79.78079, 34.13137], [-79.78064, 34.13129], [-79.78059, 34.13128], [-79.78047, 34.13124], [-79.78012, 34.13179], [-79.78011, 34.13181], [-79.77982, 34.1323], [-79.77966, 34.13257], [-79.77949, 34.13283], [-79.77934, 34.13309], [-79.77927, 34.13321], [-79.77919, 34.13333], [-79.77918, 34.13335], [-79.77833, 34.13474], [-79.77827, 34.13482], [-79.77804, 34.13478], [-79.778, 34.13477], [-79.7775, 34.13468], [-79.7774, 34.13467], [-79.77731, 34.13466], [-79.77729, 34.13475], [-79.77695, 34.13517], [-79.77642, 34.13582], [-79.77612, 34.1362], [-79.77601, 34.13618], [-79.77213, 34.1356], [-79.7723, 34.13538], [-79.77252, 34.13513], [-79.77274, 34.13488], [-79.77295, 34.13462], [-79.77313, 34.13437], [-79.7733, 34.13413], [-79.77333, 34.13404], [-79.77336, 34.13395], [-79.77337, 34.13394], [-79.77347, 34.13378], [-79.77358, 34.1336], [-79.77429, 34.13239], [-79.77444, 34.13214], [-79.77449, 34.13205], [-79.77465, 34.13178], [-79.77545, 34.13035], [-79.77555, 34.13018], [-79.77615, 34.12913], [-79.77659, 34.12838], [-79.77669, 34.1282], [-79.77658, 34.12818], [-79.77647, 34.12816], [-79.77638, 34.12814], [-79.77532, 34.12794], [-79.77527, 34.12805], [-79.77515, 34.12828], [-79.77511, 34.12837], [-79.77509, 34.12841], [-79.77481, 34.12836], [-79.77421, 34.12823], [-79.77399, 34.12818], [-79.77402, 34.12812], [-79.77408, 34.12803], [-79.77432, 34.1276], [-79.77437, 34.12751], [-79.77447, 34.12732], [-79.77454, 34.12717], [-79.77457, 34.12707], [-79.77458, 34.12706], [-79.77459, 34.12701], [-79.77461, 34.12697], [-79.77463, 34.12693], [-79.77468, 34.12681], [-79.77473, 34.12683], [-79.77516, 34.12698], [-79.77538, 34.12705], [-79.77541, 34.12706], [-79.77543, 34.12702], [-79.77543, 34.12701], [-79.77548, 34.1269], [-79.77554, 34.12674], [-79.77559, 34.12676], [-79.7756, 34.12677], [-79.77561, 34.12677], [-79.77584, 34.12687], [-79.77584, 34.12688], [-79.77581, 34.12693], [-79.77574, 34.12708], [-79.77558, 34.12743], [-79.77557, 34.12746], [-79.77555, 34.12753], [-79.77557, 34.12754], [-79.77597, 34.12761], [-79.77606, 34.1274], [-79.77621, 34.12702], [-79.77624, 34.12703], [-79.7764, 34.12709], [-79.77677, 34.12724], [-79.77678, 34.12724], [-79.77681, 34.12725], [-79.77688, 34.12728], [-79.77694, 34.1273], [-79.77696, 34.12731], [-79.77707, 34.12735], [-79.77714, 34.12737], [-79.77736, 34.12704], [-79.77751, 34.12678], [-79.77741, 34.12676], [-79.77722, 34.12671], [-79.77709, 34.12668], [-79.77705, 34.12667], [-79.77642, 34.12657], [-79.77672, 34.12604], [-79.77676, 34.12596], [-79.77695, 34.12599], [-79.77744, 34.12606], [-79.77756, 34.1261], [-79.77776, 34.12614], [-79.77789, 34.12617], [-79.77793, 34.12612], [-79.77795, 34.12607], [-79.77783, 34.12604], [-79.77763, 34.12599], [-79.7775, 34.12596], [-79.77704, 34.12589], [-79.7766, 34.12582], [-79.77549, 34.12565], [-79.77493, 34.12556], [-79.77488, 34.12555], [-79.77468, 34.12553], [-79.77438, 34.12548], [-79.77441, 34.12536], [-79.77449, 34.12471], [-79.77416, 34.12466], [-79.77392, 34.12462], [-79.77383, 34.1246], [-79.77381, 34.12471], [-79.77374, 34.12527], [-79.77372, 34.12537], [-79.77346, 34.12534], [-79.77325, 34.12531], [-79.77322, 34.12531], [-79.77308, 34.12529], [-79.77298, 34.12528], [-79.77273, 34.12524], [-79.77248, 34.12521], [-79.77224, 34.12518], [-79.772, 34.12515], [-79.77175, 34.12512], [-79.7715, 34.12508], [-79.77147, 34.12508], [-79.77126, 34.12505], [-79.77098, 34.12502], [-79.77069, 34.12498], [-79.77067, 34.12498], [-79.77033, 34.12493], [-79.77036, 34.1248], [-79.77042, 34.12448], [-79.77049, 34.12412], [-79.77052, 34.12398], [-79.77025, 34.12393], [-79.77017, 34.12392], [-79.77032, 34.12321], [-79.77032, 34.1232], [-79.77054, 34.12323], [-79.77651, 34.12415], [-79.77676, 34.12419], [-79.77682, 34.12411], [-79.77694, 34.12389], [-79.7775, 34.12397], [-79.77767, 34.124], [-79.77785, 34.12403], [-79.77797, 34.12404], [-79.77802, 34.12405], [-79.77838, 34.12411], [-79.77855, 34.12413], [-79.77856, 34.12413], [-79.77868, 34.12415], [-79.77889, 34.12419], [-79.77903, 34.12421], [-79.77927, 34.12381], [-79.77933, 34.12368], [-79.7792, 34.12364], [-79.77901, 34.12359], [-79.77889, 34.12356], [-79.77796, 34.12325], [-79.77802, 34.12308], [-79.77811, 34.1228], [-79.77355, 34.12211], [-79.77284, 34.122], [-79.77284, 34.12198], [-79.77281, 34.12197], [-79.77291, 34.12144], [-79.77293, 34.1213], [-79.773, 34.12087], [-79.77302, 34.12077], [-79.7731, 34.12066], [-79.77319, 34.12067], [-79.77355, 34.1207], [-79.77454, 34.12077], [-79.77505, 34.1208], [-79.77529, 34.12081], [-79.7755, 34.12082], [-79.77599, 34.12085], [-79.77636, 34.12087], [-79.77652, 34.12088], [-79.7768, 34.11985], [-79.77922, 34.12031], [-79.77929, 34.11984], [-79.77948, 34.11987], [-79.77955, 34.11958], [-79.77893, 34.11946], [-79.77894, 34.1194], [-79.77909, 34.11888], [-79.77914, 34.1187], [-79.77925, 34.11832], [-79.77931, 34.11816], [-79.77933, 34.11808], [-79.77931, 34.11808], [-79.77925, 34.11807], [-79.7788, 34.11799], [-79.77865, 34.11796], [-79.7785, 34.11793], [-79.77835, 34.11789], [-79.77816, 34.11784], [-79.77797, 34.11779], [-79.7779, 34.11777], [-79.7778, 34.11774], [-79.77775, 34.11772], [-79.7776, 34.11767], [-79.77753, 34.11765], [-79.77749, 34.11764], [-79.77744, 34.11762], [-79.77736, 34.11759], [-79.77711, 34.11749], [-79.77693, 34.11741], [-79.77676, 34.11733], [-79.77695, 34.11666], [-79.77705, 34.1163], [-79.77741, 34.11497], [-79.7779, 34.11318], [-79.77801, 34.11282], [-79.77843, 34.11291], [-79.77857, 34.11175], [-79.77925, 34.11181], [-79.77927, 34.11182], [-79.7794, 34.11069], [-79.77817, 34.11057], [-79.77797, 34.11056], [-79.77792, 34.11091], [-79.77782, 34.11168], [-79.7778, 34.11176], [-79.77783, 34.11176], [-79.7777, 34.11277], [-79.77768, 34.11277], [-79.77754, 34.11274], [-79.77693, 34.11262], [-79.77682, 34.1126], [-79.77679, 34.11259], [-79.77672, 34.11259], [-79.77666, 34.1126], [-79.77662, 34.11272], [-79.77555, 34.11664], [-79.77534, 34.11652], [-79.7752, 34.11645], [-79.77507, 34.11638], [-79.77494, 34.11632], [-79.7748, 34.11626], [-79.7747, 34.11622], [-79.77475, 34.11607], [-79.77478, 34.11596], [-79.7748, 34.11586], [-79.77474, 34.11585], [-79.77394, 34.1157], [-79.77387, 34.11596], [-79.77386, 34.11599], [-79.77368, 34.11596], [-79.77349, 34.11594], [-79.7733, 34.11593], [-79.77312, 34.11592], [-79.77306, 34.11513], [-79.77305, 34.11507], [-79.77241, 34.11538], [-79.77164, 34.1158], [-79.77186, 34.11616], [-79.7719, 34.11626], [-79.77201, 34.11623], [-79.77219, 34.11619], [-79.77225, 34.11618], [-79.77231, 34.11617], [-79.77238, 34.11616], [-79.77238, 34.11617], [-79.7724, 34.11626], [-79.77249, 34.11664], [-79.77251, 34.11671], [-79.77252, 34.1167], [-79.77258, 34.1167], [-79.77268, 34.11668], [-79.7728, 34.11668], [-79.77296, 34.11667], [-79.77312, 34.11667], [-79.77328, 34.11667], [-79.77336, 34.11668], [-79.77339, 34.11668], [-79.77342, 34.11668], [-79.77374, 34.11672], [-79.77405, 34.1168], [-79.77427, 34.11627], [-79.77444, 34.11633], [-79.77455, 34.11637], [-79.7746, 34.11638], [-79.77461, 34.11639], [-79.77463, 34.1164], [-79.77467, 34.11642], [-79.77465, 34.11648], [-79.77463, 34.11653], [-79.77461, 34.11659], [-79.77458, 34.11671], [-79.77456, 34.11678], [-79.77454, 34.11684], [-79.77454, 34.1169], [-79.77445, 34.11694], [-79.77441, 34.11706], [-79.77433, 34.11735], [-79.77432, 34.11739], [-79.77426, 34.11743], [-79.77423, 34.11744], [-79.77421, 34.11745], [-79.77418, 34.11751], [-79.77415, 34.11758], [-79.77415, 34.11759], [-79.77417, 34.11762], [-79.77418, 34.11763], [-79.77419, 34.11766], [-79.77422, 34.11772], [-79.77417, 34.11781], [-79.77406, 34.11797], [-79.77391, 34.11818], [-79.77385, 34.11814], [-79.77369, 34.11806], [-79.77363, 34.11803], [-79.77342, 34.11793], [-79.77334, 34.11789], [-79.77315, 34.11797], [-79.77318, 34.11813], [-79.77301, 34.11838], [-79.77294, 34.11848], [-79.77286, 34.11859], [-79.77273, 34.11878], [-79.77259, 34.11897], [-79.77252, 34.11908], [-79.77233, 34.11935], [-79.7723, 34.1194], [-79.77238, 34.11958], [-79.77242, 34.11967], [-79.77246, 34.11977], [-79.77254, 34.11996], [-79.77257, 34.12004], [-79.77254, 34.12004], [-79.77253, 34.12004], [-79.77248, 34.12003], [-79.77241, 34.12003], [-79.77237, 34.12003], [-79.77237, 34.12009], [-79.77235, 34.12025], [-79.77233, 34.12062], [-79.77189, 34.1206], [-79.77026, 34.12053], [-79.77025, 34.12055], [-79.77008, 34.12069], [-79.76997, 34.12078], [-79.76965, 34.12105], [-79.7694, 34.12127], [-79.76916, 34.12147], [-79.76871, 34.12185], [-79.76766, 34.12102], [-79.76695, 34.11976], [-79.76553, 34.11984], [-79.7655, 34.11976], [-79.76548, 34.11976], [-79.76529, 34.11981], [-79.76499, 34.11985], [-79.76489, 34.11987], [-79.76359, 34.11995], [-79.76322, 34.11997], [-79.76276, 34.11999], [-79.76202, 34.12003], [-79.76102, 34.12007], [-79.75959, 34.12014], [-79.75827, 34.12019], [-79.75795, 34.1202], [-79.75806, 34.12176], [-79.75834, 34.12583], [-79.7584, 34.1266], [-79.75877, 34.1266], [-79.75888, 34.1266], [-79.75922, 34.12617], [-79.75963, 34.12569], [-79.7603, 34.12595], [-79.76061, 34.12607], [-79.76158, 34.126], [-79.76264, 34.12592], [-79.7639, 34.12582], [-79.76424, 34.1258], [-79.76512, 34.12573], [-79.76534, 34.12568], [-79.76644, 34.1254], [-79.76707, 34.12524], [-79.76796, 34.12512], [-79.7679, 34.12547], [-79.76785, 34.1257], [-79.76778, 34.12604], [-79.76773, 34.12634], [-79.76771, 34.12641], [-79.76771, 34.12644], [-79.7677, 34.12647], [-79.7677, 34.1265], [-79.76768, 34.12657], [-79.76762, 34.1269], [-79.76758, 34.12709], [-79.76755, 34.12728], [-79.76752, 34.12743], [-79.76751, 34.12747], [-79.76733, 34.12842], [-79.76736, 34.12842], [-79.76735, 34.12848], [-79.76726, 34.12893], [-79.76721, 34.12916], [-79.76694, 34.1304], [-79.76677, 34.1312], [-79.76643, 34.13279], [-79.76636, 34.13314], [-79.76629, 34.13345], [-79.76614, 34.13425], [-79.76623, 34.13433], [-79.76634, 34.13442], [-79.76693, 34.13494], [-79.76754, 34.13545], [-79.76506, 34.1356], [-79.76477, 34.13445], [-79.7643, 34.13453], [-79.76382, 34.13459], [-79.76349, 34.13462], [-79.76328, 34.13463], [-79.76294, 34.13462], [-79.76274, 34.1346], [-79.76198, 34.13453], [-79.76172, 34.1345], [-79.76054, 34.13439], [-79.76, 34.13436], [-79.75983, 34.13436], [-79.7597, 34.13436], [-79.75914, 34.13437], [-79.75922, 34.13531], [-79.75953, 34.13954], [-79.75953, 34.13969], [-79.75954, 34.13982], [-79.76023, 34.14033], [-79.76064, 34.1403], [-79.76093, 34.14039], [-79.76117, 34.14041], [-79.76128, 34.14041], [-79.76153, 34.14034], [-79.76175, 34.14036], [-79.76203, 34.14027], [-79.76217, 34.14022], [-79.76254, 34.14007], [-79.76291, 34.13992], [-79.76354, 34.13976], [-79.76389, 34.1397], [-79.76424, 34.13963], [-79.76443, 34.13961], [-79.76462, 34.13959], [-79.76491, 34.13941], [-79.76519, 34.13922], [-79.76547, 34.13903], [-79.76613, 34.13882], [-79.76649, 34.13874], [-79.76673, 34.13869], [-79.76704, 34.13864], [-79.76724, 34.13865], [-79.76734, 34.13863], [-79.76739, 34.13864], [-79.76756, 34.13864], [-79.76793, 34.13846], [-79.76854, 34.13843], [-79.76861, 34.13818], [-79.76901, 34.13671], [-79.76859, 34.13636], [-79.76785, 34.13572], [-79.76759, 34.1355], [-79.76771, 34.13496], [-79.76778, 34.13465], [-79.76782, 34.13451], [-79.76762, 34.13455], [-79.76753, 34.13416], [-79.76752, 34.13405], [-79.76761, 34.13403], [-79.76855, 34.13389], [-79.76867, 34.13387], [-79.76965, 34.13372], [-79.77002, 34.13367], [-79.77011, 34.13365], [-79.77018, 34.13365], [-79.77019, 34.13374], [-79.77015, 34.13413], [-79.77011, 34.13446], [-79.77007, 34.13479], [-79.77006, 34.13496], [-79.77006, 34.13505], [-79.77006, 34.13538], [-79.77006, 34.13571], [-79.77006, 34.13614], [-79.77007, 34.13645], [-79.77007, 34.13672], [-79.77037, 34.13699], [-79.77029, 34.1371], [-79.77023, 34.13723], [-79.77019, 34.1373], [-79.77016, 34.13735], [-79.7701, 34.13748], [-79.77008, 34.13755], [-79.77005, 34.13761], [-79.77004, 34.13763], [-79.76999, 34.13777], [-79.76994, 34.13794], [-79.76989, 34.1381], [-79.76986, 34.13827], [-79.76985, 34.13832], [-79.76983, 34.1384], [-79.76982, 34.13854], [-79.76981, 34.13868], [-79.7698, 34.13881], [-79.7698, 34.13895], [-79.7698, 34.13908], [-79.76981, 34.13922], [-79.76983, 34.13936], [-79.76999, 34.14055], [-79.77004, 34.14096], [-79.77006, 34.14116], [-79.77012, 34.14159], [-79.77013, 34.14165], [-79.76997, 34.14167], [-79.76962, 34.1417], [-79.76812, 34.14184], [-79.76812, 34.14187], [-79.76812, 34.14193], [-79.76814, 34.14291], [-79.76814, 34.14406], [-79.76811, 34.14417], [-79.76808, 34.14428], [-79.76813, 34.14581], [-79.76813, 34.14583], [-79.76803, 34.14582], [-79.76805, 34.1466], [-79.76813, 34.1466], [-79.76813, 34.14765], [-79.76813, 34.14769], [-79.76942, 34.14765], [-79.76947, 34.14765], [-79.76956, 34.14764], [-79.77018, 34.14762], [-79.77033, 34.14762], [-79.77044, 34.14762], [-79.77062, 34.14762], [-79.77063, 34.14759], [-79.77064, 34.14679], [-79.77066, 34.14583], [-79.77067, 34.14562], [-79.77068, 34.14543], [-79.7717, 34.14557], [-79.7721, 34.14563], [-79.77243, 34.14568], [-79.77303, 34.14577], [-79.77426, 34.14595], [-79.7743, 34.1451], [-79.77433, 34.14472], [-79.77295, 34.14453], [-79.77258, 34.14448], [-79.7723, 34.14444], [-79.77218, 34.14442], [-79.77184, 34.14438], [-79.77173, 34.14436], [-79.77175, 34.14427], [-79.77186, 34.14383], [-79.77186, 34.14379], [-79.77187, 34.14376], [-79.77188, 34.14372], [-79.77208, 34.14361], [-79.77221, 34.14362], [-79.77223, 34.14362], [-79.7723, 34.1436], [-79.77276, 34.14351], [-79.77268, 34.14289], [-79.77262, 34.14245], [-79.77261, 34.14235], [-79.77265, 34.14234], [-79.77275, 34.14231], [-79.77278, 34.14229], [-79.77285, 34.14224], [-79.7729, 34.14217], [-79.77292, 34.14214], [-79.77296, 34.14202], [-79.77318, 34.14142], [-79.77327, 34.14121], [-79.77329, 34.14118], [-79.77358, 34.14126], [-79.77398, 34.14136], [-79.77406, 34.14138], [-79.77444, 34.14148], [-79.77475, 34.14156], [-79.77507, 34.14164], [-79.77539, 34.14172], [-79.7757, 34.1418], [-79.77579, 34.14183], [-79.77468, 34.1447], [-79.77465, 34.14477], [-79.77487, 34.1448], [-79.77508, 34.14483], [-79.77599, 34.14496], [-79.77598, 34.14505], [-79.77598, 34.14623], [-79.77598, 34.14698], [-79.77598, 34.14787], [-79.77588, 34.14787], [-79.77577, 34.14788], [-79.77555, 34.14789], [-79.77532, 34.14789], [-79.7748, 34.14791], [-79.7741, 34.14793], [-79.77293, 34.14797], [-79.77292, 34.14801], [-79.77285, 34.14872], [-79.77285, 34.14882], [-79.77272, 34.14915], [-79.77257, 34.14958], [-79.77242, 34.14996], [-79.77234, 34.15018], [-79.77233, 34.15022], [-79.77221, 34.15051], [-79.77183, 34.15154], [-79.77173, 34.1518], [-79.77166, 34.15198], [-79.77159, 34.15217], [-79.77151, 34.15237], [-79.77148, 34.15244], [-79.77145, 34.15252], [-79.77142, 34.15262], [-79.77238, 34.15262], [-79.77227, 34.15454], [-79.7717, 34.15459], [-79.77097, 34.15465], [-79.77097, 34.15476], [-79.77097, 34.15557], [-79.77097, 34.15608], [-79.77096, 34.15658], [-79.7708, 34.15657], [-79.7708, 34.1561], [-79.7708, 34.15607], [-79.77024, 34.15606], [-79.77023, 34.15609], [-79.77016, 34.15635], [-79.76903, 34.1561], [-79.76902, 34.15614], [-79.76898, 34.15629], [-79.76896, 34.15636], [-79.76862, 34.15629], [-79.76854, 34.15652], [-79.76831, 34.15719], [-79.76829, 34.15725], [-79.7684, 34.15728], [-79.76855, 34.15731], [-79.76868, 34.15734], [-79.76866, 34.15743], [-79.76857, 34.15778], [-79.76855, 34.15784], [-79.76978, 34.15791], [-79.76999, 34.15793], [-79.7704, 34.15796], [-79.77098, 34.158], [-79.77152, 34.15802], [-79.7714, 34.15857], [-79.76989, 34.15843], [-79.76854, 34.1583], [-79.76832, 34.1583], [-79.76826, 34.15846], [-79.76818, 34.15867], [-79.76816, 34.15874], [-79.76802, 34.15873], [-79.76727, 34.15866], [-79.76704, 34.15862], [-79.767, 34.15873], [-79.76689, 34.15904], [-79.76804, 34.15915], [-79.76791, 34.15954], [-79.76789, 34.15958], [-79.7697, 34.15977], [-79.76977, 34.15979], [-79.76996, 34.15984], [-79.77118, 34.15997], [-79.77112, 34.16026], [-79.77096, 34.16037], [-79.77093, 34.16039], [-79.77086, 34.16041], [-79.77077, 34.16036], [-79.77071, 34.16031], [-79.77062, 34.16021], [-79.77049, 34.16014], [-79.77034, 34.16018], [-79.77027, 34.16019], [-79.77013, 34.16024], [-79.76994, 34.16031], [-79.76991, 34.16035], [-79.76989, 34.16038], [-79.76985, 34.16041], [-79.76979, 34.16049], [-79.76968, 34.16055], [-79.76962, 34.16059], [-79.76958, 34.16061], [-79.76918, 34.16077], [-79.76883, 34.16091], [-79.76875, 34.16093], [-79.7685, 34.16099], [-79.76821, 34.16101], [-79.76817, 34.161], [-79.76816, 34.16111], [-79.76816, 34.16112], [-79.76814, 34.1612], [-79.76814, 34.16122], [-79.76815, 34.1613], [-79.76819, 34.16149], [-79.7682, 34.16152], [-79.76819, 34.16158], [-79.76821, 34.16161], [-79.76822, 34.16166], [-79.76821, 34.16172], [-79.76819, 34.16176], [-79.76816, 34.16179], [-79.76812, 34.16181], [-79.76808, 34.16184], [-79.76804, 34.16186], [-79.76801, 34.16186], [-79.7679, 34.16186], [-79.76782, 34.16216], [-79.76778, 34.16228], [-79.76769, 34.16226], [-79.76762, 34.16224], [-79.76712, 34.16214], [-79.76703, 34.16246], [-79.76699, 34.16257], [-79.76699, 34.16258], [-79.76699, 34.16262], [-79.76701, 34.16263], [-79.76754, 34.16269], [-79.76762, 34.16269], [-79.7682, 34.16275], [-79.76842, 34.16277], [-79.76904, 34.16283], [-79.76926, 34.16286], [-79.76962, 34.1629], [-79.76961, 34.16299], [-79.76966, 34.163], [-79.76964, 34.1632], [-79.76957, 34.16336], [-79.76956, 34.16355], [-79.7695, 34.16375], [-79.76948, 34.16395], [-79.76947, 34.16414], [-79.7692, 34.16531], [-79.76936, 34.16534], [-79.77003, 34.1654], [-79.77023, 34.16541], [-79.77027, 34.16524], [-79.77028, 34.1652], [-79.77046, 34.1652], [-79.77029, 34.16606], [-79.77012, 34.16689], [-79.77005, 34.16688], [-79.76882, 34.16676], [-79.76865, 34.16675], [-79.76816, 34.1667], [-79.76813, 34.16684], [-79.76803, 34.1674], [-79.76791, 34.16813], [-79.76788, 34.16834], [-79.76787, 34.1684], [-79.7673, 34.1685], [-79.76726, 34.16851], [-79.7672, 34.16849], [-79.7672, 34.16847], [-79.76719, 34.16845], [-79.76711, 34.16804], [-79.76709, 34.16786], [-79.76709, 34.16782], [-79.76695, 34.16782], [-79.76641, 34.16783], [-79.76644, 34.16812], [-79.7662, 34.16814], [-79.76606, 34.16816], [-79.76572, 34.16821], [-79.76573, 34.16832], [-79.76577, 34.1685], [-79.76581, 34.16866], [-79.76582, 34.16873], [-79.76591, 34.16912], [-79.76621, 34.17012], [-79.7663, 34.17012], [-79.76664, 34.1701], [-79.76677, 34.17009], [-79.76704, 34.17004], [-79.76726, 34.16998], [-79.76759, 34.16988], [-79.7675, 34.16956], [-79.769, 34.16975], [-79.76902, 34.17011], [-79.76903, 34.17036], [-79.769, 34.17041], [-79.76899, 34.17044], [-79.76896, 34.17048], [-79.76895, 34.17049], [-79.76884, 34.17057], [-79.76883, 34.17058], [-79.76879, 34.17062], [-79.76875, 34.17065], [-79.76863, 34.17074], [-79.7686, 34.17077], [-79.76858, 34.1708], [-79.76855, 34.17083], [-79.76853, 34.17088], [-79.7685, 34.1709], [-79.76843, 34.17097], [-79.7684, 34.17102], [-79.7683, 34.17118], [-79.76829, 34.1712], [-79.76824, 34.17139], [-79.76824, 34.17173], [-79.76822, 34.17204], [-79.76824, 34.17217], [-79.76826, 34.17227], [-79.76826, 34.17239], [-79.76826, 34.17256], [-79.76827, 34.17273], [-79.76827, 34.17288], [-79.76824, 34.173], [-79.76819, 34.17308], [-79.76812, 34.17313], [-79.76799, 34.17316], [-79.76787, 34.17323], [-79.76779, 34.17328], [-79.76744, 34.17334], [-79.76733, 34.17336], [-79.7672, 34.17337], [-79.76706, 34.17337], [-79.767, 34.17336], [-79.76677, 34.17332], [-79.7665, 34.17235], [-79.76634, 34.17179], [-79.76633, 34.17175], [-79.76632, 34.17172], [-79.76602, 34.17177], [-79.76568, 34.17184], [-79.76516, 34.17196], [-79.76502, 34.17148], [-79.76485, 34.17088], [-79.76466, 34.1702], [-79.76474, 34.17018], [-79.76493, 34.17014], [-79.76513, 34.17009], [-79.76542, 34.17003], [-79.76533, 34.16971], [-79.76504, 34.16977], [-79.76471, 34.16983], [-79.76456, 34.16987], [-79.76452, 34.1697], [-79.76441, 34.1693], [-79.76433, 34.16903], [-79.76425, 34.16875], [-79.76417, 34.16836], [-79.76414, 34.16813], [-79.76412, 34.16799], [-79.76412, 34.16782], [-79.76413, 34.16762], [-79.76417, 34.16715], [-79.76419, 34.16699], [-79.76419, 34.16689], [-79.76429, 34.16641], [-79.76468, 34.16647], [-79.7654, 34.16654], [-79.76543, 34.16643], [-79.76565, 34.16578], [-79.76627, 34.16592], [-79.76663, 34.16487], [-79.7673, 34.16505], [-79.76773, 34.16386], [-79.76797, 34.16319], [-79.7677, 34.16314], [-79.76556, 34.16276], [-79.76567, 34.16248], [-79.76568, 34.16243], [-79.7657, 34.16238], [-79.76572, 34.16232], [-79.7658, 34.1621], [-79.76583, 34.16203], [-79.76503, 34.16184], [-79.76469, 34.16175], [-79.76472, 34.16158], [-79.76474, 34.16148], [-79.76394, 34.16128], [-79.76398, 34.16112], [-79.76422, 34.16078], [-79.76358, 34.16062], [-79.76215, 34.16027], [-79.7617, 34.16016], [-79.76097, 34.15998], [-79.76096, 34.15983], [-79.76094, 34.1596], [-79.76093, 34.1594], [-79.76087, 34.15866], [-79.76082, 34.1579], [-79.76082, 34.15787], [-79.76304, 34.15836], [-79.76316, 34.15794], [-79.76317, 34.15789], [-79.76318, 34.15784], [-79.76299, 34.15781], [-79.76301, 34.15776], [-79.7631, 34.15737], [-79.76302, 34.15736], [-79.76284, 34.15734], [-79.76277, 34.15733], [-79.76266, 34.15732], [-79.76257, 34.15731], [-79.76241, 34.15729], [-79.76206, 34.15725], [-79.76199, 34.15761], [-79.76186, 34.15759], [-79.76182, 34.15758], [-79.76173, 34.15757], [-79.76163, 34.15755], [-79.76159, 34.15755], [-79.76156, 34.15754], [-79.76154, 34.15753], [-79.76152, 34.15752], [-79.7615, 34.15749], [-79.7615, 34.15748], [-79.76149, 34.15746], [-79.76141, 34.15745], [-79.76135, 34.15744], [-79.76126, 34.15761], [-79.76081, 34.15755], [-79.7608, 34.15754], [-79.76079, 34.15747], [-79.76094, 34.15716], [-79.76104, 34.15693], [-79.76135, 34.15628], [-79.76145, 34.15628], [-79.76189, 34.15631], [-79.76257, 34.15636], [-79.76252, 34.15688], [-79.76252, 34.15693], [-79.7628, 34.15695], [-79.76281, 34.1569], [-79.76281, 34.15684], [-79.76286, 34.15638], [-79.76343, 34.15642], [-79.76488, 34.15652], [-79.7658, 34.15658], [-79.76641, 34.15663], [-79.76659, 34.15664], [-79.76688, 34.15667], [-79.76759, 34.15672], [-79.76771, 34.15673], [-79.76775, 34.15661], [-79.76783, 34.15639], [-79.76788, 34.15626], [-79.76796, 34.15604], [-79.76798, 34.15598], [-79.76793, 34.15598], [-79.76706, 34.15581], [-79.76687, 34.15578], [-79.76666, 34.15574], [-79.76669, 34.15553], [-79.76672, 34.15542], [-79.76673, 34.15533], [-79.76672, 34.15533], [-79.7668, 34.15489], [-79.76634, 34.15483], [-79.76574, 34.15474], [-79.76491, 34.15463], [-79.76497, 34.15434], [-79.76406, 34.15423], [-79.76415, 34.15377], [-79.76342, 34.15367], [-79.76352, 34.15323], [-79.76352, 34.15318], [-79.76354, 34.1531], [-79.76394, 34.15316], [-79.76406, 34.15318], [-79.76435, 34.15322], [-79.76441, 34.15323], [-79.76448, 34.15324], [-79.76449, 34.15319], [-79.76458, 34.15274], [-79.76459, 34.1527], [-79.76486, 34.15274], [-79.76491, 34.15275], [-79.7649, 34.15281], [-79.76481, 34.15323], [-79.76477, 34.15322], [-79.76477, 34.15324], [-79.76461, 34.15321], [-79.7646, 34.15325], [-79.76449, 34.15376], [-79.76448, 34.1538], [-79.76458, 34.15381], [-79.76478, 34.15384], [-79.76492, 34.15386], [-79.76498, 34.15387], [-79.76508, 34.15389], [-79.76517, 34.1534], [-79.76518, 34.15334], [-79.7652, 34.15328], [-79.76511, 34.15327], [-79.7652, 34.15283], [-79.76521, 34.15278], [-79.7654, 34.15281], [-79.7655, 34.15283], [-79.76549, 34.15289], [-79.7654, 34.15331], [-79.76539, 34.15337], [-79.76538, 34.15342], [-79.76547, 34.15344], [-79.76537, 34.15393], [-79.76548, 34.15395], [-79.76574, 34.15399], [-79.76603, 34.15403], [-79.76632, 34.15407], [-79.76644, 34.15408], [-79.76771, 34.15427], [-79.76775, 34.15424], [-79.76768, 34.15419], [-79.76764, 34.15415], [-79.76755, 34.15404], [-79.76752, 34.154], [-79.7674, 34.15387], [-79.76728, 34.15374], [-79.76721, 34.15369], [-79.76713, 34.15365], [-79.76704, 34.15362], [-79.76692, 34.1536], [-79.76704, 34.15305], [-79.76715, 34.15307], [-79.76724, 34.15308], [-79.76884, 34.15331], [-79.76892, 34.15332], [-79.76889, 34.15339], [-79.76889, 34.1534], [-79.76885, 34.1535], [-79.77011, 34.15382], [-79.77049, 34.15388], [-79.7707, 34.15391], [-79.77074, 34.15391], [-79.77079, 34.15392], [-79.77091, 34.15372], [-79.77125, 34.15317], [-79.77003, 34.15301], [-79.7701, 34.15281], [-79.76914, 34.15268], [-79.76937, 34.15205], [-79.76945, 34.15182], [-79.76966, 34.15122], [-79.76988, 34.15061], [-79.76989, 34.15056], [-79.77002, 34.15009], [-79.76998, 34.15007], [-79.76994, 34.15006], [-79.76958, 34.14997], [-79.76821, 34.14962], [-79.76839, 34.14909], [-79.76843, 34.14899], [-79.76846, 34.14889], [-79.76852, 34.14873], [-79.76519, 34.14801], [-79.7643, 34.14781], [-79.76378, 34.14803], [-79.7631, 34.14833], [-79.76308, 34.14831], [-79.76305, 34.14827], [-79.76301, 34.14824], [-79.76298, 34.1482], [-79.76294, 34.14817], [-79.76289, 34.14815], [-79.76284, 34.14812], [-79.76279, 34.14811], [-79.76261, 34.14804], [-79.76255, 34.14802], [-79.76233, 34.14795], [-79.76228, 34.14807], [-79.76211, 34.14841], [-79.76189, 34.14886], [-79.76163, 34.14896], [-79.76158, 34.14906], [-79.76001, 34.14968], [-79.75995, 34.14971], [-79.75888, 34.15013], [-79.75628, 34.15683], [-79.7561, 34.15727], [-79.75554, 34.15722], [-79.75496, 34.15717], [-79.75466, 34.15799], [-79.75462, 34.15799], [-79.75412, 34.15776], [-79.75393, 34.15764], [-79.75376, 34.15747], [-79.7538, 34.15737], [-79.7539, 34.15712], [-79.75379, 34.15711], [-79.75368, 34.1571], [-79.75336, 34.15708], [-79.753, 34.15705], [-79.75307, 34.15688], [-79.75324, 34.15646], [-79.75351, 34.15575], [-79.75382, 34.15492], [-79.75384, 34.15485], [-79.75393, 34.15458], [-79.75396, 34.1545], [-79.75421, 34.15372], [-79.75443, 34.15305], [-79.75462, 34.15261], [-79.75465, 34.15254], [-79.7548, 34.15222], [-79.75509, 34.15228], [-79.75544, 34.15236], [-79.75552, 34.15239], [-79.75563, 34.15243], [-79.75575, 34.15217], [-79.75564, 34.15213], [-79.75556, 34.15211], [-79.7552, 34.15202], [-79.75491, 34.15196], [-79.75509, 34.15145], [-79.75444, 34.15125], [-79.75446, 34.15122], [-79.75454, 34.15109], [-79.75464, 34.15096], [-79.75475, 34.15078], [-79.75504, 34.15042], [-79.7551, 34.15033], [-79.75502, 34.15019], [-79.75495, 34.15004], [-79.75494, 34.14997], [-79.75493, 34.14989], [-79.75488, 34.14989], [-79.75481, 34.14989], [-79.75478, 34.14989], [-79.75433, 34.14989], [-79.7543, 34.14989], [-79.75419, 34.14989], [-79.75418, 34.14934], [-79.75429, 34.14935], [-79.75479, 34.14935], [-79.75488, 34.1493], [-79.75499, 34.14925], [-79.75502, 34.14839], [-79.75503, 34.14806], [-79.75503, 34.14798], [-79.75555, 34.14796], [-79.75619, 34.14795], [-79.75824, 34.1479], [-79.75966, 34.14787], [-79.75964, 34.14762], [-79.75963, 34.14751], [-79.75962, 34.14722], [-79.75956, 34.14632], [-79.75945, 34.1447], [-79.75937, 34.14334], [-79.75925, 34.14139], [-79.7592, 34.14073], [-79.75914, 34.13979], [-79.75913, 34.13963], [-79.75716, 34.13916], [-79.75674, 34.13905], [-79.75581, 34.13896], [-79.7551, 34.13898], [-79.75497, 34.13895], [-79.7528, 34.13893], [-79.75164, 34.13925], [-79.7509, 34.13969], [-79.75045, 34.13997], [-79.75037, 34.14018], [-79.75019, 34.14056], [-79.74941, 34.1407], [-79.74935, 34.1407], [-79.74865, 34.1409], [-79.74822, 34.14105], [-79.74779, 34.14127], [-79.74741, 34.14148], [-79.74728, 34.14155], [-79.74708, 34.14163], [-79.74692, 34.14173], [-79.74689, 34.14178], [-79.7463, 34.14212], [-79.74602, 34.14233], [-79.74599, 34.14235], [-79.74532, 34.14284], [-79.74533, 34.14259], [-79.74535, 34.14183], [-79.74537, 34.14103], [-79.74538, 34.1405], [-79.7454, 34.14024], [-79.74542, 34.14], [-79.74547, 34.13941], [-79.74549, 34.13906], [-79.74499, 34.13908], [-79.74496, 34.13882], [-79.74493, 34.13852], [-79.74489, 34.13824], [-79.74486, 34.13797], [-79.74483, 34.1377], [-79.74481, 34.13761], [-79.74479, 34.13742], [-79.74478, 34.13733], [-79.74475, 34.13715], [-79.74471, 34.13688], [-79.7447, 34.13675], [-79.74468, 34.1366], [-79.74463, 34.13626], [-79.74457, 34.13627], [-79.74431, 34.13631], [-79.7442, 34.13632], [-79.74384, 34.13637], [-79.74378, 34.13638], [-79.74373, 34.13639], [-79.74374, 34.13648], [-79.74374, 34.13664], [-79.74381, 34.13665], [-79.74385, 34.13665], [-79.74393, 34.13667], [-79.74403, 34.13671], [-79.74412, 34.13674], [-79.74417, 34.13677], [-79.74415, 34.13684], [-79.74408, 34.13702], [-79.74406, 34.13707], [-79.74396, 34.13734], [-79.74364, 34.13786], [-79.74355, 34.13809], [-79.74343, 34.13829], [-79.74327, 34.13841], [-79.74297, 34.1387], [-79.7429, 34.13879], [-79.7429, 34.13885], [-79.74292, 34.13913], [-79.74295, 34.13939], [-79.74297, 34.13953], [-79.74301, 34.13992], [-79.74291, 34.14017], [-79.74272, 34.14049], [-79.74257, 34.1403], [-79.74251, 34.14024], [-79.74237, 34.14007], [-79.74198, 34.13958], [-79.74153, 34.13906], [-79.74116, 34.13861], [-79.74099, 34.13841], [-79.74079, 34.13817], [-79.74017, 34.13744], [-79.74003, 34.13728], [-79.73997, 34.13722], [-79.73991, 34.13714], [-79.73989, 34.13712], [-79.73985, 34.13707], [-79.73983, 34.13703], [-79.73969, 34.13673], [-79.73955, 34.13644], [-79.73921, 34.13575], [-79.7392, 34.13573], [-79.73913, 34.13561], [-79.73821, 34.13372], [-79.73828, 34.1337], [-79.73992, 34.1331], [-79.73843, 34.13001], [-79.73833, 34.13005], [-79.73824, 34.12986], [-79.73797, 34.12932], [-79.73674, 34.12988], [-79.73603, 34.13021], [-79.7361, 34.13222], [-79.7361, 34.13254], [-79.7361, 34.13264], [-79.7361, 34.13326], [-79.7361, 34.13335], [-79.73609, 34.13387], [-79.73605, 34.13587], [-79.73615, 34.13599], [-79.73624, 34.13613], [-79.73634, 34.13628], [-79.7365, 34.13659], [-79.73672, 34.13699], [-79.73693, 34.1374], [-79.73748, 34.13846], [-79.73762, 34.13865], [-79.73784, 34.13847], [-79.73808, 34.1383], [-79.73845, 34.13806], [-79.7388, 34.13783], [-79.7392, 34.1376], [-79.73949, 34.13741], [-79.73955, 34.13737], [-79.73915, 34.13646], [-79.73903, 34.13618], [-79.73928, 34.13602], [-79.73987, 34.13713], [-79.73988, 34.13716], [-79.74195, 34.13963], [-79.7424, 34.14016], [-79.74249, 34.14027], [-79.7427, 34.14053], [-79.74282, 34.14065], [-79.74302, 34.14089], [-79.7433, 34.14121], [-79.74343, 34.14138], [-79.74369, 34.1417], [-79.74473, 34.14292], [-79.74479, 34.14301], [-79.74487, 34.14308], [-79.74488, 34.14309], [-79.7449, 34.14311], [-79.74491, 34.14312], [-79.7449, 34.14313], [-79.74471, 34.14328], [-79.74468, 34.1433], [-79.74455, 34.1434], [-79.74444, 34.1436], [-79.74442, 34.14364], [-79.74438, 34.1437], [-79.74438, 34.14374], [-79.74437, 34.14376], [-79.74436, 34.14392], [-79.74423, 34.14405], [-79.74417, 34.14411], [-79.74396, 34.14426], [-79.74371, 34.1444], [-79.74356, 34.14446], [-79.74347, 34.14451], [-79.74319, 34.14472], [-79.74318, 34.14473], [-79.74308, 34.14489], [-79.74299, 34.14505], [-79.7429, 34.14521], [-79.74285, 34.14524], [-79.74259, 34.14542], [-79.741, 34.14648], [-79.73976, 34.14731], [-79.73849, 34.14823], [-79.73801, 34.14857], [-79.73785, 34.14869], [-79.73738, 34.14902], [-79.73699, 34.1493], [-79.73594, 34.14771], [-79.73519, 34.14655], [-79.73488, 34.14608], [-79.7348, 34.14611], [-79.7347, 34.14615], [-79.7346, 34.1462], [-79.73366, 34.14659], [-79.73361, 34.14662], [-79.73304, 34.1457], [-79.73273, 34.14524], [-79.73165, 34.14361], [-79.73154, 34.14344], [-79.73149, 34.14348], [-79.7314, 34.14339], [-79.73136, 34.14334], [-79.7311, 34.14294], [-79.73262, 34.14181], [-79.7311, 34.13942], [-79.73107, 34.13943], [-79.72933, 34.14022], [-79.72944, 34.14039], [-79.72973, 34.14085], [-79.72979, 34.14094], [-79.73012, 34.14144], [-79.73013, 34.14146], [-79.73014, 34.14148], [-79.73069, 34.14123], [-79.73087, 34.14115], [-79.73119, 34.14164], [-79.731, 34.14172], [-79.73054, 34.14193], [-79.73052, 34.14194], [-79.73046, 34.14197], [-79.73039, 34.14201], [-79.72816, 34.14332], [-79.72726, 34.14386], [-79.72727, 34.14388], [-79.72802, 34.1451], [-79.72822, 34.14542], [-79.72847, 34.14582], [-79.72873, 34.14625], [-79.72901, 34.14669], [-79.72946, 34.14744], [-79.72968, 34.14779], [-79.73015, 34.14856], [-79.73021, 34.14865], [-79.73029, 34.14878], [-79.73037, 34.1489], [-79.73046, 34.14905], [-79.73073, 34.14944], [-79.7309, 34.14966], [-79.73118, 34.14998], [-79.73148, 34.15027], [-79.73173, 34.15048], [-79.7319, 34.15062], [-79.73202, 34.15069], [-79.73216, 34.1508], [-79.73251, 34.15101], [-79.73288, 34.1512], [-79.73343, 34.15146], [-79.73457, 34.15195], [-79.73466, 34.15199], [-79.73473, 34.15202], [-79.73504, 34.15216], [-79.7348, 34.1523], [-79.73319, 34.15343], [-79.73279, 34.15372], [-79.73411, 34.15564], [-79.73189, 34.1568], [-79.7303, 34.15763], [-79.72915, 34.15595], [-79.72903, 34.15578], [-79.72895, 34.15566], [-79.72812, 34.15445], [-79.72769, 34.15378], [-79.72719, 34.153], [-79.72704, 34.15276], [-79.72677, 34.15243], [-79.72672, 34.15232], [-79.72656, 34.15197], [-79.72626, 34.15134], [-79.72625, 34.15129], [-79.72602, 34.15099], [-79.72513, 34.15008], [-79.7243, 34.14926], [-79.72337, 34.14977], [-79.72231, 34.14815], [-79.72225, 34.14804], [-79.72219, 34.14805], [-79.72216, 34.14805], [-79.72204, 34.14807], [-79.72177, 34.14811], [-79.72167, 34.14813], [-79.72118, 34.14816], [-79.72089, 34.14818], [-79.72056, 34.14821], [-79.72043, 34.14822], [-79.72022, 34.14823], [-79.71934, 34.14829], [-79.71914, 34.1483], [-79.71871, 34.14834], [-79.71876, 34.14863], [-79.71878, 34.14881], [-79.71878, 34.14885], [-79.7188, 34.14899], [-79.71882, 34.14905], [-79.71806, 34.14908], [-79.71773, 34.1491], [-79.71779, 34.14971], [-79.71797, 34.15188], [-79.71811, 34.15322], [-79.71818, 34.1538], [-79.71817, 34.15404], [-79.71825, 34.15489], [-79.7184, 34.15641], [-79.71843, 34.15656], [-79.71848, 34.15685], [-79.71849, 34.15689], [-79.71858, 34.15768], [-79.71861, 34.15799], [-79.71864, 34.15834], [-79.72029, 34.16093], [-79.72024, 34.16098], [-79.72021, 34.16113], [-79.72064, 34.16174], [-79.72132, 34.16229], [-79.72149, 34.16266], [-79.7216, 34.16279], [-79.72173, 34.16313], [-79.72184, 34.16313], [-79.72247, 34.16315], [-79.7231, 34.16322], [-79.72322, 34.16324], [-79.72327, 34.16302], [-79.72335, 34.16256], [-79.72351, 34.1626], [-79.7237, 34.16264], [-79.72355, 34.16308], [-79.72348, 34.16329], [-79.72373, 34.16335], [-79.72421, 34.16348], [-79.72471, 34.16366], [-79.72534, 34.16395], [-79.7258, 34.16419], [-79.72659, 34.16459], [-79.72703, 34.16483], [-79.72796, 34.1653], [-79.72827, 34.16545], [-79.72889, 34.16575], [-79.72894, 34.16577], [-79.72911, 34.16586], [-79.72913, 34.16587], [-79.72917, 34.16589], [-79.7293, 34.1657], [-79.72937, 34.16556], [-79.72943, 34.16546], [-79.7294, 34.16533], [-79.72927, 34.16511], [-79.72915, 34.1649], [-79.72904, 34.16476], [-79.72889, 34.16455], [-79.72871, 34.16432], [-79.72833, 34.16385], [-79.72809, 34.16355], [-79.72774, 34.16313], [-79.72751, 34.16283], [-79.72745, 34.16277], [-79.72715, 34.16239], [-79.72678, 34.16194], [-79.72666, 34.16178], [-79.72648, 34.16156], [-79.72612, 34.16112], [-79.72595, 34.1609], [-79.72554, 34.16053], [-79.72553, 34.16052], [-79.72509, 34.16003], [-79.72477, 34.15924], [-79.72395, 34.15754], [-79.72505, 34.15746], [-79.72661, 34.15766], [-79.72686, 34.15769], [-79.72742, 34.158], [-79.72767, 34.15814], [-79.728, 34.15831], [-79.72844, 34.15848], [-79.72866, 34.15857], [-79.72868, 34.15857], [-79.73019, 34.15778], [-79.73424, 34.15567], [-79.73416, 34.15555], [-79.73291, 34.15374], [-79.73325, 34.1535], [-79.73333, 34.15345], [-79.73511, 34.15219], [-79.7352, 34.15223], [-79.73545, 34.15235], [-79.73561, 34.15241], [-79.7359, 34.15255], [-79.7365, 34.15281], [-79.7368, 34.15238], [-79.73693, 34.15218], [-79.73716, 34.15187], [-79.73733, 34.15164], [-79.73741, 34.15155], [-79.7375, 34.15147], [-79.73761, 34.15138], [-79.73771, 34.15129], [-79.73798, 34.15114], [-79.73791, 34.15109], [-79.73789, 34.15101], [-79.73787, 34.15097], [-79.73785, 34.15091], [-79.73772, 34.15056], [-79.73776, 34.15054], [-79.73781, 34.15052], [-79.73784, 34.15051], [-79.73832, 34.15032], [-79.73843, 34.15027], [-79.73946, 34.15014], [-79.73974, 34.14992], [-79.74002, 34.14968], [-79.74025, 34.14948], [-79.74048, 34.14928], [-79.74071, 34.14909], [-79.74095, 34.1489], [-79.74118, 34.1487], [-79.74141, 34.14851], [-79.74153, 34.14841], [-79.74162, 34.14831], [-79.7418, 34.14809], [-79.74199, 34.14786], [-79.74212, 34.14762], [-79.74224, 34.1474], [-79.74243, 34.14704], [-79.74265, 34.14664], [-79.74269, 34.14658], [-79.7429, 34.1462], [-79.74343, 34.1457], [-79.74353, 34.1456], [-79.74356, 34.14558], [-79.74379, 34.14542], [-79.74402, 34.14526], [-79.74445, 34.14545], [-79.74478, 34.14548], [-79.74521, 34.14538], [-79.74554, 34.14555], [-79.74552, 34.14617], [-79.74599, 34.14616], [-79.74625, 34.14616], [-79.74625, 34.14642], [-79.74625, 34.14654], [-79.74611, 34.14654], [-79.74556, 34.14655], [-79.74557, 34.14681], [-79.74596, 34.14681], [-79.74611, 34.14681], [-79.74625, 34.14681], [-79.74627, 34.14753], [-79.74628, 34.14796], [-79.74615, 34.14796], [-79.74588, 34.14797], [-79.74559, 34.14797], [-79.74499, 34.14798], [-79.74489, 34.14798], [-79.74481, 34.14798], [-79.74427, 34.14799], [-79.74381, 34.14799], [-79.74351, 34.148], [-79.74348, 34.14806], [-79.74345, 34.14814], [-79.74318, 34.14853], [-79.74311, 34.14864], [-79.74295, 34.14889], [-79.74289, 34.14898], [-79.7428, 34.14905], [-79.74272, 34.14913], [-79.74258, 34.14924], [-79.74245, 34.14935], [-79.74219, 34.14956], [-79.74213, 34.14962], [-79.74209, 34.14967], [-79.74216, 34.14973], [-79.74221, 34.14978], [-79.74228, 34.14985], [-79.74235, 34.14993], [-79.7424, 34.15001], [-79.74243, 34.15005], [-79.74246, 34.1501], [-79.74251, 34.15018], [-79.74254, 34.15025], [-79.74258, 34.15034], [-79.74273, 34.15072], [-79.74278, 34.15086], [-79.74281, 34.15093], [-79.74282, 34.15096], [-79.74284, 34.15101], [-79.74288, 34.15108], [-79.74314, 34.15101], [-79.74346, 34.15092], [-79.74377, 34.15084], [-79.74378, 34.15086], [-79.74395, 34.15131], [-79.7441, 34.15127], [-79.74426, 34.15122], [-79.74409, 34.15078], [-79.74408, 34.15075], [-79.7444, 34.15066], [-79.74458, 34.15115], [-79.74461, 34.15114], [-79.74486, 34.15107], [-79.74468, 34.1505], [-79.74503, 34.1504], [-79.74521, 34.15035], [-79.74531, 34.15032], [-79.74535, 34.15043], [-79.74552, 34.15088], [-79.74581, 34.1508], [-79.74626, 34.15068], [-79.74705, 34.15046], [-79.74705, 34.15055], [-79.74705, 34.15081], [-79.74705, 34.15101], [-79.74705, 34.15125], [-79.74705, 34.15145], [-79.74706, 34.15164], [-79.74706, 34.15173], [-79.74706, 34.15183], [-79.74708, 34.15225], [-79.74708, 34.15296], [-79.74709, 34.15308], [-79.74762, 34.1531], [-79.7482, 34.15313], [-79.74866, 34.15315], [-79.74943, 34.15319], [-79.74962, 34.15356], [-79.75006, 34.15341], [-79.75017, 34.15338], [-79.7503, 34.15333], [-79.75041, 34.1533], [-79.75081, 34.15314], [-79.7509, 34.15359], [-79.75091, 34.15363], [-79.75092, 34.15371], [-79.75099, 34.15406], [-79.7504, 34.15414], [-79.75044, 34.15436], [-79.75045, 34.15441], [-79.75055, 34.1544], [-79.75059, 34.15439], [-79.75103, 34.15433], [-79.75106, 34.15444], [-79.75109, 34.15466], [-79.75113, 34.15487], [-79.75064, 34.15494], [-79.75054, 34.15495], [-79.75056, 34.15505], [-79.75056, 34.15511], [-79.75056, 34.15518], [-79.75066, 34.15523], [-79.75075, 34.15527], [-79.75119, 34.1552], [-79.75126, 34.15559], [-79.75131, 34.1559], [-79.75121, 34.1559], [-79.75109, 34.15591], [-79.75072, 34.15658], [-79.75067, 34.15667], [-79.75061, 34.15665], [-79.75012, 34.15655], [-79.74989, 34.1565], [-79.74986, 34.15658], [-79.74964, 34.15707], [-79.74957, 34.15722], [-79.74988, 34.15732], [-79.75026, 34.15744], [-79.75009, 34.15783], [-79.75013, 34.15784], [-79.75029, 34.15789], [-79.75045, 34.15794], [-79.75074, 34.15802], [-79.75092, 34.15807], [-79.75057, 34.15891], [-79.75027, 34.15961], [-79.75017, 34.15986], [-79.7501, 34.16003], [-79.75004, 34.16001], [-79.74965, 34.15988], [-79.7495, 34.15983], [-79.74923, 34.15975], [-79.74916, 34.15992], [-79.74902, 34.16025], [-79.74854, 34.16131], [-79.74882, 34.16139], [-79.749, 34.16144], [-79.7492, 34.1615], [-79.74942, 34.16157], [-79.74877, 34.16305], [-79.74844, 34.16381], [-79.74786, 34.16509], [-79.74747, 34.16594], [-79.74715, 34.16666], [-79.747, 34.16699], [-79.74662, 34.16718], [-79.74651, 34.16724], [-79.74631, 34.16733], [-79.74597, 34.16751], [-79.74578, 34.1676], [-79.74557, 34.16771], [-79.74492, 34.16743], [-79.74494, 34.1674], [-79.74587, 34.16529], [-79.74613, 34.1647], [-79.74619, 34.16456], [-79.74618, 34.16456], [-79.74534, 34.16431], [-79.74386, 34.16385], [-79.74377, 34.16382], [-79.74375, 34.1638], [-79.74374, 34.16378], [-79.74373, 34.16375], [-79.74271, 34.16343], [-79.7433, 34.16208], [-79.74332, 34.16203], [-79.74506, 34.15808], [-79.74494, 34.15809], [-79.7447, 34.15817], [-79.7445, 34.1583], [-79.74434, 34.15849], [-79.74417, 34.15858], [-79.7441, 34.15859], [-79.74375, 34.15938], [-79.74287, 34.15911], [-79.74267, 34.15905], [-79.7426, 34.15903], [-79.74257, 34.15911], [-79.74264, 34.15913], [-79.74268, 34.15914], [-79.74372, 34.15945], [-79.74343, 34.16011], [-79.74232, 34.15977], [-79.74215, 34.16015], [-79.74211, 34.16023], [-79.74148, 34.16004], [-79.74142, 34.16003], [-79.74161, 34.15959], [-79.74163, 34.15954], [-79.74138, 34.15945], [-79.74092, 34.15934], [-79.74017, 34.16104], [-79.73965, 34.16222], [-79.73961, 34.16233], [-79.73956, 34.16244], [-79.73951, 34.16255], [-79.73872, 34.16435], [-79.73841, 34.16506], [-79.73875, 34.16519], [-79.73904, 34.16535], [-79.73922, 34.16549], [-79.7395, 34.16563], [-79.73973, 34.16564], [-79.73983, 34.16565], [-79.74036, 34.1659], [-79.741, 34.16623], [-79.74105, 34.16626], [-79.74108, 34.16628], [-79.74129, 34.16643], [-79.7413, 34.16644], [-79.74135, 34.16648], [-79.74156, 34.16662], [-79.74189, 34.16685], [-79.74245, 34.16691], [-79.74284, 34.16698], [-79.74275, 34.16746], [-79.74315, 34.16775], [-79.74349, 34.16843], [-79.74349, 34.16883], [-79.74349, 34.16904], [-79.74351, 34.16918], [-79.74348, 34.16969], [-79.74347, 34.17306], [-79.74285, 34.17301], [-79.74278, 34.17283], [-79.74268, 34.17283], [-79.74251, 34.17283], [-79.74252, 34.17297], [-79.74252, 34.1731], [-79.74253, 34.17331], [-79.74264, 34.17611], [-79.74269, 34.17746], [-79.74272, 34.17803], [-79.74274, 34.17826], [-79.74283, 34.17826], [-79.7433, 34.17827], [-79.7433, 34.17831], [-79.74331, 34.17844], [-79.74332, 34.17851], [-79.74341, 34.1785], [-79.74342, 34.17849], [-79.74343, 34.17847], [-79.74343, 34.17846], [-79.74347, 34.17844], [-79.74348, 34.17844], [-79.74351, 34.17843], [-79.74356, 34.17842], [-79.74401, 34.17843], [-79.74424, 34.17842], [-79.74455, 34.17842], [-79.74459, 34.17843], [-79.74462, 34.17845], [-79.74463, 34.17847], [-79.74475, 34.17844], [-79.74474, 34.17822], [-79.74522, 34.17821], [-79.74524, 34.17821], [-79.74524, 34.17796], [-79.74523, 34.17721], [-79.74522, 34.17641], [-79.74518, 34.17382], [-79.74518, 34.17347], [-79.74821, 34.17379], [-79.7483, 34.1738], [-79.75044, 34.1739], [-79.75067, 34.17391], [-79.75071, 34.17391], [-79.75072, 34.17418], [-79.75067, 34.17435], [-79.75056, 34.17448], [-79.75087, 34.17448], [-79.75085, 34.17452], [-79.75087, 34.17453], [-79.75091, 34.17455], [-79.75088, 34.17462], [-79.75085, 34.17473], [-79.75083, 34.17488], [-79.75082, 34.17519], [-79.75085, 34.17557], [-79.75088, 34.17579], [-79.75101, 34.17694], [-79.75101, 34.17704], [-79.75103, 34.17721], [-79.75103, 34.17734], [-79.75102, 34.17759], [-79.7509, 34.17879], [-79.7509, 34.17895], [-79.75092, 34.17912], [-79.75103, 34.17997], [-79.75113, 34.18053], [-79.75119, 34.18084], [-79.75132, 34.18132], [-79.75137, 34.18152], [-79.7514, 34.1817], [-79.75142, 34.18199], [-79.75141, 34.18215], [-79.75141, 34.18242], [-79.75141, 34.18261], [-79.7514, 34.18284], [-79.75141, 34.18308], [-79.75142, 34.18317], [-79.75143, 34.18329], [-79.75145, 34.18358], [-79.7515, 34.18387], [-79.75139, 34.18386], [-79.7514, 34.18407], [-79.7514, 34.18438], [-79.75133, 34.18438], [-79.75123, 34.18437], [-79.75123, 34.18427], [-79.75122, 34.18411], [-79.75122, 34.18393], [-79.75123, 34.18387], [-79.75123, 34.18385], [-79.75052, 34.1838], [-79.75003, 34.18376], [-79.74998, 34.18426], [-79.74983, 34.18425], [-79.7495, 34.18422], [-79.74933, 34.18421], [-79.74917, 34.1842], [-79.74901, 34.18418], [-79.74843, 34.18414], [-79.74835, 34.18414], [-79.7484, 34.18364], [-79.74834, 34.18364], [-79.74826, 34.18363], [-79.74826, 34.1837], [-79.74825, 34.18382], [-79.74823, 34.18404], [-79.74822, 34.18431], [-79.74796, 34.18437], [-79.74703, 34.1846], [-79.74584, 34.18491], [-79.74481, 34.18518], [-79.74482, 34.1852], [-79.74491, 34.18528], [-79.74509, 34.18542], [-79.74512, 34.18543], [-79.74516, 34.18545], [-79.74521, 34.18547], [-79.7453, 34.18549], [-79.74536, 34.18549], [-79.74547, 34.18547], [-79.7456, 34.18544], [-79.74576, 34.18536], [-79.74601, 34.18533], [-79.74616, 34.18532], [-79.74638, 34.18524], [-79.74669, 34.18517], [-79.7468, 34.18517], [-79.74685, 34.18515], [-79.74697, 34.18514], [-79.74709, 34.18512], [-79.74745, 34.18511], [-79.74748, 34.18514], [-79.74755, 34.18516], [-79.74798, 34.18515], [-79.74816, 34.18513], [-79.74824, 34.18513], [-79.74835, 34.18512], [-79.74842, 34.18512], [-79.74846, 34.18513], [-79.74848, 34.18513], [-79.74851, 34.18513], [-79.74858, 34.18514], [-79.74861, 34.18515], [-79.74867, 34.18517], [-79.74876, 34.18516], [-79.74888, 34.18515], [-79.7488, 34.18533], [-79.74872, 34.18551], [-79.74867, 34.18563], [-79.74864, 34.18568], [-79.74966, 34.186], [-79.7505, 34.18624], [-79.75049, 34.18629], [-79.75049, 34.18635], [-79.75039, 34.18644], [-79.7503, 34.18658], [-79.75016, 34.18672], [-79.75002, 34.18695], [-79.75, 34.18702], [-79.74994, 34.18714], [-79.74985, 34.18737], [-79.74984, 34.18755], [-79.74981, 34.18761], [-79.74981, 34.18762], [-79.74988, 34.1879], [-79.75028, 34.18803], [-79.75037, 34.18806], [-79.75037, 34.18808], [-79.75035, 34.18813], [-79.75035, 34.18818], [-79.75036, 34.18822], [-79.75038, 34.18824], [-79.75016, 34.18857], [-79.75062, 34.18856], [-79.75102, 34.18854], [-79.7511, 34.18854], [-79.75111, 34.18861], [-79.75127, 34.1886], [-79.75126, 34.18853], [-79.75136, 34.18853], [-79.75171, 34.18851], [-79.75171, 34.18817], [-79.75177, 34.18817], [-79.75217, 34.18816], [-79.75218, 34.18844], [-79.75218, 34.18845], [-79.7522, 34.18858], [-79.7522, 34.18862], [-79.75247, 34.18861], [-79.75251, 34.18894], [-79.75308, 34.18892], [-79.75349, 34.1889], [-79.75349, 34.18904], [-79.75349, 34.1891], [-79.75341, 34.1891], [-79.75287, 34.18913], [-79.75266, 34.18914], [-79.75245, 34.18915], [-79.75232, 34.18915], [-79.75227, 34.18916], [-79.75227, 34.18922], [-79.75228, 34.18929], [-79.75235, 34.18929], [-79.75257, 34.18928], [-79.75286, 34.18927], [-79.75288, 34.18953], [-79.75269, 34.18954], [-79.75248, 34.18954], [-79.75234, 34.18955], [-79.75229, 34.18955], [-79.75231, 34.18984], [-79.75237, 34.18984], [-79.75254, 34.18983], [-79.75271, 34.18982], [-79.75289, 34.18981], [-79.75291, 34.18996], [-79.75272, 34.18995], [-79.75253, 34.18996], [-79.75237, 34.18996], [-79.75232, 34.18997], [-79.75234, 34.19027], [-79.75235, 34.19037], [-79.75225, 34.19037], [-79.75211, 34.19038], [-79.75188, 34.19039], [-79.75189, 34.19066], [-79.75179, 34.19066], [-79.75176, 34.19025], [-79.75113, 34.19027], [-79.75113, 34.19029], [-79.75113, 34.19033], [-79.75115, 34.19064], [-79.75116, 34.19078], [-79.7512, 34.19124], [-79.7512, 34.19129], [-79.75095, 34.1913], [-79.75068, 34.19131], [-79.75065, 34.19131], [-79.75064, 34.19118], [-79.75057, 34.19118], [-79.75045, 34.19118], [-79.75033, 34.19119], [-79.7502, 34.1912], [-79.75008, 34.1912], [-79.74997, 34.1912], [-79.74998, 34.1913], [-79.74998, 34.19134], [-79.74978, 34.19135], [-79.74965, 34.19136], [-79.74959, 34.19136], [-79.74943, 34.19137], [-79.74937, 34.19137], [-79.74938, 34.19144], [-79.74938, 34.1915], [-79.7494, 34.19151], [-79.74993, 34.19148], [-79.74994, 34.19162], [-79.75, 34.19162], [-79.7501, 34.19161], [-79.7506, 34.19159], [-79.75063, 34.19159], [-79.75067, 34.19159], [-79.75066, 34.19152], [-79.75066, 34.19145], [-79.75092, 34.19144], [-79.75097, 34.19144], [-79.75117, 34.19143], [-79.75121, 34.19143], [-79.75122, 34.19162], [-79.75123, 34.1917], [-79.7512, 34.19171], [-79.75061, 34.19172], [-79.75061, 34.19176], [-79.75062, 34.19187], [-79.75015, 34.19189], [-79.75002, 34.19189], [-79.75002, 34.19191], [-79.75003, 34.19203], [-79.75005, 34.19225], [-79.75005, 34.19266], [-79.75013, 34.19277], [-79.75019, 34.19277], [-79.75032, 34.19276], [-79.75035, 34.19317], [-79.7501, 34.19318], [-79.75007, 34.19318], [-79.75005, 34.19318], [-79.7497, 34.19319], [-79.74971, 34.19322], [-79.74971, 34.19328], [-79.74971, 34.1933], [-79.74933, 34.19332], [-79.74932, 34.19319], [-79.74931, 34.19311], [-79.7493, 34.19291], [-79.74929, 34.19285], [-79.74927, 34.1928], [-79.74926, 34.19277], [-79.74925, 34.1927], [-79.74933, 34.1927], [-79.74929, 34.19261], [-79.74927, 34.19234], [-79.74891, 34.19235], [-79.74881, 34.19235], [-79.7488, 34.19229], [-79.74879, 34.19222], [-79.74878, 34.19211], [-79.74878, 34.19203], [-79.74878, 34.1919], [-79.74877, 34.19179], [-79.74874, 34.19168], [-79.7487, 34.19156], [-79.74865, 34.19147], [-79.74857, 34.19138], [-79.74856, 34.19137], [-79.74842, 34.19126], [-79.74791, 34.19092], [-79.74772, 34.19079], [-79.74768, 34.19077], [-79.74765, 34.19074], [-79.74759, 34.19078], [-79.74721, 34.19094], [-79.74719, 34.19095], [-79.74645, 34.19128], [-79.74644, 34.19128], [-79.74636, 34.19136], [-79.74628, 34.19144], [-79.74621, 34.19151], [-79.74578, 34.19197], [-79.74543, 34.19233], [-79.74551, 34.19247], [-79.74567, 34.19276], [-79.74572, 34.19284], [-79.74565, 34.19293], [-79.74561, 34.19298], [-79.7456, 34.19301], [-79.7456, 34.19305], [-79.7456, 34.19309], [-79.7456, 34.19311], [-79.74562, 34.19317], [-79.74563, 34.19321], [-79.74564, 34.19327], [-79.74563, 34.19331], [-79.74561, 34.19334], [-79.7456, 34.19336], [-79.74556, 34.19342], [-79.74552, 34.19347], [-79.7455, 34.19352], [-79.74548, 34.19358], [-79.7454, 34.19371], [-79.74539, 34.19375], [-79.74539, 34.19379], [-79.74537, 34.19386], [-79.74533, 34.19393], [-79.7453, 34.19401], [-79.74529, 34.19405], [-79.74527, 34.19411], [-79.74523, 34.19416], [-79.7452, 34.19424], [-79.7451, 34.19448], [-79.7451, 34.19453], [-79.7451, 34.19457], [-79.74507, 34.19465], [-79.74507, 34.19473], [-79.74508, 34.19481], [-79.74507, 34.19485], [-79.74507, 34.19489], [-79.74505, 34.19494], [-79.74502, 34.195], [-79.745, 34.19504], [-79.745, 34.19508], [-79.74563, 34.19519], [-79.74665, 34.19537], [-79.74665, 34.1953], [-79.74662, 34.19468], [-79.74662, 34.19463], [-79.74662, 34.19455], [-79.74662, 34.19452], [-79.74662, 34.19441], [-79.74661, 34.19426], [-79.74661, 34.19413], [-79.74661, 34.194], [-79.7466, 34.19386], [-79.74693, 34.19396], [-79.74732, 34.19405], [-79.74748, 34.19409], [-79.74781, 34.19416], [-79.7479, 34.19554], [-79.7484, 34.19528], [-79.7486, 34.19518], [-79.74885, 34.19507], [-79.74895, 34.19502], [-79.74897, 34.19513], [-79.74899, 34.19528], [-79.749, 34.19542], [-79.74901, 34.19555], [-79.74901, 34.19557], [-79.74902, 34.19571], [-79.74901, 34.19585], [-79.74878, 34.19587], [-79.74879, 34.19599], [-79.74895, 34.19598], [-79.74897, 34.19634], [-79.74898, 34.19645], [-79.74895, 34.19645], [-79.74878, 34.19647], [-79.74844, 34.19649], [-79.74844, 34.19698], [-79.74862, 34.19697], [-79.74859, 34.19767], [-79.748, 34.19769], [-79.748, 34.19773], [-79.748, 34.19795], [-79.74855, 34.19792], [-79.74856, 34.19802], [-79.74857, 34.19817], [-79.74858, 34.19834], [-79.74869, 34.19833], [-79.74886, 34.19832], [-79.74887, 34.19865], [-79.74822, 34.19868], [-79.74824, 34.19881], [-79.74821, 34.19899], [-79.7482, 34.19905], [-79.7482, 34.1991], [-79.74821, 34.19937], [-79.74799, 34.19929], [-79.74784, 34.19924], [-79.74785, 34.19928], [-79.74789, 34.20005], [-79.7479, 34.20013], [-79.74792, 34.20021], [-79.74805, 34.20061], [-79.7481, 34.20077], [-79.74813, 34.20087], [-79.74817, 34.201], [-79.74819, 34.20107], [-79.74828, 34.20137], [-79.74829, 34.20141], [-79.74885, 34.2032], [-79.74899, 34.20347], [-79.74903, 34.20356], [-79.7495, 34.20379], [-79.74994, 34.204], [-79.7502, 34.20412], [-79.74994, 34.20447], [-79.7499, 34.20452], [-79.74967, 34.20487], [-79.74938, 34.20535], [-79.74895, 34.20597], [-79.74892, 34.20596], [-79.74868, 34.20585], [-79.7484, 34.20572], [-79.74804, 34.20621], [-79.7481, 34.20624], [-79.74859, 34.20648], [-79.74855, 34.20652], [-79.74828, 34.2069], [-79.74804, 34.20684], [-79.74788, 34.2068], [-79.74554, 34.20624], [-79.7444, 34.20597], [-79.74432, 34.20595], [-79.74415, 34.20618], [-79.74404, 34.20633], [-79.74377, 34.20671], [-79.74367, 34.20686], [-79.74354, 34.20704], [-79.74342, 34.20721], [-79.74307, 34.20771], [-79.74242, 34.2086], [-79.74186, 34.20949], [-79.74033, 34.21172], [-79.74029, 34.21179], [-79.74026, 34.21181], [-79.74029, 34.21189], [-79.74029, 34.21191], [-79.74031, 34.21193], [-79.74034, 34.21196], [-79.74037, 34.21198], [-79.74043, 34.21201], [-79.74237, 34.21293], [-79.74242, 34.21295], [-79.74247, 34.21297], [-79.74251, 34.213], [-79.743, 34.21347], [-79.74306, 34.21352], [-79.74311, 34.21358], [-79.74312, 34.21358], [-79.74307, 34.2136], [-79.74268, 34.21368], [-79.7426, 34.2137], [-79.74257, 34.21371], [-79.74255, 34.21372], [-79.74243, 34.21376], [-79.7423, 34.21381], [-79.74222, 34.21384], [-79.74142, 34.21412], [-79.74134, 34.21415], [-79.741, 34.21429], [-79.74095, 34.21431], [-79.74087, 34.21434], [-79.74036, 34.21453], [-79.74032, 34.21454], [-79.74022, 34.21458], [-79.74016, 34.21461], [-79.74013, 34.21462], [-79.73975, 34.2148], [-79.7392, 34.215], [-79.73917, 34.21501], [-79.73844, 34.21527], [-79.73763, 34.21559], [-79.737, 34.21586], [-79.73422, 34.21693], [-79.72898, 34.21894], [-79.72777, 34.21971], [-79.72595, 34.22087], [-79.72574, 34.22104], [-79.72559, 34.22118], [-79.72545, 34.22138], [-79.72539, 34.22148], [-79.7253, 34.22162], [-79.72527, 34.2217], [-79.72512, 34.22202], [-79.72498, 34.22232], [-79.72491, 34.22252], [-79.72481, 34.22279], [-79.72471, 34.22313], [-79.72467, 34.22324], [-79.72446, 34.22395], [-79.72461, 34.22395], [-79.73596, 34.22296], [-79.73596, 34.22287], [-79.73595, 34.22287], [-79.73598, 34.22272], [-79.73601, 34.22262], [-79.73604, 34.22243], [-79.73603, 34.22226], [-79.736, 34.22216], [-79.73598, 34.2221], [-79.73597, 34.22206], [-79.73598, 34.22203], [-79.73599, 34.22197], [-79.73604, 34.22187], [-79.73606, 34.22183], [-79.73612, 34.22175], [-79.73616, 34.22169], [-79.73621, 34.22162], [-79.73626, 34.22155], [-79.73625, 34.2214], [-79.73627, 34.22137], [-79.73633, 34.22129], [-79.73649, 34.22119], [-79.73674, 34.22102], [-79.73689, 34.22084], [-79.73691, 34.22082], [-79.73709, 34.22073], [-79.73718, 34.22069], [-79.7374, 34.22055], [-79.73745, 34.22052], [-79.7375, 34.22051], [-79.73753, 34.22058], [-79.73759, 34.22068], [-79.73765, 34.22073], [-79.73772, 34.22077], [-79.73784, 34.22077], [-79.73809, 34.22074], [-79.73826, 34.22074], [-79.73834, 34.22075], [-79.73848, 34.22075], [-79.73866, 34.22074], [-79.7388, 34.22072], [-79.73886, 34.22073], [-79.73895, 34.22072], [-79.73902, 34.2207], [-79.7391, 34.22067], [-79.73921, 34.2206], [-79.73917, 34.22056], [-79.73782, 34.22047], [-79.73781, 34.22045], [-79.73706, 34.21604], [-79.73769, 34.2158], [-79.73944, 34.21513], [-79.7421, 34.21408], [-79.74225, 34.21403], [-79.74246, 34.21397], [-79.74271, 34.21391], [-79.74273, 34.21391], [-79.74288, 34.21388], [-79.743, 34.21386], [-79.74309, 34.21385], [-79.74324, 34.21383], [-79.74336, 34.21383], [-79.74348, 34.21382], [-79.74365, 34.21381], [-79.74387, 34.21382], [-79.74397, 34.21382], [-79.74417, 34.21384], [-79.74441, 34.21388], [-79.74496, 34.21398], [-79.74519, 34.21402], [-79.74582, 34.21415], [-79.74588, 34.21416], [-79.74597, 34.21403], [-79.74609, 34.21383], [-79.74631, 34.21351], [-79.74693, 34.21256], [-79.74753, 34.2116], [-79.74768, 34.21136], [-79.74782, 34.21114], [-79.74795, 34.21095], [-79.74814, 34.2107], [-79.74819, 34.21065], [-79.74822, 34.21059], [-79.74841, 34.21031], [-79.74852, 34.21014], [-79.74861, 34.21002], [-79.74866, 34.20993], [-79.74868, 34.20989], [-79.74869, 34.20985], [-79.74869, 34.20982], [-79.74868, 34.20978], [-79.74874, 34.20969], [-79.75005, 34.21032], [-79.75103, 34.21079], [-79.75175, 34.21114], [-79.75239, 34.21145], [-79.75288, 34.21168], [-79.75329, 34.21188], [-79.75346, 34.21195], [-79.75334, 34.21203], [-79.75301, 34.21223], [-79.75294, 34.21219], [-79.75244, 34.2125], [-79.75214, 34.21269], [-79.75184, 34.21286], [-79.75149, 34.21308], [-79.75132, 34.21319], [-79.75094, 34.21342], [-79.75081, 34.2135], [-79.75031, 34.21381], [-79.74941, 34.21436], [-79.74934, 34.2144], [-79.7493, 34.21441], [-79.74928, 34.21442], [-79.74927, 34.21454], [-79.74924, 34.21472], [-79.74922, 34.21484], [-79.74921, 34.2149], [-79.74948, 34.21496], [-79.74989, 34.21504], [-79.75005, 34.21507], [-79.75079, 34.21522], [-79.75041, 34.21546], [-79.7502, 34.21558], [-79.7503, 34.21562], [-79.75037, 34.21566], [-79.75043, 34.21569], [-79.75057, 34.21575], [-79.7506, 34.21577], [-79.75062, 34.21578], [-79.75067, 34.21581], [-79.75073, 34.21583], [-79.7508, 34.21587], [-79.75087, 34.21592], [-79.75108, 34.216], [-79.75115, 34.21574], [-79.75127, 34.21531], [-79.75166, 34.21539], [-79.75152, 34.21589], [-79.75144, 34.21615], [-79.75159, 34.21624], [-79.75162, 34.21625], [-79.75168, 34.21628], [-79.75171, 34.21628], [-79.75173, 34.21628], [-79.75181, 34.216], [-79.75186, 34.21581], [-79.75212, 34.21585], [-79.75231, 34.21589], [-79.75236, 34.21591], [-79.75228, 34.21617], [-79.75222, 34.21635], [-79.7523, 34.21636], [-79.75236, 34.21637], [-79.75238, 34.21637], [-79.75246, 34.21639], [-79.75256, 34.21643], [-79.7526, 34.21645], [-79.75267, 34.21648], [-79.75272, 34.21652], [-79.75274, 34.21654], [-79.75279, 34.21657], [-79.75289, 34.21658], [-79.75296, 34.21658], [-79.75311, 34.21661], [-79.75327, 34.21663], [-79.75334, 34.21665], [-79.75338, 34.21666], [-79.75349, 34.21666], [-79.75365, 34.21669], [-79.75387, 34.21672], [-79.75405, 34.21676], [-79.75425, 34.21684], [-79.75437, 34.21689], [-79.75442, 34.21692], [-79.75448, 34.21697], [-79.75455, 34.217], [-79.75461, 34.21702], [-79.75469, 34.21707], [-79.75473, 34.21709], [-79.75474, 34.21712], [-79.75476, 34.21717], [-79.75468, 34.2172], [-79.75416, 34.21737], [-79.75061, 34.21852], [-79.75044, 34.21849], [-79.75043, 34.21851], [-79.75039, 34.21854], [-79.75036, 34.21856], [-79.75001, 34.21867], [-79.74995, 34.21869], [-79.74972, 34.21817], [-79.74842, 34.21857], [-79.74841, 34.21854], [-79.74834, 34.2184], [-79.74822, 34.21814], [-79.74818, 34.21804], [-79.74814, 34.21796], [-79.74803, 34.21769], [-79.74792, 34.21736], [-79.74782, 34.21702], [-79.74781, 34.217], [-79.74772, 34.21664], [-79.74736, 34.21721], [-79.74728, 34.21737], [-79.74725, 34.21743], [-79.74719, 34.21757], [-79.74715, 34.21769], [-79.74696, 34.21767], [-79.74628, 34.2176], [-79.74585, 34.21757], [-79.74527, 34.21751], [-79.74311, 34.21733], [-79.74303, 34.21733], [-79.74303, 34.21745], [-79.74303, 34.21748], [-79.74301, 34.21775], [-79.74301, 34.21777], [-79.74299, 34.21821], [-79.74298, 34.21862], [-79.74297, 34.21867], [-79.74296, 34.21894], [-79.74301, 34.21898], [-79.74301, 34.21903], [-79.74301, 34.21908], [-79.74301, 34.21912], [-79.74307, 34.21913], [-79.74322, 34.21914], [-79.74343, 34.21916], [-79.74365, 34.21918], [-79.74386, 34.2192], [-79.74407, 34.21921], [-79.74429, 34.21923], [-79.7445, 34.21925], [-79.74472, 34.21927], [-79.74493, 34.21929], [-79.74514, 34.21931], [-79.74536, 34.21932], [-79.74557, 34.21934], [-79.74579, 34.21937], [-79.746, 34.21939], [-79.74619, 34.21941], [-79.74627, 34.21942], [-79.74679, 34.21947], [-79.74669, 34.22004], [-79.74761, 34.22013], [-79.7477, 34.21958], [-79.74772, 34.21949], [-79.74775, 34.21949], [-79.74776, 34.21949], [-79.74798, 34.21952], [-79.74826, 34.21955], [-79.74819, 34.2193], [-79.74868, 34.21913], [-79.7487, 34.21918], [-79.74928, 34.2204], [-79.74855, 34.22058], [-79.74859, 34.22073], [-79.74877, 34.22136], [-79.74881, 34.22151], [-79.74897, 34.22146], [-79.749, 34.22145], [-79.74915, 34.2214], [-79.74959, 34.22122], [-79.74962, 34.22127], [-79.74986, 34.22178], [-79.74998, 34.22201], [-79.74904, 34.22233], [-79.74912, 34.2226], [-79.74919, 34.22285], [-79.75019, 34.22251], [-79.75025, 34.22259], [-79.75028, 34.22262], [-79.75037, 34.22281], [-79.75048, 34.22303], [-79.75064, 34.22326], [-79.75077, 34.22356], [-79.75081, 34.22366], [-79.75086, 34.22378], [-79.75061, 34.22377], [-79.75041, 34.22429], [-79.75032, 34.22455], [-79.75028, 34.22464], [-79.75092, 34.22479], [-79.75096, 34.2248], [-79.75103, 34.22481], [-79.75098, 34.22495], [-79.75097, 34.22501], [-79.7509, 34.22519], [-79.75082, 34.22517], [-79.75078, 34.22517], [-79.75044, 34.2251], [-79.75017, 34.22504], [-79.75, 34.22538], [-79.74985, 34.22578], [-79.75062, 34.22597], [-79.75075, 34.22561], [-79.75077, 34.22556], [-79.75103, 34.22562], [-79.75136, 34.2257], [-79.75159, 34.22575], [-79.75145, 34.22638], [-79.75141, 34.22653], [-79.75072, 34.22636], [-79.75066, 34.22634], [-79.75055, 34.22632], [-79.75055, 34.22633], [-79.75052, 34.22634], [-79.75049, 34.22634], [-79.75048, 34.22634], [-79.75044, 34.22634], [-79.75037, 34.22634], [-79.74989, 34.22623], [-79.7497, 34.22618], [-79.74931, 34.22722], [-79.74987, 34.22734], [-79.75011, 34.2274], [-79.75, 34.22772], [-79.74994, 34.2277], [-79.74945, 34.2276], [-79.74916, 34.22754], [-79.74904, 34.22789], [-79.74952, 34.22799], [-79.74965, 34.22801], [-79.74977, 34.22804], [-79.74989, 34.22805], [-79.75006, 34.22807], [-79.75003, 34.22802], [-79.75062, 34.22816], [-79.75014, 34.22883], [-79.75005, 34.22893], [-79.75002, 34.22898], [-79.7503, 34.229], [-79.75025, 34.22916], [-79.75001, 34.22998], [-79.75195, 34.23035], [-79.75216, 34.22982], [-79.75236, 34.2293], [-79.75238, 34.22924], [-79.7524, 34.22915], [-79.75241, 34.22905], [-79.75033, 34.22891], [-79.75023, 34.22891], [-79.75025, 34.22888], [-79.75023, 34.22888], [-79.75084, 34.22802], [-79.7512, 34.22751], [-79.75122, 34.2275], [-79.75132, 34.22742], [-79.75153, 34.22633], [-79.75149, 34.22628], [-79.75182, 34.22494], [-79.75184, 34.22474], [-79.75183, 34.22474], [-79.75186, 34.22443], [-79.75167, 34.22442], [-79.75161, 34.22442], [-79.75121, 34.22439], [-79.75121, 34.2244], [-79.75114, 34.2244], [-79.75114, 34.22438], [-79.75116, 34.22434], [-79.75117, 34.22398], [-79.7512, 34.22357], [-79.75134, 34.22364], [-79.75139, 34.22355], [-79.75181, 34.22299], [-79.75187, 34.22291], [-79.75209, 34.22263], [-79.75239, 34.2223], [-79.7524, 34.22228], [-79.75244, 34.22224], [-79.75247, 34.22221], [-79.75257, 34.22209], [-79.75272, 34.22192], [-79.75282, 34.22182], [-79.75283, 34.2218], [-79.75286, 34.22176], [-79.7531, 34.2215], [-79.75332, 34.22126], [-79.75334, 34.22124], [-79.75336, 34.22122], [-79.75339, 34.22118], [-79.75336, 34.22117], [-79.75331, 34.22033], [-79.75331, 34.22028], [-79.75333, 34.22028], [-79.75339, 34.22029], [-79.75345, 34.22029], [-79.75353, 34.2203], [-79.75364, 34.22031], [-79.754, 34.22033], [-79.75422, 34.22034], [-79.75431, 34.22038], [-79.75454, 34.22048], [-79.7545, 34.22056], [-79.75447, 34.22062], [-79.75452, 34.22063], [-79.75441, 34.22081], [-79.7543, 34.22098], [-79.75415, 34.22123], [-79.75406, 34.22137], [-79.75404, 34.2214], [-79.75446, 34.22159], [-79.75449, 34.22161], [-79.75455, 34.22163], [-79.75464, 34.22167], [-79.75468, 34.22161], [-79.7547, 34.22157], [-79.75474, 34.22149], [-79.75478, 34.22144], [-79.75481, 34.22145], [-79.75497, 34.22152], [-79.75524, 34.22164], [-79.75511, 34.22185], [-79.75553, 34.22204], [-79.7556, 34.22207], [-79.75588, 34.22166], [-79.75534, 34.22144], [-79.75522, 34.22138], [-79.75493, 34.22123], [-79.75486, 34.2212], [-79.75483, 34.22119], [-79.75503, 34.22089], [-79.7551, 34.22079], [-79.75519, 34.22072], [-79.7553, 34.22071], [-79.75544, 34.22069], [-79.75556, 34.22067], [-79.75554, 34.22059], [-79.75543, 34.22022], [-79.75563, 34.22018], [-79.7559, 34.22012], [-79.75617, 34.22007], [-79.75641, 34.22001], [-79.75647, 34.22], [-79.75648, 34.22002], [-79.75653, 34.22018], [-79.75653, 34.22019], [-79.75654, 34.22023], [-79.75659, 34.22039], [-79.7566, 34.22044], [-79.7566, 34.2205], [-79.7566, 34.22054], [-79.75657, 34.22061], [-79.75655, 34.22063], [-79.75655, 34.22065], [-79.75688, 34.22079], [-79.7571, 34.22088], [-79.75722, 34.2207], [-79.75735, 34.22049], [-79.75744, 34.22036], [-79.75742, 34.22028], [-79.75735, 34.22029], [-79.7573, 34.2203], [-79.7571, 34.22034], [-79.75699, 34.22036], [-79.75692, 34.22037], [-79.7569, 34.2203], [-79.75678, 34.21993], [-79.75705, 34.21987], [-79.75729, 34.21979], [-79.7574, 34.21975], [-79.75742, 34.22028], [-79.75758, 34.22026], [-79.75766, 34.22024], [-79.75767, 34.21961], [-79.7577, 34.21958], [-79.75772, 34.21958], [-79.75773, 34.21957], [-79.75777, 34.21956], [-79.75782, 34.21955], [-79.75784, 34.21955], [-79.75786, 34.21955], [-79.75789, 34.21957], [-79.75792, 34.21957], [-79.75795, 34.21956], [-79.75797, 34.21955], [-79.75798, 34.21955], [-79.75802, 34.21952], [-79.75808, 34.21951], [-79.7581, 34.21951], [-79.75814, 34.21952], [-79.75817, 34.21954], [-79.75821, 34.21955], [-79.75823, 34.21956], [-79.75826, 34.21957], [-79.75828, 34.21957], [-79.7583, 34.21957], [-79.75833, 34.21956], [-79.75837, 34.21955], [-79.75841, 34.21955], [-79.75845, 34.21955], [-79.7585, 34.21957], [-79.75853, 34.21958], [-79.75859, 34.2196], [-79.75846, 34.21995], [-79.75839, 34.22015], [-79.75839, 34.22017], [-79.75836, 34.22024], [-79.75848, 34.22025], [-79.75855, 34.22026], [-79.75865, 34.22028], [-79.75881, 34.22032], [-79.75914, 34.22042], [-79.75918, 34.22042], [-79.75942, 34.22053], [-79.75924, 34.22081], [-79.75934, 34.22086], [-79.75983, 34.22108], [-79.75969, 34.2213], [-79.75967, 34.22129], [-79.75919, 34.22107], [-79.75909, 34.22103], [-79.75904, 34.2211], [-79.75897, 34.22121], [-79.75907, 34.22125], [-79.75958, 34.22148], [-79.75955, 34.22153], [-79.75931, 34.22187], [-79.75921, 34.22202], [-79.75926, 34.22204], [-79.75959, 34.22219], [-79.75976, 34.22227], [-79.75985, 34.22231], [-79.75982, 34.22235], [-79.75981, 34.22237], [-79.75976, 34.22244], [-79.75968, 34.22241], [-79.75965, 34.22245], [-79.75914, 34.22222], [-79.75909, 34.22221], [-79.75898, 34.22238], [-79.75848, 34.22216], [-79.75838, 34.22211], [-79.75826, 34.22229], [-79.75817, 34.22242], [-79.75814, 34.22247], [-79.75873, 34.22274], [-79.75835, 34.22331], [-79.75831, 34.22331], [-79.75822, 34.22329], [-79.7582, 34.22329], [-79.75813, 34.22329], [-79.75805, 34.22329], [-79.75791, 34.2233], [-79.75788, 34.22331], [-79.75777, 34.22332], [-79.75771, 34.22333], [-79.7576, 34.22334], [-79.75755, 34.22335], [-79.75757, 34.22344], [-79.75758, 34.22354], [-79.75759, 34.22363], [-79.75762, 34.224], [-79.75757, 34.22401], [-79.75752, 34.22402], [-79.75747, 34.22403], [-79.75737, 34.22404], [-79.75734, 34.2237], [-79.75732, 34.22347], [-79.75731, 34.22339], [-79.7573, 34.22331], [-79.75718, 34.22333], [-79.75681, 34.22337], [-79.75662, 34.22339], [-79.75652, 34.2234], [-79.75642, 34.22341], [-79.75632, 34.22341], [-79.75622, 34.22341], [-79.75609, 34.22343], [-79.75607, 34.22349], [-79.75606, 34.22357], [-79.7559, 34.22403], [-79.75617, 34.22404], [-79.75624, 34.22405], [-79.75617, 34.22424], [-79.75613, 34.2244], [-79.75554, 34.22425], [-79.75552, 34.22424], [-79.75551, 34.22416], [-79.7555, 34.22403], [-79.7556, 34.22403], [-79.75582, 34.22354], [-79.75584, 34.22347], [-79.75586, 34.22338], [-79.75574, 34.22336], [-79.75565, 34.22334], [-79.75563, 34.22334], [-79.7556, 34.22343], [-79.75559, 34.2235], [-79.75554, 34.2236], [-79.75537, 34.22392], [-79.75534, 34.22397], [-79.75522, 34.22392], [-79.75509, 34.22387], [-79.75539, 34.22337], [-79.75545, 34.22339], [-79.7555, 34.22331], [-79.75561, 34.22313], [-79.75517, 34.22293], [-79.75507, 34.22289], [-79.75503, 34.22295], [-79.75493, 34.22311], [-79.75489, 34.22317], [-79.75494, 34.22319], [-79.75496, 34.2232], [-79.75488, 34.22325], [-79.75486, 34.22328], [-79.7546, 34.2237], [-79.75437, 34.22361], [-79.75412, 34.22351], [-79.75436, 34.22309], [-79.75437, 34.22308], [-79.75442, 34.22297], [-79.75438, 34.22295], [-79.75457, 34.22267], [-79.7545, 34.22264], [-79.75432, 34.22255], [-79.75412, 34.22247], [-79.75407, 34.22244], [-79.75402, 34.22242], [-79.75397, 34.2225], [-79.7539, 34.22262], [-79.75382, 34.22273], [-79.7539, 34.22276], [-79.75406, 34.22282], [-79.75414, 34.22286], [-79.7542, 34.22288], [-79.75415, 34.22298], [-79.75413, 34.22301], [-79.75411, 34.22304], [-79.7541, 34.22306], [-79.7539, 34.22338], [-79.75354, 34.22322], [-79.75329, 34.22374], [-79.75326, 34.22381], [-79.75296, 34.22379], [-79.75285, 34.22378], [-79.75279, 34.22378], [-79.75301, 34.22326], [-79.75311, 34.22304], [-79.7532, 34.22308], [-79.75349, 34.22258], [-79.75329, 34.2225], [-79.7536, 34.22207], [-79.75327, 34.22193], [-79.75307, 34.22185], [-79.75284, 34.22211], [-79.75279, 34.2221], [-79.75278, 34.22209], [-79.75276, 34.22209], [-79.75273, 34.22208], [-79.7527, 34.22209], [-79.75267, 34.22209], [-79.75262, 34.22211], [-79.7526, 34.22212], [-79.75257, 34.22215], [-79.75254, 34.22218], [-79.75253, 34.22221], [-79.75253, 34.22222], [-79.75253, 34.22224], [-79.75253, 34.22225], [-79.75253, 34.22227], [-79.75253, 34.22228], [-79.75254, 34.2223], [-79.75255, 34.22233], [-79.75256, 34.22234], [-79.75257, 34.22235], [-79.75258, 34.22236], [-79.7526, 34.22238], [-79.75261, 34.22239], [-79.75264, 34.2224], [-79.75266, 34.2224], [-79.75267, 34.22241], [-79.75271, 34.22241], [-79.75272, 34.22241], [-79.75276, 34.22241], [-79.75278, 34.22241], [-79.75282, 34.22239], [-79.75285, 34.2224], [-79.75298, 34.22246], [-79.75288, 34.22263], [-79.75271, 34.22291], [-79.75269, 34.2229], [-79.75254, 34.22284], [-79.75246, 34.22281], [-79.75231, 34.22275], [-79.75223, 34.22288], [-79.75176, 34.22367], [-79.75175, 34.22371], [-79.75173, 34.22377], [-79.75178, 34.22378], [-79.7519, 34.2238], [-79.75206, 34.22382], [-79.75235, 34.22384], [-79.75242, 34.22385], [-79.7524, 34.22394], [-79.75239, 34.22405], [-79.75238, 34.22415], [-79.75231, 34.22479], [-79.75277, 34.22482], [-79.75397, 34.22491], [-79.75416, 34.22491], [-79.75424, 34.22492], [-79.75459, 34.2248], [-79.75472, 34.22465], [-79.75505, 34.22431], [-79.75511, 34.22424], [-79.75513, 34.22425], [-79.75526, 34.22428], [-79.75523, 34.22436], [-79.75504, 34.22488], [-79.75516, 34.22492], [-79.75557, 34.22504], [-79.75559, 34.22551], [-79.75558, 34.22558], [-79.75688, 34.22609], [-79.75717, 34.22621], [-79.75726, 34.22624], [-79.75743, 34.22598], [-79.75745, 34.22596], [-79.75756, 34.22601], [-79.75817, 34.22626], [-79.75826, 34.22611], [-79.75837, 34.22594], [-79.75867, 34.22546], [-79.75886, 34.22516], [-79.75892, 34.22507], [-79.75907, 34.22481], [-79.75909, 34.22479], [-79.75914, 34.22464], [-79.75949, 34.22471], [-79.75945, 34.22489], [-79.75938, 34.22528], [-79.76008, 34.22544], [-79.76007, 34.22538], [-79.76007, 34.22516], [-79.76009, 34.22483], [-79.7601, 34.22472], [-79.76016, 34.2248], [-79.76043, 34.22473], [-79.76058, 34.22469], [-79.76074, 34.22465], [-79.76078, 34.22464], [-79.76107, 34.22457], [-79.76115, 34.22454], [-79.76149, 34.22443], [-79.76164, 34.22436], [-79.76181, 34.2243], [-79.762, 34.22421], [-79.7618, 34.22377], [-79.76177, 34.2237], [-79.76189, 34.22367], [-79.76196, 34.22366], [-79.76193, 34.22358], [-79.76172, 34.22309], [-79.76181, 34.22307], [-79.76189, 34.22305], [-79.76197, 34.22308], [-79.762, 34.22309], [-79.76203, 34.22311], [-79.7621, 34.22311], [-79.76212, 34.2231], [-79.76215, 34.22309], [-79.7622, 34.22304], [-79.76222, 34.22302], [-79.76225, 34.22299], [-79.76227, 34.22299], [-79.76235, 34.22296], [-79.76245, 34.22293], [-79.76254, 34.22292], [-79.76269, 34.22289], [-79.76271, 34.22289], [-79.76272, 34.22289], [-79.76281, 34.22287], [-79.76284, 34.22286], [-79.76286, 34.22286], [-79.76294, 34.22284], [-79.76305, 34.22284], [-79.76318, 34.22282], [-79.76319, 34.22281], [-79.76326, 34.22278], [-79.76343, 34.22278], [-79.76375, 34.22269], [-79.76372, 34.22266], [-79.7637, 34.22265], [-79.76368, 34.22263], [-79.76361, 34.22254], [-79.76356, 34.22248], [-79.76346, 34.22241], [-79.76334, 34.22231], [-79.76325, 34.22223], [-79.76318, 34.22214], [-79.76312, 34.22209], [-79.76307, 34.22202], [-79.76306, 34.22201], [-79.76305, 34.22199], [-79.76241, 34.22164], [-79.76239, 34.22164], [-79.76233, 34.22163], [-79.7623, 34.22163], [-79.76216, 34.22161], [-79.76205, 34.22158], [-79.76199, 34.22156], [-79.76196, 34.22154], [-79.76178, 34.22139], [-79.76201, 34.22131], [-79.76203, 34.22131], [-79.76213, 34.22127], [-79.76238, 34.22119], [-79.76242, 34.22117], [-79.76251, 34.22114], [-79.76323, 34.22089], [-79.76515, 34.22024], [-79.76518, 34.22009], [-79.76511, 34.21986], [-79.76492, 34.21946], [-79.76477, 34.21903], [-79.76491, 34.21899], [-79.76526, 34.21889], [-79.76529, 34.21888], [-79.76544, 34.21883], [-79.76568, 34.21876], [-79.76585, 34.21871], [-79.76591, 34.21869], [-79.76614, 34.21862], [-79.76635, 34.21856], [-79.76638, 34.21856], [-79.76639, 34.21855], [-79.76661, 34.21849], [-79.76685, 34.21842], [-79.76695, 34.21839], [-79.76708, 34.21835], [-79.76725, 34.2183], [-79.76731, 34.21828], [-79.76755, 34.21821], [-79.76778, 34.21814], [-79.76801, 34.21807], [-79.76833, 34.21798], [-79.76875, 34.21785], [-79.76914, 34.21774], [-79.7692, 34.21772], [-79.7693, 34.21769], [-79.76967, 34.21758], [-79.76987, 34.218], [-79.77004, 34.21835], [-79.77006, 34.2184], [-79.77009, 34.21839], [-79.7724, 34.21771], [-79.77225, 34.21733], [-79.77206, 34.21688], [-79.77328, 34.21651], [-79.77323, 34.21638], [-79.77302, 34.21585], [-79.77263, 34.21493], [-79.77252, 34.21466], [-79.77229, 34.21408], [-79.77228, 34.21406], [-79.77227, 34.21404], [-79.77234, 34.21403], [-79.77235, 34.21403], [-79.77283, 34.2139], [-79.77307, 34.21383], [-79.77308, 34.21381], [-79.77298, 34.21371], [-79.77287, 34.2136], [-79.77275, 34.21348], [-79.77264, 34.21337], [-79.77252, 34.21326], [-79.77239, 34.21315], [-79.77226, 34.21306], [-79.77212, 34.21297], [-79.77196, 34.21289], [-79.77183, 34.21282], [-79.77182, 34.21279], [-79.77183, 34.21279], [-79.77213, 34.21271], [-79.77217, 34.21275], [-79.77234, 34.21293], [-79.77336, 34.21265], [-79.77338, 34.21268], [-79.77345, 34.21286], [-79.7739, 34.21401], [-79.77391, 34.21403], [-79.7746, 34.21383], [-79.77457, 34.21376], [-79.77453, 34.21368], [-79.77415, 34.2127], [-79.77436, 34.21252], [-79.77463, 34.21229], [-79.77534, 34.21168], [-79.77551, 34.21154], [-79.77556, 34.21159], [-79.77573, 34.21173], [-79.77608, 34.21203], [-79.77614, 34.21198], [-79.77673, 34.21146], [-79.7768, 34.21141], [-79.77678, 34.21139], [-79.77666, 34.2113], [-79.77677, 34.2112], [-79.77681, 34.21115], [-79.77683, 34.21112], [-79.77685, 34.21095], [-79.77685, 34.21084], [-79.77684, 34.21062], [-79.77682, 34.21034], [-79.77681, 34.21024], [-79.77688, 34.21024], [-79.77697, 34.21023], [-79.77715, 34.21023], [-79.77736, 34.21023], [-79.77742, 34.21006], [-79.77744, 34.21002], [-79.77749, 34.20987], [-79.77753, 34.20976], [-79.77754, 34.20972], [-79.77754, 34.20971], [-79.77793, 34.20982], [-79.77858, 34.21001], [-79.77866, 34.21003], [-79.77871, 34.21005], [-79.77871, 34.21011], [-79.77871, 34.21016], [-79.7787, 34.21022], [-79.77867, 34.21036], [-79.77866, 34.21041], [-79.77863, 34.21051], [-79.77859, 34.21059], [-79.77849, 34.21082], [-79.77842, 34.21095], [-79.77838, 34.21109], [-79.77837, 34.21112], [-79.77844, 34.2116], [-79.77856, 34.21236], [-79.77862, 34.21241], [-79.77866, 34.21244], [-79.77873, 34.2125], [-79.77878, 34.21253], [-79.77893, 34.21204], [-79.77894, 34.212], [-79.77905, 34.21208], [-79.77912, 34.21214], [-79.77922, 34.21221], [-79.7794, 34.21235], [-79.77953, 34.21245], [-79.77963, 34.21253], [-79.7797, 34.2123], [-79.78003, 34.21122], [-79.7802, 34.21068], [-79.78024, 34.21065], [-79.78028, 34.21062], [-79.78114, 34.21084], [-79.78194, 34.21104], [-79.7823, 34.21112], [-79.78221, 34.2119], [-79.78213, 34.21257], [-79.78204, 34.21311], [-79.78201, 34.21352], [-79.78186, 34.21494], [-79.78186, 34.21499], [-79.78185, 34.215], [-79.78172, 34.21514], [-79.78169, 34.21517], [-79.78163, 34.21524], [-79.78147, 34.21538], [-79.78132, 34.21551], [-79.78211, 34.21618], [-79.78298, 34.21688], [-79.78356, 34.21734], [-79.78507, 34.21853], [-79.78579, 34.2191], [-79.78629, 34.21949], [-79.78738, 34.22035], [-79.78731, 34.22038], [-79.78722, 34.22038], [-79.78715, 34.22037], [-79.78707, 34.22037], [-79.78698, 34.2204], [-79.78689, 34.22045], [-79.78685, 34.22048], [-79.78682, 34.22052], [-79.78676, 34.22055], [-79.78668, 34.22058], [-79.78658, 34.22059], [-79.78651, 34.2206], [-79.78662, 34.22069], [-79.78723, 34.22117], [-79.78747, 34.22137], [-79.78854, 34.22222], [-79.78868, 34.22212], [-79.78913, 34.22172], [-79.78919, 34.22176], [-79.78962, 34.2221], [-79.79027, 34.22262], [-79.79065, 34.22292], [-79.79129, 34.22343], [-79.79246, 34.22437], [-79.79392, 34.22553], [-79.7949, 34.22631], [-79.79588, 34.22709], [-79.79645, 34.22754], [-79.79681, 34.22784], [-79.79716, 34.22811], [-79.79764, 34.22849], [-79.79791, 34.22871], [-79.79801, 34.22879], [-79.79829, 34.22901], [-79.79842, 34.22912], [-79.79858, 34.22924], [-79.79888, 34.22948], [-79.79913, 34.22968], [-79.79921, 34.22975], [-79.79927, 34.22979], [-79.79939, 34.22989], [-79.79951, 34.22998], [-79.80016, 34.2305], [-79.80022, 34.23055], [-79.80039, 34.23069], [-79.80056, 34.23082], [-79.80061, 34.23086], [-79.80067, 34.23091], [-79.80083, 34.23104], [-79.80098, 34.23116], [-79.80109, 34.23124], [-79.80149, 34.23156], [-79.80172, 34.23175], [-79.80219, 34.23212], [-79.80295, 34.23273], [-79.80305, 34.23281], [-79.80351, 34.23318], [-79.80381, 34.23341], [-79.80418, 34.23371], [-79.805, 34.23437], [-79.80527, 34.23458], [-79.80563, 34.23488], [-79.80599, 34.23516], [-79.80656, 34.23562], [-79.80714, 34.23609], [-79.80783, 34.23665], [-79.80856, 34.23723], [-79.80946, 34.23795], [-79.80987, 34.23828], [-79.81032, 34.23864], [-79.81054, 34.23855], [-79.81083, 34.23836], [-79.81101, 34.23826], [-79.81106, 34.23823], [-79.81094, 34.23811], [-79.81051, 34.23777], [-79.81114, 34.23739], [-79.81239, 34.23657], [-79.81252, 34.23647], [-79.81257, 34.23645], [-79.81262, 34.23644], [-79.81264, 34.23644], [-79.81269, 34.23647], [-79.81275, 34.23652], [-79.813, 34.2368], [-79.8131, 34.23694], [-79.81318, 34.23706], [-79.81347, 34.23691], [-79.81269, 34.23597], [-79.8141, 34.23517], [-79.81245, 34.23311], [-79.81142, 34.23181], [-79.81062, 34.23081], [-79.80976, 34.22972], [-79.80925, 34.22907], [-79.80892, 34.22865], [-79.8081, 34.22888], [-79.80689, 34.22921], [-79.80671, 34.22926], [-79.80656, 34.22931], [-79.80665, 34.22937], [-79.80894, 34.2309], [-79.80739, 34.23257], [-79.80685, 34.23316], [-79.80607, 34.23253], [-79.80418, 34.23102], [-79.80401, 34.23121], [-79.80327, 34.23204], [-79.80313, 34.23192], [-79.80191, 34.23095], [-79.80183, 34.23088], [-79.80151, 34.23062], [-79.80115, 34.23034], [-79.80102, 34.23023], [-79.80068, 34.22995], [-79.79995, 34.22937], [-79.79983, 34.22927], [-79.79975, 34.22921], [-79.7997, 34.22917], [-79.79942, 34.22896], [-79.79924, 34.22881], [-79.79854, 34.22825], [-79.79693, 34.22699], [-79.79569, 34.22598], [-79.79509, 34.22552], [-79.79465, 34.22517], [-79.79395, 34.22461], [-79.79283, 34.22372], [-79.7894, 34.221], [-79.78893, 34.22063], [-79.78863, 34.22039], [-79.78849, 34.2203], [-79.78845, 34.22027], [-79.78849, 34.22024], [-79.78873, 34.22003], [-79.78899, 34.21981], [-79.78946, 34.2194], [-79.79163, 34.21908], [-79.79173, 34.21839], [-79.7919, 34.21699], [-79.79218, 34.21452], [-79.79238, 34.21292], [-79.79281, 34.21296], [-79.79331, 34.21301], [-79.79381, 34.21305], [-79.7938, 34.21306], [-79.79381, 34.21316], [-79.79381, 34.2133], [-79.79382, 34.21338], [-79.79383, 34.21345], [-79.79383, 34.21356], [-79.79384, 34.2137], [-79.79384, 34.21383], [-79.79385, 34.21396], [-79.79385, 34.21406], [-79.79386, 34.21418], [-79.79387, 34.21432], [-79.79387, 34.21444], [-79.79388, 34.21457], [-79.79387, 34.2146], [-79.79387, 34.21476], [-79.79388, 34.21488], [-79.79389, 34.21502], [-79.79389, 34.21508], [-79.79389, 34.21513], [-79.79385, 34.21517], [-79.79396, 34.21518], [-79.79539, 34.21531], [-79.79538, 34.2149], [-79.79707, 34.21487], [-79.79705, 34.21434], [-79.79704, 34.21367], [-79.79703, 34.21317], [-79.79703, 34.21303], [-79.79703, 34.21296], [-79.79703, 34.21289], [-79.79636, 34.2129], [-79.79591, 34.2129], [-79.79549, 34.2129], [-79.79505, 34.21288], [-79.79441, 34.21282], [-79.7942, 34.2128], [-79.79369, 34.21274], [-79.79369, 34.21272], [-79.79369, 34.21264], [-79.79368, 34.20917], [-79.79368, 34.20903], [-79.79346, 34.20897], [-79.7933, 34.20893], [-79.79321, 34.20891], [-79.79326, 34.20864], [-79.79338, 34.20787], [-79.79341, 34.20767], [-79.79347, 34.20724], [-79.79349, 34.20712], [-79.79379, 34.2051], [-79.7938, 34.20507], [-79.79382, 34.20499], [-79.79376, 34.20497], [-79.79318, 34.20478], [-79.79313, 34.20489], [-79.79297, 34.20522], [-79.79282, 34.20517], [-79.79266, 34.20512], [-79.79248, 34.20551], [-79.79177, 34.20529], [-79.79161, 34.20524], [-79.79156, 34.20522], [-79.79079, 34.20497], [-79.79063, 34.20492], [-79.79047, 34.20487], [-79.79055, 34.20471], [-79.79056, 34.20469], [-79.79066, 34.20448], [-79.79081, 34.20453], [-79.79088, 34.20456], [-79.79096, 34.20458], [-79.79104, 34.20461], [-79.79112, 34.20463], [-79.79126, 34.20468], [-79.79127, 34.20468], [-79.79128, 34.20467], [-79.79129, 34.20464], [-79.79132, 34.20458], [-79.79138, 34.20446], [-79.79145, 34.20431], [-79.79146, 34.20428], [-79.79149, 34.20423], [-79.79133, 34.20418], [-79.79106, 34.20409], [-79.79041, 34.20388], [-79.79037, 34.20396], [-79.7903, 34.20411], [-79.79026, 34.20419], [-79.79022, 34.20427], [-79.7902, 34.20432], [-79.79005, 34.20427], [-79.78991, 34.20423], [-79.78984, 34.20421], [-79.78969, 34.20416], [-79.78965, 34.20415], [-79.78953, 34.20411], [-79.78959, 34.20399], [-79.7897, 34.20375], [-79.78974, 34.20367], [-79.78964, 34.20363], [-79.78942, 34.20356], [-79.78939, 34.20365], [-79.78932, 34.20379], [-79.78923, 34.204], [-79.78923, 34.20401], [-79.78924, 34.20402], [-79.7894, 34.20408], [-79.78944, 34.20409], [-79.78938, 34.20421], [-79.78925, 34.20446], [-79.78903, 34.20439], [-79.78919, 34.204], [-79.78892, 34.20391], [-79.78889, 34.2039], [-79.78873, 34.20385], [-79.78866, 34.20383], [-79.78856, 34.20381], [-79.7885, 34.2038], [-79.78829, 34.20378], [-79.78811, 34.20378], [-79.78779, 34.20374], [-79.78778, 34.2043], [-79.7878, 34.2043], [-79.7878, 34.20435], [-79.7878, 34.20441], [-79.78798, 34.20441], [-79.788, 34.20497], [-79.78751, 34.20499], [-79.78752, 34.20538], [-79.78752, 34.20552], [-79.78749, 34.20552], [-79.78744, 34.20552], [-79.78736, 34.20552], [-79.78727, 34.20552], [-79.78719, 34.20551], [-79.78719, 34.2055], [-79.78719, 34.20535], [-79.78718, 34.20501], [-79.78717, 34.20497], [-79.78734, 34.20497], [-79.78733, 34.20471], [-79.78675, 34.20472], [-79.78675, 34.20488], [-79.78673, 34.20507], [-79.78672, 34.20524], [-79.7867, 34.20549], [-79.78663, 34.20548], [-79.78663, 34.20563], [-79.7866, 34.20601], [-79.78658, 34.2062], [-79.78631, 34.20614], [-79.78631, 34.20593], [-79.78631, 34.20576], [-79.78631, 34.20557], [-79.78632, 34.20541], [-79.78632, 34.20537], [-79.78632, 34.20534], [-79.78632, 34.20488], [-79.78632, 34.20447], [-79.78632, 34.20438], [-79.78586, 34.20439], [-79.78582, 34.20368], [-79.78578, 34.20303], [-79.78576, 34.20273], [-79.78568, 34.20273], [-79.78567, 34.20261], [-79.78562, 34.20183], [-79.78529, 34.20185], [-79.78528, 34.20171], [-79.78526, 34.20132], [-79.78546, 34.20131], [-79.78555, 34.20129], [-79.78573, 34.2013], [-79.78576, 34.20183], [-79.78579, 34.20183], [-79.78612, 34.20181], [-79.78613, 34.20195], [-79.7863, 34.20195], [-79.78629, 34.20181], [-79.78642, 34.2018], [-79.78676, 34.20179], [-79.7868, 34.20179], [-79.78689, 34.20178], [-79.7869, 34.20178], [-79.78692, 34.20177], [-79.78691, 34.20174], [-79.78694, 34.20174], [-79.787, 34.20174], [-79.78699, 34.20166], [-79.78689, 34.20166], [-79.78681, 34.20166], [-79.78679, 34.2016], [-79.78678, 34.20148], [-79.78677, 34.20149], [-79.78659, 34.20149], [-79.78659, 34.20125], [-79.78675, 34.20124], [-79.78676, 34.20123], [-79.78676, 34.20113], [-79.78675, 34.20107], [-79.78675, 34.20103], [-79.78671, 34.20055], [-79.78659, 34.20056], [-79.78647, 34.20057], [-79.78618, 34.20058], [-79.78602, 34.20059], [-79.78597, 34.20059], [-79.78586, 34.2006], [-79.78567, 34.20061], [-79.7855, 34.20061], [-79.78537, 34.20061], [-79.78533, 34.20009], [-79.78532, 34.19996], [-79.78665, 34.19991], [-79.78718, 34.19989], [-79.78719, 34.19996], [-79.78719, 34.2], [-79.78723, 34.20039], [-79.78746, 34.20038], [-79.78743, 34.19999], [-79.78742, 34.19995], [-79.78742, 34.19988], [-79.78772, 34.19987], [-79.78781, 34.19987], [-79.78779, 34.19961], [-79.78776, 34.19928], [-79.78768, 34.19847], [-79.79078, 34.19831], [-79.79201, 34.19826], [-79.7933, 34.19821], [-79.79382, 34.19818], [-79.79426, 34.19816], [-79.79496, 34.19812], [-79.79633, 34.19805], [-79.79673, 34.19803], [-79.79815, 34.19798], [-79.79914, 34.19791], [-79.79909, 34.1983], [-79.79897, 34.19831], [-79.79893, 34.19839], [-79.79894, 34.19841], [-79.79895, 34.19845], [-79.79895, 34.19851], [-79.79895, 34.19868], [-79.79893, 34.19885], [-79.7989, 34.19904], [-79.79888, 34.19916], [-79.79887, 34.19927], [-79.79888, 34.19945], [-79.79882, 34.19958], [-79.79807, 34.20071], [-79.79642, 34.2032], [-79.79648, 34.20365], [-79.79942, 34.20432], [-79.79953, 34.20434], [-79.7995, 34.20445], [-79.79925, 34.20524], [-79.79916, 34.20548], [-79.79907, 34.2058], [-79.79904, 34.20587], [-79.79918, 34.20591], [-79.80011, 34.20622], [-79.80016, 34.20602], [-79.80022, 34.2058], [-79.80028, 34.2056], [-79.80067, 34.20577], [-79.80085, 34.20586], [-79.8016, 34.20619], [-79.8019, 34.20633], [-79.80227, 34.20649], [-79.80194, 34.2072], [-79.80177, 34.20758], [-79.80197, 34.20764], [-79.80201, 34.20755], [-79.8026, 34.20629], [-79.80277, 34.20592], [-79.80335, 34.20594], [-79.80353, 34.206], [-79.80369, 34.20607], [-79.8038, 34.20613], [-79.8039, 34.20619], [-79.804, 34.20625], [-79.80408, 34.20631], [-79.80413, 34.20636], [-79.80429, 34.20643], [-79.80453, 34.20659], [-79.80468, 34.20666], [-79.8049, 34.20677], [-79.80508, 34.20684], [-79.80528, 34.20693], [-79.80623, 34.20717], [-79.80651, 34.20719], [-79.80689, 34.20717], [-79.80721, 34.20714], [-79.80774, 34.20715], [-79.80807, 34.20715], [-79.8083, 34.2073], [-79.80837, 34.20734], [-79.80838, 34.20734], [-79.80841, 34.20734], [-79.80847, 34.20721], [-79.80849, 34.20722], [-79.80866, 34.20713], [-79.80879, 34.20705], [-79.80886, 34.20689], [-79.80693, 34.20603], [-79.80626, 34.20572], [-79.80102, 34.20339], [-79.80117, 34.20278], [-79.80107, 34.20273], [-79.80035, 34.20243], [-79.80018, 34.20236], [-79.80034, 34.20186], [-79.80037, 34.20177], [-79.80054, 34.20124], [-79.80059, 34.20109], [-79.80071, 34.20112], [-79.80075, 34.20113], [-79.80196, 34.20145], [-79.80233, 34.20154], [-79.80248, 34.20099], [-79.80264, 34.20103], [-79.80276, 34.20106], [-79.80306, 34.19997], [-79.80319, 34.19949], [-79.80239, 34.19855], [-79.80234, 34.1985], [-79.80278, 34.19825], [-79.80318, 34.19802], [-79.80392, 34.19758], [-79.80413, 34.19744], [-79.80426, 34.19734], [-79.8044, 34.19719], [-79.80467, 34.19687], [-79.80475, 34.19679], [-79.80483, 34.19673], [-79.80492, 34.19667], [-79.80501, 34.19663], [-79.80516, 34.19657], [-79.80534, 34.19649], [-79.80588, 34.19627], [-79.80614, 34.19616], [-79.80678, 34.19587], [-79.80708, 34.19571], [-79.80718, 34.19576], [-79.80966, 34.19716], [-79.81065, 34.19588], [-79.81178, 34.19652], [-79.812, 34.19625], [-79.81255, 34.19655], [-79.81261, 34.19658], [-79.81273, 34.19643], [-79.81268, 34.1964], [-79.81213, 34.19609], [-79.81236, 34.19581], [-79.81297, 34.19614], [-79.81308, 34.19601], [-79.81355, 34.19543], [-79.81401, 34.19484], [-79.81405, 34.19486], [-79.81464, 34.19518], [-79.81509, 34.1947], [-79.81542, 34.19487], [-79.81517, 34.19512], [-79.81502, 34.19526], [-79.81494, 34.19535], [-79.81544, 34.19563], [-79.81574, 34.19532], [-79.81592, 34.19514], [-79.81635, 34.19471], [-79.81639, 34.19467], [-79.81647, 34.19459], [-79.81654, 34.19465], [-79.81672, 34.19478], [-79.81693, 34.19495], [-79.81701, 34.19501], [-79.81698, 34.19503], [-79.81677, 34.19525], [-79.81617, 34.19586], [-79.81613, 34.19591], [-79.81606, 34.19597], [-79.8166, 34.19627], [-79.81694, 34.19646], [-79.8171, 34.19655], [-79.81742, 34.19672], [-79.81815, 34.19712], [-79.81867, 34.19741], [-79.81872, 34.19744], [-79.81853, 34.19764], [-79.81776, 34.19843], [-79.81836, 34.19876], [-79.81834, 34.19879], [-79.81826, 34.19886], [-79.81806, 34.19906], [-79.81779, 34.19891], [-79.81746, 34.19873], [-79.81631, 34.1999], [-79.81562, 34.20065], [-79.81517, 34.20111], [-79.81571, 34.20148], [-79.81543, 34.20178], [-79.81486, 34.2014], [-79.81458, 34.20169], [-79.8143, 34.20198], [-79.81417, 34.20212], [-79.81374, 34.20256], [-79.81346, 34.20285], [-79.81318, 34.20314], [-79.8129, 34.20343], [-79.81262, 34.20372], [-79.81305, 34.204], [-79.81313, 34.20405], [-79.81318, 34.20408], [-79.81322, 34.20411], [-79.81343, 34.20386], [-79.81387, 34.20414], [-79.81337, 34.20461], [-79.81299, 34.20437], [-79.81234, 34.204], [-79.81197, 34.20438], [-79.81186, 34.20433], [-79.81157, 34.20411], [-79.81128, 34.20388], [-79.81126, 34.20386], [-79.81102, 34.20367], [-79.81099, 34.20365], [-79.81059, 34.20334], [-79.80974, 34.20268], [-79.80946, 34.20247], [-79.80914, 34.20222], [-79.8086, 34.20181], [-79.80848, 34.20172], [-79.80809, 34.20141], [-79.80778, 34.20116], [-79.80619, 34.19989], [-79.80678, 34.20089], [-79.80702, 34.20135], [-79.80645, 34.20156], [-79.80666, 34.20196], [-79.80663, 34.20197], [-79.8066, 34.20198], [-79.80665, 34.20208], [-79.80667, 34.20211], [-79.8067, 34.2021], [-79.80673, 34.20209], [-79.8086, 34.20563], [-79.80897, 34.2055], [-79.80918, 34.20542], [-79.80905, 34.20517], [-79.80914, 34.20514], [-79.80971, 34.20492], [-79.80977, 34.2049], [-79.80994, 34.20521], [-79.8092, 34.20547], [-79.80945, 34.20593], [-79.8101, 34.20546], [-79.81037, 34.20566], [-79.81043, 34.20571], [-79.80965, 34.2063], [-79.80985, 34.20669], [-79.81005, 34.20707], [-79.81043, 34.20674], [-79.81095, 34.20713], [-79.8108, 34.20726], [-79.81069, 34.20736], [-79.81041, 34.2076], [-79.8104, 34.20761], [-79.81107, 34.20793], [-79.81117, 34.20797], [-79.81217, 34.20845], [-79.81232, 34.20852], [-79.81275, 34.20814], [-79.81304, 34.20789], [-79.81315, 34.2078], [-79.81318, 34.20778], [-79.81326, 34.20775], [-79.81372, 34.20753], [-79.81415, 34.20715], [-79.81425, 34.20707], [-79.81407, 34.20693], [-79.81412, 34.2069], [-79.81418, 34.20685], [-79.81457, 34.20651], [-79.81497, 34.20683], [-79.81499, 34.20684], [-79.81515, 34.20672], [-79.81523, 34.20677], [-79.81548, 34.20694], [-79.81569, 34.20709], [-79.81565, 34.20712], [-79.81629, 34.20753], [-79.81609, 34.20771], [-79.81559, 34.20732], [-79.81551, 34.20725], [-79.81545, 34.2072], [-79.81496, 34.20745], [-79.81381, 34.20807], [-79.81263, 34.20867], [-79.81008, 34.20997], [-79.80969, 34.21017], [-79.80908, 34.21051], [-79.80897, 34.21058], [-79.80898, 34.21059], [-79.80902, 34.21062], [-79.80905, 34.21065], [-79.80922, 34.21077], [-79.80944, 34.21091], [-79.80973, 34.21109], [-79.81093, 34.21183], [-79.81106, 34.2119], [-79.81112, 34.21181], [-79.81116, 34.21176], [-79.81127, 34.21163], [-79.81161, 34.21124], [-79.812, 34.21098], [-79.81256, 34.21156], [-79.813, 34.21126], [-79.81319, 34.21113], [-79.81341, 34.21102], [-79.81364, 34.21096], [-79.81391, 34.2109], [-79.81445, 34.21084], [-79.81472, 34.21085], [-79.81529, 34.21093], [-79.81574, 34.21101], [-79.81625, 34.2111], [-79.81689, 34.21118], [-79.81714, 34.2112], [-79.81719, 34.2112], [-79.81722, 34.21121], [-79.81767, 34.21123], [-79.81812, 34.21125], [-79.81867, 34.21128], [-79.81942, 34.21137], [-79.81951, 34.21118], [-79.81962, 34.21098], [-79.81976, 34.21058], [-79.81985, 34.21034], [-79.82, 34.2099], [-79.82012, 34.20957], [-79.82006, 34.20895], [-79.82001, 34.20837], [-79.81997, 34.20833], [-79.82024, 34.20803], [-79.82027, 34.20805], [-79.8206, 34.20825], [-79.821, 34.20781], [-79.82101, 34.20782], [-79.82104, 34.20783], [-79.82115, 34.2079], [-79.82124, 34.20779], [-79.8214, 34.20758], [-79.82154, 34.20743], [-79.82183, 34.2076], [-79.82225, 34.20787], [-79.8219, 34.20827], [-79.82185, 34.20824], [-79.8218, 34.2083], [-79.82175, 34.20835], [-79.82139, 34.20875], [-79.82158, 34.20887], [-79.82178, 34.20899], [-79.82181, 34.2091], [-79.82185, 34.2093], [-79.82185, 34.20932], [-79.82189, 34.2095], [-79.82236, 34.20944], [-79.82246, 34.20981], [-79.82259, 34.21025], [-79.82269, 34.21023], [-79.82271, 34.21031], [-79.82289, 34.21111], [-79.82296, 34.21142], [-79.82311, 34.2114], [-79.82337, 34.21137], [-79.82357, 34.21135], [-79.82378, 34.21132], [-79.82371, 34.21102], [-79.82352, 34.21018], [-79.82351, 34.21011], [-79.82328, 34.21014], [-79.82308, 34.2094], [-79.82304, 34.20934], [-79.82299, 34.20927], [-79.82293, 34.20922], [-79.82278, 34.20908], [-79.82285, 34.20904], [-79.82339, 34.2087], [-79.82334, 34.20864], [-79.82309, 34.20833], [-79.82257, 34.20876], [-79.82251, 34.20881], [-79.82246, 34.20875], [-79.82231, 34.20863], [-79.82222, 34.20856], [-79.82227, 34.2085], [-79.82265, 34.20808], [-79.82273, 34.20813], [-79.8231, 34.20772], [-79.82316, 34.20763], [-79.82319, 34.20757], [-79.82315, 34.20755], [-79.82353, 34.20713], [-79.82344, 34.20707], [-79.82335, 34.20702], [-79.82311, 34.20687], [-79.82276, 34.20665], [-79.82269, 34.20671], [-79.82247, 34.20697], [-79.82237, 34.20708], [-79.82233, 34.20713], [-79.8223, 34.20712], [-79.82218, 34.20704], [-79.82197, 34.20692], [-79.82191, 34.20688], [-79.82154, 34.20666], [-79.82076, 34.20617], [-79.82121, 34.2057], [-79.82156, 34.20535], [-79.82169, 34.20523], [-79.82161, 34.20518], [-79.82168, 34.2051], [-79.82108, 34.20473], [-79.82191, 34.20387], [-79.82157, 34.20365], [-79.82158, 34.20363], [-79.82159, 34.2036], [-79.82159, 34.20354], [-79.82157, 34.2035], [-79.82152, 34.20346], [-79.8221, 34.20327], [-79.82214, 34.20329], [-79.82235, 34.20342], [-79.82255, 34.2032], [-79.82305, 34.20353], [-79.82312, 34.20358], [-79.82313, 34.20357], [-79.82319, 34.20353], [-79.82328, 34.20348], [-79.82311, 34.20311], [-79.82302, 34.20288], [-79.82306, 34.20287], [-79.82368, 34.20272], [-79.82378, 34.20268], [-79.82388, 34.20295], [-79.82466, 34.20274], [-79.82459, 34.20255], [-79.82457, 34.20252], [-79.82393, 34.20267], [-79.82391, 34.20268], [-79.82381, 34.20242], [-79.8237, 34.20221], [-79.82365, 34.20211], [-79.82342, 34.20186], [-79.82337, 34.20181], [-79.8237, 34.20145], [-79.82382, 34.20132], [-79.82384, 34.20131], [-79.82382, 34.2013], [-79.82381, 34.20129], [-79.82371, 34.20123], [-79.8239, 34.20104], [-79.82395, 34.201], [-79.82432, 34.20062], [-79.82438, 34.20055], [-79.82435, 34.20053], [-79.82414, 34.20042], [-79.82382, 34.20024], [-79.82376, 34.20021], [-79.82368, 34.20028], [-79.8232, 34.2008], [-79.82347, 34.20104], [-79.82353, 34.20107], [-79.82349, 34.20112], [-79.8232, 34.20143], [-79.82313, 34.20151], [-79.82302, 34.20158], [-79.82294, 34.20162], [-79.82261, 34.20197], [-79.82256, 34.20202], [-79.8226, 34.20204], [-79.82264, 34.20207], [-79.82287, 34.20223], [-79.823, 34.20233], [-79.82296, 34.20234], [-79.82273, 34.20243], [-79.82241, 34.20255], [-79.82237, 34.20253], [-79.82234, 34.20252], [-79.8223, 34.20252], [-79.82227, 34.20252], [-79.82212, 34.20242], [-79.82226, 34.20229], [-79.82255, 34.20203], [-79.82227, 34.20181], [-79.82235, 34.20173], [-79.82277, 34.20131], [-79.82284, 34.20124], [-79.82291, 34.20117], [-79.82318, 34.20087], [-79.82286, 34.20059], [-79.82284, 34.20057], [-79.82296, 34.20042], [-79.82324, 34.20009], [-79.82333, 34.19998], [-79.82329, 34.19996], [-79.82325, 34.19994], [-79.82364, 34.19946], [-79.82545, 34.19727], [-79.82694, 34.19546], [-79.82753, 34.19474], [-79.82833, 34.19377], [-79.82965, 34.19216], [-79.8297, 34.19218], [-79.82974, 34.19223], [-79.82976, 34.19226], [-79.82977, 34.19229], [-79.8298, 34.19246], [-79.82981, 34.19251], [-79.82984, 34.19255], [-79.82991, 34.19261], [-79.83003, 34.1927], [-79.83016, 34.19281], [-79.83024, 34.19289], [-79.83029, 34.19296], [-79.8304, 34.19315], [-79.83068, 34.19345], [-79.83084, 34.19359], [-79.83087, 34.19363], [-79.83088, 34.19365], [-79.83088, 34.19367], [-79.83087, 34.1937], [-79.83084, 34.19377], [-79.83081, 34.19386], [-79.83065, 34.19437], [-79.83057, 34.19458], [-79.83056, 34.19463], [-79.83056, 34.19468], [-79.83055, 34.19473], [-79.83055, 34.19476], [-79.83059, 34.19497], [-79.83061, 34.19506], [-79.83064, 34.19521], [-79.83065, 34.1954], [-79.83065, 34.19541], [-79.83067, 34.19552], [-79.8307, 34.19561], [-79.8307, 34.19565], [-79.83329, 34.19651], [-79.83386, 34.19534], [-79.83786, 34.19668], [-79.83782, 34.19673], [-79.83794, 34.19678], [-79.83812, 34.19686], [-79.83829, 34.19693], [-79.83843, 34.19699], [-79.83859, 34.19705], [-79.83879, 34.19714], [-79.83932, 34.19736], [-79.8397, 34.19752], [-79.84005, 34.19766], [-79.84058, 34.19734], [-79.84122, 34.19706], [-79.84175, 34.19692], [-79.84239, 34.19673], [-79.84284, 34.19662], [-79.84325, 34.19646], [-79.84395, 34.19639], [-79.84443, 34.19636], [-79.84488, 34.19635], [-79.84578, 34.19652], [-79.84615, 34.19658], [-79.84649, 34.19665], [-79.84698, 34.19678], [-79.84705, 34.19666], [-79.84801, 34.19694], [-79.84875, 34.1971], [-79.84897, 34.19741], [-79.8486, 34.19829], [-79.84854, 34.19845], [-79.84869, 34.19849], [-79.8485, 34.19896], [-79.84843, 34.19914], [-79.84829, 34.19949], [-79.84819, 34.1997], [-79.84802, 34.19987], [-79.84787, 34.20002], [-79.8479, 34.20011], [-79.84792, 34.20017], [-79.84797, 34.20032], [-79.84802, 34.20048], [-79.84822, 34.2011], [-79.84855, 34.20213], [-79.8486, 34.20229], [-79.84874, 34.20273], [-79.84879, 34.20288], [-79.84893, 34.20325], [-79.84903, 34.20356], [-79.84909, 34.20371], [-79.84909, 34.20372], [-79.84887, 34.20401], [-79.84781, 34.20543], [-79.8474, 34.20597], [-79.84699, 34.20578], [-79.84714, 34.20547], [-79.84725, 34.20532], [-79.84725, 34.20528], [-79.84726, 34.20523], [-79.84736, 34.20503], [-79.84713, 34.20496], [-79.84696, 34.2049], [-79.84668, 34.20546], [-79.84626, 34.2063], [-79.84582, 34.2072], [-79.84569, 34.20747], [-79.84553, 34.2078], [-79.84511, 34.20769], [-79.84421, 34.20745], [-79.84339, 34.20724], [-79.84252, 34.207], [-79.84167, 34.20676], [-79.84067, 34.20649], [-79.84026, 34.20638], [-79.8399, 34.20627], [-79.83978, 34.20623], [-79.83966, 34.20648], [-79.83947, 34.20691], [-79.83944, 34.20704], [-79.83944, 34.20712], [-79.84012, 34.20727], [-79.84027, 34.2073], [-79.84128, 34.20749], [-79.84151, 34.20755], [-79.84213, 34.2077], [-79.84234, 34.20775], [-79.84245, 34.20777], [-79.84316, 34.20792], [-79.84378, 34.20805], [-79.84401, 34.20743], [-79.84422, 34.20749], [-79.8451, 34.20771], [-79.84551, 34.20782], [-79.84526, 34.20836], [-79.84551, 34.20841], [-79.84596, 34.20851], [-79.84646, 34.20861], [-79.84727, 34.20878], [-79.84733, 34.20868], [-79.84736, 34.20864], [-79.84861, 34.20695], [-79.84903, 34.20713], [-79.8491, 34.20695], [-79.84918, 34.20674], [-79.84926, 34.20653], [-79.84934, 34.20633], [-79.84965, 34.20557], [-79.84972, 34.20586], [-79.84986, 34.20639], [-79.84993, 34.20666], [-79.84983, 34.20691], [-79.84976, 34.2071], [-79.84967, 34.20732], [-79.84959, 34.20753], [-79.84951, 34.20774], [-79.84943, 34.20795], [-79.84935, 34.20816], [-79.84927, 34.20837], [-79.84919, 34.20858], [-79.84911, 34.20879], [-79.84903, 34.20898], [-79.84901, 34.20904], [-79.84897, 34.20914], [-79.84903, 34.20915], [-79.85037, 34.20942], [-79.85057, 34.20947], [-79.85098, 34.20955], [-79.85179, 34.20708], [-79.85251, 34.20768], [-79.8519, 34.20963], [-79.85187, 34.20974], [-79.85191, 34.20975], [-79.85214, 34.20979], [-79.85223, 34.20981], [-79.85223, 34.2099], [-79.85221, 34.21073], [-79.85234, 34.21076], [-79.8524, 34.21077], [-79.85235, 34.21281], [-79.85235, 34.21288], [-79.85213, 34.2131], [-79.85206, 34.21538], [-79.8519, 34.22069], [-79.84887, 34.22127], [-79.84692, 34.22166], [-79.84585, 34.22188], [-79.8461, 34.22217], [-79.84617, 34.2223], [-79.84627, 34.22243], [-79.84655, 34.22273], [-79.84679, 34.22305], [-79.84708, 34.22338], [-79.84741, 34.22376], [-79.84757, 34.22397], [-79.84777, 34.22426], [-79.84825, 34.22495], [-79.84888, 34.2255], [-79.85182, 34.22357], [-79.85202, 34.22226], [-79.85342, 34.22252], [-79.85931, 34.21865], [-79.86031, 34.21799], [-79.86198, 34.21689], [-79.86187, 34.21661], [-79.8618, 34.21639], [-79.86173, 34.2162], [-79.86166, 34.21598], [-79.86156, 34.21559], [-79.86128, 34.21406], [-79.85903, 34.21341], [-79.85904, 34.21335], [-79.85907, 34.21323], [-79.85921, 34.2126], [-79.85943, 34.21161], [-79.85945, 34.21153], [-79.85919, 34.21147], [-79.85909, 34.21174], [-79.85897, 34.21207], [-79.85865, 34.21199], [-79.85884, 34.21148], [-79.85888, 34.21139], [-79.85872, 34.21135], [-79.85868, 34.21146], [-79.8585, 34.21195], [-79.85741, 34.21167], [-79.85759, 34.21118], [-79.85763, 34.21107], [-79.85747, 34.21103], [-79.85745, 34.2111], [-79.85743, 34.21115], [-79.85725, 34.21163], [-79.85676, 34.21151], [-79.85647, 34.21144], [-79.85612, 34.21134], [-79.85503, 34.21106], [-79.85525, 34.21047], [-79.85509, 34.21043], [-79.85477, 34.21035], [-79.85476, 34.2104], [-79.85474, 34.21045], [-79.85457, 34.21094], [-79.85391, 34.21081], [-79.85381, 34.21107], [-79.85286, 34.21087], [-79.85313, 34.21], [-79.85297, 34.20997], [-79.85246, 34.20986], [-79.85247, 34.20976], [-79.85302, 34.208], [-79.85304, 34.20794], [-79.85347, 34.20789], [-79.85433, 34.20854], [-79.85438, 34.20858], [-79.8551, 34.20494], [-79.85652, 34.20232], [-79.85744, 34.20038], [-79.85759, 34.19985], [-79.86321, 34.20189], [-79.86333, 34.20193], [-79.86349, 34.20199], [-79.86354, 34.20162], [-79.86358, 34.20137], [-79.86363, 34.20099], [-79.86476, 34.19314], [-79.86479, 34.1929], [-79.8648, 34.19288], [-79.86535, 34.19336], [-79.86598, 34.19391], [-79.86704, 34.19484], [-79.86693, 34.19495], [-79.86625, 34.19562], [-79.86774, 34.19616], [-79.86912, 34.19665], [-79.869, 34.19597], [-79.86896, 34.19572], [-79.86981, 34.19586], [-79.86993, 34.19592], [-79.87002, 34.19596], [-79.87043, 34.19591], [-79.87095, 34.19606], [-79.8721, 34.19588], [-79.87243, 34.19596], [-79.87262, 34.19576], [-79.87296, 34.19571], [-79.87327, 34.19566], [-79.87268, 34.1946], [-79.87248, 34.19423], [-79.87501, 34.19178], [-79.87528, 34.19181], [-79.87644, 34.18982], [-79.88156, 34.19101], [-79.88227, 34.18993], [-79.8818, 34.18972], [-79.88125, 34.18948], [-79.87969, 34.18879], [-79.87885, 34.18841], [-79.87872, 34.18836], [-79.8786, 34.18831], [-79.87808, 34.18809], [-79.8772, 34.18773], [-79.87678, 34.18756], [-79.87673, 34.18763], [-79.87671, 34.18765], [-79.87611, 34.18862], [-79.87557, 34.18955], [-79.87545, 34.18976], [-79.87487, 34.19073], [-79.87457, 34.19102], [-79.8729, 34.19266], [-79.87144, 34.19409], [-79.87085, 34.19467], [-79.87001, 34.19559], [-79.86979, 34.19583], [-79.86892, 34.19569], [-79.86897, 34.19595], [-79.86908, 34.19661], [-79.86768, 34.1961], [-79.8663, 34.19561], [-79.86695, 34.19497], [-79.86708, 34.19484], [-79.86589, 34.1938], [-79.86545, 34.19341], [-79.86511, 34.19311], [-79.8648, 34.19284], [-79.86476, 34.19288], [-79.86473, 34.19312], [-79.86361, 34.20095], [-79.86104, 34.20004], [-79.85786, 34.19892], [-79.85785, 34.19895], [-79.8553, 34.19805], [-79.85484, 34.19788], [-79.8543, 34.19768], [-79.85387, 34.1975], [-79.85334, 34.19728], [-79.85295, 34.19713], [-79.8525, 34.19695], [-79.852, 34.19676], [-79.85141, 34.19653], [-79.85134, 34.1965], [-79.85085, 34.19632], [-79.85048, 34.19618], [-79.8499, 34.19595], [-79.84986, 34.19593], [-79.84982, 34.19591], [-79.84984, 34.19587], [-79.84974, 34.19583], [-79.84961, 34.19576], [-79.84848, 34.19523], [-79.84825, 34.19511], [-79.848, 34.19495], [-79.8478, 34.1948], [-79.84763, 34.19465], [-79.84746, 34.19445], [-79.84724, 34.19412], [-79.84711, 34.19384], [-79.84707, 34.19374], [-79.84705, 34.19363], [-79.84699, 34.19322], [-79.84726, 34.19237], [-79.84742, 34.19208], [-79.84755, 34.19188], [-79.84777, 34.19165], [-79.84793, 34.19153], [-79.84807, 34.19142], [-79.84854, 34.19112], [-79.84855, 34.19111], [-79.84867, 34.19103], [-79.84879, 34.19095], [-79.84869, 34.19084], [-79.84847, 34.19058], [-79.84838, 34.19046], [-79.84828, 34.19034], [-79.84824, 34.19029], [-79.84805, 34.19005], [-79.84702, 34.189], [-79.84683, 34.1888], [-79.8467, 34.18887], [-79.84659, 34.18895], [-79.84652, 34.18899], [-79.8445, 34.19031], [-79.8444, 34.19039], [-79.84354, 34.19011], [-79.8435, 34.1901], [-79.84335, 34.19041], [-79.84277, 34.19162], [-79.84272, 34.1916], [-79.84254, 34.19152], [-79.8424, 34.19145], [-79.84183, 34.19112], [-79.84171, 34.19105], [-79.8411, 34.19081], [-79.84078, 34.19064], [-79.84043, 34.19047], [-79.84031, 34.19041], [-79.83994, 34.19025], [-79.83934, 34.19002], [-79.83901, 34.18992], [-79.83907, 34.18981], [-79.83921, 34.18955], [-79.8398, 34.18842], [-79.84001, 34.18801], [-79.8405, 34.18714], [-79.84124, 34.1859], [-79.8413, 34.18576], [-79.84155, 34.18578], [-79.84188, 34.18581], [-79.84209, 34.18584], [-79.84228, 34.18587], [-79.84261, 34.18596], [-79.84289, 34.18604], [-79.84315, 34.18611], [-79.84345, 34.18622], [-79.84377, 34.18636], [-79.844, 34.18646], [-79.84419, 34.18656], [-79.84437, 34.18667], [-79.84459, 34.18681], [-79.84471, 34.18689], [-79.84497, 34.18708], [-79.8452, 34.18727], [-79.84529, 34.18735], [-79.84544, 34.1875], [-79.84565, 34.18771], [-79.84572, 34.1878], [-79.84582, 34.18791], [-79.84614, 34.18826], [-79.84684, 34.18781], [-79.84916, 34.18615], [-79.85036, 34.18529], [-79.85027, 34.18527], [-79.85001, 34.18515], [-79.84984, 34.18501], [-79.84969, 34.18483], [-79.84953, 34.18463], [-79.84933, 34.18446], [-79.84914, 34.1843], [-79.84898, 34.1842], [-79.84852, 34.18418], [-79.84846, 34.18416], [-79.84836, 34.18411], [-79.84835, 34.18399], [-79.84831, 34.18397], [-79.84815, 34.18391], [-79.84801, 34.18382], [-79.84792, 34.18371], [-79.84776, 34.18362], [-79.84756, 34.18356], [-79.84743, 34.18348], [-79.84728, 34.18348], [-79.84719, 34.18345], [-79.84699, 34.18335], [-79.84684, 34.18331], [-79.8467, 34.18325], [-79.84643, 34.18316], [-79.84634, 34.18313], [-79.84608, 34.18308], [-79.84571, 34.18298], [-79.8454, 34.18281], [-79.84532, 34.18274], [-79.84513, 34.1827], [-79.84508, 34.1827], [-79.84477, 34.18261], [-79.84454, 34.18256], [-79.84443, 34.18248], [-79.84438, 34.18243], [-79.84418, 34.18235], [-79.84396, 34.18225], [-79.8438, 34.1821], [-79.84359, 34.18204], [-79.84335, 34.182], [-79.84305, 34.18187], [-79.84296, 34.18179], [-79.84279, 34.18178], [-79.84245, 34.18176], [-79.84217, 34.18163], [-79.84183, 34.18167], [-79.84154, 34.18167], [-79.84119, 34.18154], [-79.84106, 34.18145], [-79.84095, 34.18135], [-79.84086, 34.1813], [-79.84085, 34.18129], [-79.84072, 34.18128], [-79.84064, 34.18114], [-79.84056, 34.18115], [-79.84037, 34.18121], [-79.84027, 34.18128], [-79.84011, 34.18131], [-79.83977, 34.18131], [-79.83962, 34.18135], [-79.83948, 34.18145], [-79.83922, 34.18154], [-79.83891, 34.18164], [-79.83881, 34.18168], [-79.83859, 34.18165], [-79.83857, 34.18163], [-79.83851, 34.18158], [-79.83848, 34.18156], [-79.83844, 34.18153], [-79.83823, 34.18152], [-79.8381, 34.18152], [-79.83791, 34.18149], [-79.83772, 34.18148], [-79.83753, 34.1815], [-79.8372, 34.18164], [-79.83696, 34.18167], [-79.83657, 34.18171], [-79.8364, 34.18182], [-79.83628, 34.18193], [-79.83614, 34.18197], [-79.83593, 34.18197], [-79.8358, 34.18191], [-79.83564, 34.18189], [-79.8354, 34.18191], [-79.83527, 34.18203], [-79.83514, 34.18208], [-79.835, 34.18212], [-79.8349, 34.18215], [-79.83483, 34.18217], [-79.83465, 34.18216], [-79.83441, 34.18221], [-79.83418, 34.18228], [-79.83397, 34.1823], [-79.83341, 34.18249], [-79.83286, 34.18266], [-79.83255, 34.18273], [-79.83243, 34.1828], [-79.83225, 34.1828], [-79.83216, 34.18281], [-79.83187, 34.18287], [-79.83118, 34.1818], [-79.83138, 34.18174], [-79.83159, 34.18168], [-79.83406, 34.18101], [-79.83548, 34.18061], [-79.83575, 34.18054], [-79.83626, 34.1804], [-79.84117, 34.17905], [-79.84251, 34.17868], [-79.84814, 34.17713], [-79.84935, 34.17681], [-79.8499, 34.17666], [-79.85004, 34.17662], [-79.85038, 34.17653], [-79.85061, 34.17647], [-79.85073, 34.17643], [-79.85142, 34.17624], [-79.8517, 34.17617], [-79.85173, 34.17616], [-79.85199, 34.1762], [-79.85243, 34.17626], [-79.85269, 34.17631], [-79.8555, 34.17677], [-79.8554, 34.17763], [-79.85427, 34.17744], [-79.85422, 34.17743], [-79.85416, 34.17744], [-79.8541, 34.17744], [-79.85404, 34.17746], [-79.85399, 34.17748], [-79.85394, 34.1775], [-79.8539, 34.17754], [-79.85386, 34.17757], [-79.85383, 34.17761], [-79.85381, 34.17766], [-79.85379, 34.17771], [-79.85378, 34.17775], [-79.8537, 34.17866], [-79.85271, 34.1786], [-79.85249, 34.17859], [-79.85247, 34.17882], [-79.85269, 34.17883], [-79.85343, 34.17888], [-79.85351, 34.17895], [-79.85351, 34.179], [-79.8535, 34.17906], [-79.85351, 34.17912], [-79.85352, 34.17918], [-79.85354, 34.17924], [-79.85357, 34.17929], [-79.8536, 34.17935], [-79.8539, 34.17978], [-79.85392, 34.17978], [-79.85464, 34.17932], [-79.85569, 34.17865], [-79.85588, 34.17684], [-79.8582, 34.17721], [-79.85916, 34.17736], [-79.85999, 34.17749], [-79.86021, 34.17754], [-79.86026, 34.17755], [-79.86039, 34.17758], [-79.86041, 34.17758], [-79.86063, 34.17763], [-79.86103, 34.17772], [-79.86255, 34.17805], [-79.86281, 34.17809], [-79.86294, 34.17811], [-79.86322, 34.17816], [-79.86324, 34.17816], [-79.86372, 34.17812], [-79.86402, 34.1781], [-79.86405, 34.1781], [-79.86406, 34.1781], [-79.86434, 34.17837], [-79.86466, 34.17859], [-79.86476, 34.17866], [-79.86487, 34.17873], [-79.86497, 34.17881], [-79.86532, 34.17941], [-79.86524, 34.17945], [-79.86489, 34.17961], [-79.86469, 34.17974], [-79.86475, 34.17979], [-79.86499, 34.18004], [-79.86515, 34.17994], [-79.86509, 34.17983], [-79.86542, 34.1797], [-79.86548, 34.17967], [-79.86598, 34.18052], [-79.86612, 34.18076], [-79.8662, 34.1809], [-79.86643, 34.18082], [-79.86656, 34.18079], [-79.86652, 34.18069], [-79.86648, 34.18055], [-79.86646, 34.18047], [-79.86642, 34.18032], [-79.86638, 34.1801], [-79.86637, 34.18], [-79.86635, 34.17988], [-79.86635, 34.17984], [-79.86634, 34.17968], [-79.86635, 34.17952], [-79.86635, 34.17936], [-79.86637, 34.1792], [-79.8664, 34.17905], [-79.86646, 34.17871], [-79.86649, 34.17849], [-79.86651, 34.1784], [-79.86651, 34.17833], [-79.86656, 34.17812], [-79.86659, 34.17812], [-79.86664, 34.17812], [-79.86664, 34.17807], [-79.86664, 34.17805], [-79.86679, 34.17804], [-79.867, 34.17804], [-79.86721, 34.17803], [-79.86742, 34.17802], [-79.86777, 34.178], [-79.86792, 34.178], [-79.86835, 34.17798], [-79.86845, 34.17798], [-79.86854, 34.17777], [-79.86869, 34.17744], [-79.86877, 34.17725], [-79.8689, 34.17694], [-79.86894, 34.17687], [-79.86906, 34.17659], [-79.8692, 34.17627], [-79.86933, 34.17596], [-79.86952, 34.17553], [-79.86978, 34.17495], [-79.86979, 34.17491], [-79.87015, 34.17408], [-79.87024, 34.17387], [-79.87034, 34.17364], [-79.87043, 34.17346], [-79.87061, 34.17304], [-79.87079, 34.17263], [-79.87092, 34.17232], [-79.87106, 34.17239], [-79.87106, 34.17251], [-79.87107, 34.17266], [-79.87109, 34.17282], [-79.87114, 34.17301], [-79.87123, 34.17299], [-79.87181, 34.17289], [-79.87235, 34.17233], [-79.87309, 34.17268], [-79.87323, 34.17263], [-79.87341, 34.17245], [-79.87349, 34.17243], [-79.87351, 34.17245], [-79.87343, 34.17259], [-79.87325, 34.17274], [-79.87328, 34.17278], [-79.87299, 34.17309], [-79.87293, 34.17309], [-79.87288, 34.17309], [-79.87282, 34.17311], [-79.87278, 34.17314], [-79.87259, 34.17335], [-79.87252, 34.17342], [-79.87243, 34.17346], [-79.87234, 34.17348], [-79.87216, 34.1735], [-79.87198, 34.1735], [-79.87188, 34.17351], [-79.8716, 34.17352], [-79.87148, 34.17351], [-79.87137, 34.17351], [-79.87127, 34.17352], [-79.87115, 34.17351], [-79.87114, 34.17354], [-79.87101, 34.17386], [-79.87213, 34.17428], [-79.87182, 34.17486], [-79.87146, 34.17501], [-79.8715, 34.17512], [-79.87153, 34.17523], [-79.87153, 34.17534], [-79.87153, 34.17544], [-79.87293, 34.1758], [-79.87336, 34.17426], [-79.87414, 34.17442], [-79.87415, 34.17443], [-79.87417, 34.1744], [-79.8742, 34.17438], [-79.87427, 34.17439], [-79.87531, 34.17462], [-79.87575, 34.17474], [-79.87555, 34.17511], [-79.87581, 34.17521], [-79.87612, 34.17539], [-79.87659, 34.17571], [-79.87686, 34.17583], [-79.87736, 34.17618], [-79.87761, 34.17636], [-79.87789, 34.17656], [-79.87813, 34.1768], [-79.87864, 34.17733], [-79.87889, 34.17762], [-79.87869, 34.17782], [-79.87871, 34.17782], [-79.87873, 34.17783], [-79.87876, 34.17785], [-79.87879, 34.17788], [-79.8788, 34.17791], [-79.87881, 34.17794], [-79.87881, 34.17799], [-79.87878, 34.17802], [-79.87875, 34.17805], [-79.87872, 34.17808], [-79.87868, 34.17808], [-79.87863, 34.17809], [-79.87861, 34.17808], [-79.87858, 34.17807], [-79.87839, 34.17843], [-79.87802, 34.17821], [-79.8777, 34.17801], [-79.87737, 34.17783], [-79.87715, 34.17769], [-79.87686, 34.17758], [-79.87652, 34.17755], [-79.87594, 34.17749], [-79.87584, 34.17741], [-79.87577, 34.1774], [-79.87554, 34.17739], [-79.87532, 34.17737], [-79.87506, 34.17733], [-79.87502, 34.17739], [-79.87482, 34.17774], [-79.87478, 34.17772], [-79.87446, 34.17801], [-79.8741, 34.17798], [-79.87399, 34.17796], [-79.87398, 34.17799], [-79.87349, 34.17887], [-79.87359, 34.1789], [-79.87476, 34.17934], [-79.87479, 34.17928], [-79.87571, 34.17975], [-79.87778, 34.18083], [-79.87805, 34.18099], [-79.87814, 34.181], [-79.87827, 34.18104], [-79.87851, 34.18112], [-79.87885, 34.18122], [-79.87938, 34.18147], [-79.87974, 34.18061], [-79.87925, 34.18008], [-79.87922, 34.18008], [-79.87917, 34.18006], [-79.87921, 34.17998], [-79.87933, 34.17972], [-79.87978, 34.1787], [-79.87989, 34.1784], [-79.87992, 34.17829], [-79.87992, 34.17817], [-79.87991, 34.17805], [-79.87989, 34.17793], [-79.87978, 34.17759], [-79.8797, 34.17745], [-79.87985, 34.17739], [-79.87992, 34.17737], [-79.87998, 34.17735], [-79.88004, 34.17732], [-79.88011, 34.17728], [-79.88015, 34.17727], [-79.88018, 34.17727], [-79.88022, 34.17725], [-79.88025, 34.17725], [-79.88028, 34.17724], [-79.88031, 34.17723], [-79.88037, 34.17721], [-79.88042, 34.1772], [-79.88044, 34.17719], [-79.88047, 34.17721], [-79.88051, 34.17724], [-79.88054, 34.17728], [-79.88058, 34.17733], [-79.88061, 34.17738], [-79.88064, 34.17744], [-79.8807, 34.17751], [-79.88072, 34.17757], [-79.88073, 34.1777], [-79.88085, 34.17803], [-79.88105, 34.17768], [-79.8813, 34.17725], [-79.88134, 34.17704], [-79.88139, 34.17685], [-79.88137, 34.1765], [-79.88112, 34.17599], [-79.88102, 34.17579], [-79.88015, 34.175], [-79.88112, 34.17567], [-79.88177, 34.17605], [-79.88183, 34.17601], [-79.88195, 34.17598], [-79.88211, 34.17597], [-79.88217, 34.17597], [-79.88228, 34.17595], [-79.88233, 34.17592], [-79.88241, 34.17591], [-79.88265, 34.17589], [-79.88268, 34.17589], [-79.88275, 34.17588], [-79.88291, 34.17586], [-79.88298, 34.17584], [-79.88326, 34.17576], [-79.88331, 34.17576], [-79.88342, 34.17573], [-79.8835, 34.17573], [-79.88362, 34.17567], [-79.8837, 34.17564], [-79.88391, 34.17556], [-79.88411, 34.17551], [-79.88421, 34.17549], [-79.88429, 34.17546], [-79.88448, 34.1754], [-79.88454, 34.17538], [-79.88465, 34.17531], [-79.88471, 34.17529], [-79.88475, 34.17526], [-79.88481, 34.17524], [-79.88525, 34.17464], [-79.88544, 34.17446], [-79.88604, 34.17481], [-79.88611, 34.17486], [-79.88621, 34.1749], [-79.88634, 34.17475], [-79.8865, 34.17454], [-79.88663, 34.17433], [-79.8868, 34.17406], [-79.88684, 34.17397], [-79.88686, 34.17392], [-79.88686, 34.1739], [-79.88686, 34.17387], [-79.88686, 34.17383], [-79.88704, 34.17383], [-79.88709, 34.17376], [-79.88711, 34.17372], [-79.88712, 34.17371], [-79.88715, 34.17365], [-79.88716, 34.1736], [-79.88717, 34.17357], [-79.8873, 34.17346], [-79.8874, 34.17337], [-79.88753, 34.17329], [-79.88777, 34.17313], [-79.8877, 34.17303], [-79.88802, 34.17293], [-79.88835, 34.17286], [-79.88867, 34.17286], [-79.88909, 34.17285], [-79.88945, 34.17286], [-79.88977, 34.1729], [-79.89006, 34.17298], [-79.89031, 34.17305], [-79.89061, 34.17311], [-79.89059, 34.17344], [-79.89056, 34.1735], [-79.89054, 34.17358], [-79.89031, 34.17483], [-79.89366, 34.17485], [-79.89404, 34.17361], [-79.894, 34.17351], [-79.89809, 34.17402], [-79.89819, 34.17404], [-79.8985, 34.17373], [-79.89843, 34.17368], [-79.89804, 34.17341], [-79.8988, 34.17265], [-79.89886, 34.17326], [-79.89893, 34.17331], [-79.8991, 34.17314], [-79.89962, 34.1726], [-79.89977, 34.17244], [-79.89997, 34.17224]], [[-79.78326, 34.20881], [-79.78304, 34.2092], [-79.78292, 34.20918], [-79.78311, 34.20885], [-79.78319, 34.20879], [-79.78326, 34.20881]], [[-79.78333, 34.20798], [-79.78331, 34.20802], [-79.78329, 34.20805], [-79.78325, 34.20811], [-79.78318, 34.20822], [-79.78311, 34.20834], [-79.78306, 34.20832], [-79.783, 34.20829], [-79.78304, 34.2082], [-79.78311, 34.20808], [-79.78316, 34.20799], [-79.7832, 34.20793], [-79.78333, 34.20798]], [[-79.78482, 34.20719], [-79.78462, 34.20753], [-79.78459, 34.20759], [-79.78455, 34.20757], [-79.78446, 34.20754], [-79.78454, 34.20742], [-79.78471, 34.20714], [-79.78482, 34.20719]], [[-79.79022, 34.2054], [-79.79022, 34.20542], [-79.79014, 34.20557], [-79.79005, 34.20578], [-79.78989, 34.20573], [-79.79007, 34.20534], [-79.79022, 34.2054]], [[-79.74988, 34.19376], [-79.74936, 34.19378], [-79.74936, 34.19376], [-79.74935, 34.19364], [-79.74935, 34.1936], [-79.74988, 34.19358], [-79.74988, 34.19376]], [[-79.78409, 34.2049], [-79.78389, 34.2049], [-79.78389, 34.20451], [-79.78389, 34.20448], [-79.78389, 34.20442], [-79.78409, 34.20442], [-79.78409, 34.2045], [-79.78409, 34.2049]], [[-79.78617, 34.20612], [-79.78598, 34.20608], [-79.78598, 34.20564], [-79.78598, 34.20553], [-79.78598, 34.20537], [-79.78602, 34.20537], [-79.78615, 34.20539], [-79.78616, 34.20571], [-79.78616, 34.2058], [-79.78617, 34.20612]], [[-79.76103, 34.22158], [-79.76095, 34.22169], [-79.76094, 34.22171], [-79.76091, 34.22175], [-79.76088, 34.22174], [-79.76071, 34.22165], [-79.7605, 34.22154], [-79.76056, 34.22144], [-79.76059, 34.22138], [-79.76062, 34.22135], [-79.76063, 34.22132], [-79.76067, 34.22125], [-79.76069, 34.22127], [-79.761, 34.22155], [-79.76103, 34.22158]], [[-79.77466, 34.16552], [-79.77465, 34.16569], [-79.77464, 34.16579], [-79.77416, 34.16577], [-79.77418, 34.1655], [-79.77466, 34.16552]], [[-79.76078, 34.22221], [-79.76072, 34.22225], [-79.76062, 34.22234], [-79.76057, 34.22235], [-79.76043, 34.22232], [-79.76037, 34.22229], [-79.76025, 34.22223], [-79.76013, 34.22218], [-79.76009, 34.22216], [-79.7601, 34.22214], [-79.7602, 34.22199], [-79.76022, 34.22196], [-79.76024, 34.22196], [-79.76078, 34.22221]], [[-79.76143, 34.21538], [-79.76111, 34.21571], [-79.76087, 34.21555], [-79.76075, 34.21547], [-79.76083, 34.21539], [-79.7609, 34.21531], [-79.76108, 34.21534], [-79.76121, 34.21535], [-79.76143, 34.21538]], [[-79.87049, 34.16446], [-79.87047, 34.16451], [-79.87032, 34.16447], [-79.87017, 34.16443], [-79.87016, 34.16446], [-79.87002, 34.16442], [-79.86965, 34.16433], [-79.86935, 34.16425], [-79.86895, 34.16415], [-79.86899, 34.16404], [-79.86939, 34.16414], [-79.86969, 34.16422], [-79.87006, 34.16431], [-79.8701, 34.16433], [-79.8702, 34.16435], [-79.87019, 34.16436], [-79.87019, 34.16438], [-79.87023, 34.16439], [-79.87034, 34.16442], [-79.87049, 34.16446]], [[-79.76114, 34.18512], [-79.76107, 34.18512], [-79.76108, 34.18527], [-79.76107, 34.18527], [-79.76107, 34.18529], [-79.76099, 34.18529], [-79.76089, 34.18529], [-79.7606, 34.1853], [-79.76059, 34.18528], [-79.76059, 34.18523], [-79.76058, 34.1852], [-79.76058, 34.18519], [-79.76058, 34.18517], [-79.76056, 34.18503], [-79.76056, 34.185], [-79.76113, 34.18498], [-79.76114, 34.18506], [-79.76114, 34.18512]], [[-79.86947, 34.16719], [-79.86944, 34.16726], [-79.86924, 34.16714], [-79.86917, 34.16709], [-79.86914, 34.16707], [-79.86908, 34.16706], [-79.86903, 34.16704], [-79.86865, 34.16695], [-79.86835, 34.16687], [-79.86796, 34.16678], [-79.868, 34.16667], [-79.86839, 34.16677], [-79.86869, 34.16684], [-79.86907, 34.16694], [-79.86911, 34.16695], [-79.86923, 34.16698], [-79.86921, 34.16703], [-79.86927, 34.16707], [-79.86947, 34.16719]], [[-79.76552, 34.16474], [-79.76541, 34.16505], [-79.7654, 34.16507], [-79.76492, 34.16496], [-79.76502, 34.1647], [-79.76504, 34.16463], [-79.76552, 34.16474]], [[-79.76346, 34.15255], [-79.76345, 34.15258], [-79.76338, 34.15294], [-79.76337, 34.15302], [-79.76294, 34.15296], [-79.76297, 34.15289], [-79.76313, 34.15256], [-79.76315, 34.1525], [-79.76346, 34.15255]], [[-79.81222, 34.20549], [-79.81172, 34.20592], [-79.81158, 34.20581], [-79.8115, 34.20574], [-79.812, 34.20532], [-79.81222, 34.20549]], [[-79.81956, 34.19236], [-79.81954, 34.1924], [-79.81938, 34.19262], [-79.81885, 34.19231], [-79.81891, 34.19222], [-79.81894, 34.19219], [-79.81902, 34.19207], [-79.81956, 34.19236]], [[-79.81555, 34.1935], [-79.81553, 34.19353], [-79.81542, 34.19366], [-79.81517, 34.19395], [-79.81488, 34.19382], [-79.81514, 34.19351], [-79.81526, 34.19334], [-79.81551, 34.19348], [-79.81555, 34.1935]], [[-79.76009, 34.22303], [-79.7599, 34.22311], [-79.75955, 34.22326], [-79.75946, 34.22322], [-79.75941, 34.22319], [-79.75964, 34.22284], [-79.75967, 34.2228], [-79.75973, 34.22272], [-79.75978, 34.22274], [-79.75998, 34.22283], [-79.76009, 34.22303]], [[-79.86994, 34.16577], [-79.86991, 34.16584], [-79.86978, 34.16581], [-79.86977, 34.16581], [-79.86952, 34.16574], [-79.86914, 34.16565], [-79.86884, 34.16557], [-79.86845, 34.16547], [-79.86851, 34.16534], [-79.86889, 34.16544], [-79.86919, 34.16551], [-79.86957, 34.16561], [-79.86961, 34.16562], [-79.8697, 34.16565], [-79.86969, 34.16566], [-79.86967, 34.1657], [-79.86971, 34.16571], [-79.86981, 34.16574], [-79.86994, 34.16577]], [[-79.75774, 34.22535], [-79.75755, 34.22561], [-79.75744, 34.22556], [-79.75699, 34.22535], [-79.75716, 34.22509], [-79.75751, 34.22525], [-79.75774, 34.22535]], [[-79.81971, 34.20108], [-79.81962, 34.20118], [-79.81952, 34.20129], [-79.81941, 34.20141], [-79.81932, 34.20136], [-79.81902, 34.20119], [-79.81906, 34.20115], [-79.81934, 34.20086], [-79.81962, 34.20101], [-79.81965, 34.20103], [-79.81971, 34.20108]], [[-79.76192, 34.21632], [-79.76187, 34.21637], [-79.76175, 34.21649], [-79.76158, 34.21665], [-79.76156, 34.21664], [-79.76151, 34.2166], [-79.76136, 34.2165], [-79.76123, 34.21641], [-79.76157, 34.21608], [-79.76175, 34.2162], [-79.76192, 34.21632]], [[-79.81824, 34.20024], [-79.81798, 34.20052], [-79.81789, 34.2006], [-79.8176, 34.20044], [-79.81752, 34.2004], [-79.81785, 34.20005], [-79.81824, 34.20024]], [[-79.81632, 34.19318], [-79.81597, 34.19372], [-79.81584, 34.19366], [-79.81566, 34.19357], [-79.81589, 34.19328], [-79.81607, 34.19304], [-79.8161, 34.19306], [-79.81612, 34.19307], [-79.81625, 34.19314], [-79.81628, 34.19316], [-79.81632, 34.19318]], [[-79.80691, 34.1891], [-79.80661, 34.18924], [-79.80635, 34.18882], [-79.80628, 34.18872], [-79.8065, 34.18863], [-79.80659, 34.18858], [-79.80666, 34.18868], [-79.80691, 34.1891]], [[-79.81918, 34.19285], [-79.81917, 34.19287], [-79.81913, 34.19291], [-79.81896, 34.19308], [-79.81836, 34.19269], [-79.81839, 34.19266], [-79.81845, 34.19259], [-79.8185, 34.19254], [-79.81856, 34.19247], [-79.81918, 34.19285]], [[-79.75949, 34.21693], [-79.75948, 34.21695], [-79.75947, 34.21699], [-79.75937, 34.21732], [-79.75934, 34.21735], [-79.75932, 34.21732], [-79.7591, 34.21728], [-79.75886, 34.21724], [-79.75886, 34.21723], [-79.75895, 34.21691], [-79.75898, 34.21682], [-79.75922, 34.21687], [-79.7593, 34.21689], [-79.75943, 34.21691], [-79.75949, 34.21693]], [[-79.75404, 34.15783], [-79.75403, 34.15785], [-79.7539, 34.1581], [-79.75385, 34.15821], [-79.7538, 34.1583], [-79.75378, 34.15836], [-79.75377, 34.15834], [-79.75363, 34.15822], [-79.75347, 34.15807], [-79.7536, 34.15786], [-79.75366, 34.1577], [-79.75369, 34.15763], [-79.75372, 34.15756], [-79.75392, 34.15773], [-79.75401, 34.1578], [-79.75404, 34.15783]], [[-79.81562, 34.19145], [-79.81536, 34.19163], [-79.81527, 34.19154], [-79.81512, 34.1914], [-79.81482, 34.19112], [-79.81505, 34.19098], [-79.81511, 34.19095], [-79.81562, 34.19145]], [[-79.75419, 34.18875], [-79.75406, 34.18876], [-79.75393, 34.18877], [-79.7539, 34.18853], [-79.75377, 34.18853], [-79.75372, 34.18812], [-79.75374, 34.18812], [-79.75381, 34.18812], [-79.75385, 34.18812], [-79.7539, 34.18811], [-79.75395, 34.18811], [-79.75405, 34.1881], [-79.75413, 34.18807], [-79.75419, 34.18865], [-79.75419, 34.18875]], [[-79.82004, 34.19835], [-79.81966, 34.19878], [-79.81928, 34.19857], [-79.81967, 34.19814], [-79.81993, 34.19829], [-79.82004, 34.19835]], [[-79.77461, 34.16623], [-79.77458, 34.16665], [-79.77399, 34.16662], [-79.77399, 34.16657], [-79.77401, 34.16643], [-79.77401, 34.16634], [-79.77402, 34.1662], [-79.7742, 34.16621], [-79.77427, 34.16621], [-79.77437, 34.16622], [-79.77458, 34.16623], [-79.77461, 34.16623]], [[-79.8192, 34.20669], [-79.81894, 34.20695], [-79.81874, 34.20716], [-79.81842, 34.20696], [-79.81887, 34.20648], [-79.8192, 34.20669]], [[-79.821, 34.20481], [-79.82078, 34.20504], [-79.82056, 34.20527], [-79.82038, 34.20516], [-79.82023, 34.20507], [-79.82034, 34.20494], [-79.82055, 34.20471], [-79.82066, 34.20459], [-79.82077, 34.20466], [-79.821, 34.20481]], [[-79.78923, 34.20566], [-79.7892, 34.20573], [-79.78906, 34.20602], [-79.789, 34.20613], [-79.78864, 34.20602], [-79.78864, 34.20597], [-79.78865, 34.20547], [-79.78923, 34.20566]], [[-79.75206, 34.18442], [-79.75177, 34.1844], [-79.75157, 34.18439], [-79.75154, 34.184], [-79.75154, 34.18387], [-79.7516, 34.18388], [-79.75191, 34.18389], [-79.75205, 34.18391], [-79.75206, 34.18442]], [[-79.81782, 34.20119], [-79.81748, 34.20153], [-79.81735, 34.20165], [-79.817, 34.20147], [-79.81743, 34.20099], [-79.81749, 34.20102], [-79.81758, 34.20107], [-79.81782, 34.20119]], [[-79.81956, 34.19945], [-79.81947, 34.19955], [-79.81912, 34.19992], [-79.81902, 34.19986], [-79.81897, 34.19983], [-79.81878, 34.19973], [-79.81877, 34.19973], [-79.81875, 34.19971], [-79.81911, 34.19933], [-79.81919, 34.19925], [-79.81929, 34.19931], [-79.81943, 34.19938], [-79.81954, 34.19944], [-79.81956, 34.19945]], [[-79.82031, 34.19987], [-79.82006, 34.20013], [-79.81986, 34.20033], [-79.81949, 34.20012], [-79.81972, 34.19989], [-79.81994, 34.19966], [-79.82024, 34.19983], [-79.82028, 34.19986], [-79.82031, 34.19987]], [[-79.82035, 34.20666], [-79.82029, 34.20673], [-79.82018, 34.20686], [-79.8201, 34.20694], [-79.81998, 34.20707], [-79.81992, 34.20714], [-79.81988, 34.20711], [-79.81964, 34.20696], [-79.81956, 34.20691], [-79.81965, 34.20683], [-79.81999, 34.20645], [-79.82001, 34.20645], [-79.82006, 34.20648], [-79.82034, 34.20665], [-79.82035, 34.20666]], [[-79.81849, 34.19137], [-79.81811, 34.1918], [-79.81804, 34.19187], [-79.81778, 34.19171], [-79.8177, 34.19167], [-79.8178, 34.19155], [-79.8179, 34.19143], [-79.81813, 34.19116], [-79.81814, 34.19117], [-79.81835, 34.19127], [-79.81849, 34.19137]], [[-79.81955, 34.20236], [-79.81949, 34.20243], [-79.81929, 34.20263], [-79.81909, 34.20283], [-79.81888, 34.2027], [-79.81875, 34.20261], [-79.81906, 34.20226], [-79.81919, 34.20212], [-79.81923, 34.20215], [-79.81931, 34.2022], [-79.81955, 34.20236]], [[-79.75267, 34.18643], [-79.75265, 34.18643], [-79.75217, 34.18643], [-79.75214, 34.18586], [-79.75264, 34.18586], [-79.75265, 34.18614], [-79.75267, 34.18643]], [[-79.80716, 34.18386], [-79.80704, 34.18417], [-79.80695, 34.18416], [-79.80681, 34.18412], [-79.8064, 34.18402], [-79.80633, 34.184], [-79.8063, 34.18399], [-79.8062, 34.18397], [-79.8063, 34.18368], [-79.80631, 34.18365], [-79.8064, 34.18367], [-79.80708, 34.18384], [-79.80716, 34.18386]], [[-79.75125, 34.22719], [-79.75122, 34.22731], [-79.75114, 34.22742], [-79.75113, 34.22744], [-79.75111, 34.22747], [-79.75109, 34.22749], [-79.75032, 34.22729], [-79.75037, 34.22708], [-79.75039, 34.22701], [-79.7504, 34.22696], [-79.75081, 34.22706], [-79.75089, 34.22708], [-79.75122, 34.22716], [-79.75122, 34.22718], [-79.75125, 34.22719]], [[-79.75081, 34.22136], [-79.75065, 34.22141], [-79.75061, 34.22143], [-79.75057, 34.22144], [-79.75003, 34.22161], [-79.75003, 34.22159], [-79.74992, 34.22139], [-79.74987, 34.22128], [-79.75037, 34.22112], [-79.75046, 34.22109], [-79.75063, 34.22104], [-79.75068, 34.22113], [-79.7507, 34.22114], [-79.75076, 34.22125], [-79.75076, 34.22126], [-79.75077, 34.22129], [-79.75081, 34.22136]], [[-79.81522, 34.20274], [-79.815, 34.20297], [-79.81483, 34.20315], [-79.81478, 34.2032], [-79.81442, 34.20297], [-79.81432, 34.20293], [-79.81477, 34.20247], [-79.81522, 34.20274]], [[-79.82179, 34.20155], [-79.82174, 34.2016], [-79.8215, 34.20177], [-79.82128, 34.20198], [-79.8211, 34.20186], [-79.82106, 34.20182], [-79.82088, 34.20171], [-79.82108, 34.20151], [-79.82132, 34.20124], [-79.82153, 34.20138], [-79.82179, 34.20155]], [[-79.76224, 34.18478], [-79.76206, 34.18479], [-79.76169, 34.18481], [-79.76121, 34.18483], [-79.76112, 34.18483], [-79.76111, 34.18461], [-79.7611, 34.18454], [-79.76167, 34.18451], [-79.76212, 34.18448], [-79.76222, 34.18447], [-79.76222, 34.18451], [-79.76224, 34.18478]], [[-79.76113, 34.22383], [-79.76075, 34.22395], [-79.76063, 34.22374], [-79.76053, 34.22357], [-79.76051, 34.22353], [-79.7605, 34.22351], [-79.76048, 34.22348], [-79.76028, 34.22311], [-79.76039, 34.22306], [-79.76054, 34.223], [-79.76081, 34.22347], [-79.76085, 34.22345], [-79.76092, 34.22338], [-79.76113, 34.22383]], [[-79.7573, 34.22405], [-79.75719, 34.22436], [-79.7571, 34.2246], [-79.7571, 34.22461], [-79.75709, 34.22462], [-79.75709, 34.22463], [-79.75677, 34.22456], [-79.75652, 34.2245], [-79.7565, 34.22449], [-79.7564, 34.22447], [-79.75648, 34.2243], [-79.75649, 34.22428], [-79.75655, 34.22415], [-79.75659, 34.22408], [-79.7566, 34.22408], [-79.75669, 34.22408], [-79.7568, 34.22409], [-79.75689, 34.2241], [-79.75698, 34.2241], [-79.75704, 34.22411], [-79.75722, 34.22407], [-79.7573, 34.22405]], [[-79.77279, 34.12781], [-79.77273, 34.12804], [-79.7727, 34.12816], [-79.77267, 34.12837], [-79.77264, 34.12837], [-79.77255, 34.12835], [-79.77208, 34.12829], [-79.77203, 34.12829], [-79.7721, 34.12804], [-79.77217, 34.12781], [-79.77218, 34.12777], [-79.7722, 34.12772], [-79.77274, 34.1278], [-79.77279, 34.12781]], [[-79.74787, 34.14913], [-79.74751, 34.14914], [-79.7475, 34.14886], [-79.7475, 34.14874], [-79.74749, 34.14865], [-79.7476, 34.14863], [-79.74765, 34.14855], [-79.74765, 34.1485], [-79.74762, 34.14844], [-79.74758, 34.1484], [-79.74749, 34.14837], [-79.74749, 34.14807], [-79.74786, 34.14807], [-79.74787, 34.14864], [-79.74787, 34.14866], [-79.74787, 34.14873], [-79.74787, 34.14913]], [[-79.75887, 34.2238], [-79.75873, 34.22401], [-79.75869, 34.22406], [-79.75864, 34.22413], [-79.75849, 34.22436], [-79.75846, 34.22441], [-79.75775, 34.22423], [-79.75781, 34.22414], [-79.75782, 34.22412], [-79.7579, 34.224], [-79.75792, 34.22398], [-79.75795, 34.22397], [-79.75808, 34.22395], [-79.75816, 34.22392], [-79.75826, 34.2239], [-79.75843, 34.22387], [-79.75844, 34.22387], [-79.75848, 34.22386], [-79.7586, 34.22384], [-79.75887, 34.2238]], [[-79.81793, 34.2059], [-79.81746, 34.20637], [-79.81742, 34.20634], [-79.81694, 34.20605], [-79.81747, 34.20562], [-79.81789, 34.20588], [-79.81793, 34.2059]], [[-79.80507, 34.19223], [-79.80504, 34.19227], [-79.80493, 34.19249], [-79.80446, 34.19223], [-79.80375, 34.19182], [-79.80383, 34.19159], [-79.80503, 34.19221], [-79.80507, 34.19223]], [[-79.76209, 34.18273], [-79.76207, 34.18273], [-79.76202, 34.18273], [-79.76178, 34.18271], [-79.76129, 34.18269], [-79.76121, 34.18268], [-79.76118, 34.18268], [-79.76121, 34.18224], [-79.76124, 34.18225], [-79.76133, 34.18226], [-79.76198, 34.18231], [-79.76203, 34.18231], [-79.76206, 34.18232], [-79.76209, 34.18273]], [[-79.78443, 34.20308], [-79.78403, 34.20308], [-79.78384, 34.20307], [-79.78384, 34.20305], [-79.78381, 34.20273], [-79.78399, 34.20274], [-79.78398, 34.20267], [-79.78399, 34.20265], [-79.78398, 34.20255], [-79.78397, 34.20224], [-79.78423, 34.20223], [-79.78425, 34.20223], [-79.78437, 34.20223], [-79.78438, 34.20233], [-79.78439, 34.20267], [-79.78443, 34.20308]], [[-79.76237, 34.2169], [-79.76235, 34.21691], [-79.76201, 34.21684], [-79.76196, 34.21704], [-79.76161, 34.21717], [-79.76116, 34.21709], [-79.76123, 34.21684], [-79.76126, 34.2167], [-79.76143, 34.21673], [-79.76175, 34.21679], [-79.76194, 34.21663], [-79.7621, 34.21648], [-79.76211, 34.21649], [-79.76212, 34.2165], [-79.76213, 34.21651], [-79.76215, 34.21652], [-79.76217, 34.21653], [-79.76219, 34.21654], [-79.76221, 34.21655], [-79.76224, 34.21655], [-79.76226, 34.21654], [-79.76237, 34.2169]], [[-79.81996, 34.20487], [-79.81989, 34.20496], [-79.81974, 34.20513], [-79.81964, 34.20525], [-79.81958, 34.20531], [-79.81951, 34.2054], [-79.81949, 34.20539], [-79.81921, 34.20522], [-79.81916, 34.20527], [-79.81879, 34.20566], [-79.81858, 34.20553], [-79.8185, 34.20548], [-79.81863, 34.20534], [-79.81876, 34.2052], [-79.81892, 34.20503], [-79.81916, 34.20518], [-79.81921, 34.20522], [-79.81928, 34.20514], [-79.81956, 34.20486], [-79.81958, 34.20484], [-79.8196, 34.20482], [-79.8197, 34.20471], [-79.81996, 34.20487]], [[-79.82165, 34.20298], [-79.82161, 34.20303], [-79.82137, 34.20321], [-79.82122, 34.20334], [-79.82089, 34.20313], [-79.82127, 34.20274], [-79.82122, 34.20272], [-79.82097, 34.20256], [-79.82093, 34.20254], [-79.8209, 34.20252], [-79.82131, 34.20209], [-79.82156, 34.20226], [-79.82166, 34.20233], [-79.82127, 34.20274], [-79.82165, 34.20298]], [[-79.74989, 34.1943], [-79.74938, 34.19418], [-79.74942, 34.19458], [-79.74931, 34.19458], [-79.74894, 34.19459], [-79.74891, 34.19411], [-79.74874, 34.19407], [-79.7487, 34.19407], [-79.74869, 34.19387], [-79.74901, 34.19393], [-79.74933, 34.19393], [-79.74934, 34.194], [-79.74937, 34.194], [-79.74988, 34.19398], [-79.74988, 34.19412], [-79.74989, 34.1943]], [[-79.80402, 34.19367], [-79.80399, 34.19376], [-79.80383, 34.19421], [-79.80307, 34.19382], [-79.80318, 34.1935], [-79.80325, 34.19329], [-79.80402, 34.19367]], [[-79.82103, 34.19794], [-79.82067, 34.1984], [-79.8206, 34.19848], [-79.8205, 34.19861], [-79.82079, 34.19877], [-79.82076, 34.19881], [-79.82064, 34.19893], [-79.82061, 34.19896], [-79.82044, 34.19914], [-79.8204, 34.19918], [-79.82002, 34.19898], [-79.82041, 34.19856], [-79.82052, 34.19844], [-79.82033, 34.19834], [-79.82032, 34.19833], [-79.82047, 34.19815], [-79.82065, 34.1979], [-79.82074, 34.19778], [-79.82103, 34.19794]], [[-79.78086, 34.20842], [-79.78076, 34.20878], [-79.78064, 34.20875], [-79.78036, 34.20869], [-79.7793, 34.20848], [-79.77932, 34.20845], [-79.77935, 34.20842], [-79.77938, 34.20838], [-79.77956, 34.20816], [-79.77968, 34.20818], [-79.78068, 34.20838], [-79.78074, 34.2084], [-79.78081, 34.20841], [-79.78086, 34.20842]], [[-79.80842, 34.18155], [-79.80837, 34.18165], [-79.80836, 34.18169], [-79.80836, 34.18172], [-79.80838, 34.18182], [-79.80838, 34.18183], [-79.80838, 34.18185], [-79.80837, 34.18187], [-79.80836, 34.18188], [-79.80833, 34.18191], [-79.80828, 34.18195], [-79.80825, 34.18197], [-79.80823, 34.18198], [-79.80817, 34.18201], [-79.80816, 34.18201], [-79.80815, 34.18201], [-79.80811, 34.18203], [-79.80808, 34.18204], [-79.80765, 34.18174], [-79.80742, 34.18157], [-79.80732, 34.18151], [-79.80765, 34.18111], [-79.80842, 34.18155]], [[-79.82188, 34.19698], [-79.82177, 34.19699], [-79.82146, 34.19703], [-79.82138, 34.19703], [-79.82135, 34.19694], [-79.82132, 34.19687], [-79.82125, 34.19683], [-79.82114, 34.19676], [-79.82098, 34.19666], [-79.821, 34.19664], [-79.82108, 34.19656], [-79.82111, 34.19652], [-79.82117, 34.19645], [-79.82125, 34.19636], [-79.82133, 34.19628], [-79.82148, 34.19611], [-79.82161, 34.19596], [-79.82171, 34.19586], [-79.82174, 34.19605], [-79.82188, 34.19698]], [[-79.80784, 34.18217], [-79.8078, 34.1822], [-79.80778, 34.18224], [-79.80778, 34.18225], [-79.80777, 34.18227], [-79.80764, 34.18257], [-79.80761, 34.18254], [-79.80755, 34.1825], [-79.80738, 34.18237], [-79.80735, 34.18238], [-79.80734, 34.18239], [-79.80731, 34.1824], [-79.8073, 34.18242], [-79.8073, 34.18245], [-79.8073, 34.18246], [-79.80728, 34.18248], [-79.80727, 34.18249], [-79.80724, 34.18251], [-79.80721, 34.18253], [-79.80719, 34.18254], [-79.80715, 34.18256], [-79.80712, 34.18257], [-79.8071, 34.18258], [-79.80706, 34.18259], [-79.80703, 34.1826], [-79.80698, 34.18261], [-79.80687, 34.18264], [-79.80678, 34.18265], [-79.80664, 34.18266], [-79.80668, 34.18256], [-79.80675, 34.18238], [-79.80682, 34.18223], [-79.80693, 34.18204], [-79.80704, 34.18187], [-79.80714, 34.18174], [-79.80716, 34.1817], [-79.80784, 34.18217]], [[-79.75223, 34.1496], [-79.75203, 34.1496], [-79.7519, 34.1496], [-79.75188, 34.1496], [-79.75178, 34.1496], [-79.75159, 34.1496], [-79.75158, 34.1493], [-79.75159, 34.14922], [-79.75157, 34.14922], [-79.75142, 34.14922], [-79.75133, 34.14917], [-79.75132, 34.14884], [-79.75155, 34.14883], [-79.75155, 34.14878], [-79.75155, 34.14849], [-79.75166, 34.14849], [-79.75165, 34.14842], [-79.75176, 34.14841], [-79.7518, 34.14849], [-79.75181, 34.14852], [-79.75195, 34.14883], [-79.75205, 34.14902], [-79.75212, 34.14915], [-79.75214, 34.14922], [-79.75217, 34.1493], [-79.75223, 34.1496]], [[-79.77648, 34.11732], [-79.77644, 34.11737], [-79.77613, 34.11789], [-79.77548, 34.1176], [-79.77528, 34.11751], [-79.7757, 34.11688], [-79.77623, 34.11718], [-79.77635, 34.11725], [-79.77648, 34.11732]], [[-79.81642, 34.20648], [-79.81602, 34.20681], [-79.816, 34.2068], [-79.81595, 34.20677], [-79.81545, 34.20646], [-79.8154, 34.2065], [-79.8149, 34.20615], [-79.81529, 34.20578], [-79.81642, 34.20648]], [[-79.82031, 34.1909], [-79.8203, 34.19095], [-79.82024, 34.19117], [-79.82018, 34.19141], [-79.82016, 34.19144], [-79.81994, 34.19179], [-79.8196, 34.19167], [-79.8193, 34.19156], [-79.81917, 34.19151], [-79.81918, 34.19146], [-79.81923, 34.19135], [-79.81926, 34.19122], [-79.81926, 34.19113], [-79.81925, 34.19109], [-79.81922, 34.19102], [-79.81935, 34.19101], [-79.82027, 34.1909], [-79.82031, 34.1909]], [[-79.82136, 34.20354], [-79.82132, 34.20367], [-79.82124, 34.20418], [-79.82111, 34.2041], [-79.82072, 34.20451], [-79.82071, 34.2045], [-79.82036, 34.20428], [-79.82001, 34.20406], [-79.82039, 34.20365], [-79.82071, 34.20385], [-79.82075, 34.20388], [-79.82079, 34.2039], [-79.82094, 34.20367], [-79.82105, 34.20352], [-79.82113, 34.2034], [-79.82119, 34.20343], [-79.82136, 34.20354]], [[-79.82036, 34.20292], [-79.81996, 34.20336], [-79.81948, 34.20385], [-79.81905, 34.20358], [-79.81939, 34.20313], [-79.81988, 34.20259], [-79.82012, 34.20276], [-79.82036, 34.20292]], [[-79.78461, 34.20154], [-79.78463, 34.20187], [-79.78453, 34.20188], [-79.78446, 34.20188], [-79.78434, 34.20188], [-79.78435, 34.20203], [-79.78395, 34.20204], [-79.78394, 34.2019], [-79.78361, 34.20192], [-79.78365, 34.20254], [-79.78349, 34.20253], [-79.78344, 34.20192], [-79.7834, 34.20138], [-79.78358, 34.20137], [-79.78391, 34.20136], [-79.78394, 34.2019], [-79.78411, 34.20189], [-79.7841, 34.20175], [-79.78407, 34.20138], [-79.78407, 34.20136], [-79.78431, 34.20135], [-79.78443, 34.20134], [-79.78459, 34.20133], [-79.7846, 34.20137], [-79.78461, 34.20154]], [[-79.80647, 34.19439], [-79.80618, 34.19458], [-79.80615, 34.19459], [-79.80608, 34.19463], [-79.80602, 34.19466], [-79.8059, 34.1946], [-79.80583, 34.19457], [-79.80572, 34.19451], [-79.80568, 34.19449], [-79.80556, 34.19443], [-79.80552, 34.19441], [-79.80515, 34.19423], [-79.80482, 34.19407], [-79.80489, 34.19395], [-79.80496, 34.19385], [-79.80506, 34.1937], [-79.80509, 34.19364], [-79.80626, 34.19422], [-79.80632, 34.19427], [-79.80647, 34.19439]], [[-79.75548, 34.15886], [-79.75512, 34.15978], [-79.75503, 34.15968], [-79.75471, 34.15934], [-79.7544, 34.15901], [-79.75432, 34.15893], [-79.75448, 34.15881], [-79.75456, 34.15874], [-79.7546, 34.15868], [-79.75463, 34.15862], [-79.75465, 34.1585], [-79.75465, 34.15848], [-79.75472, 34.15852], [-79.75548, 34.15886]], [[-79.78521, 34.2011], [-79.78508, 34.20111], [-79.78503, 34.20111], [-79.78489, 34.20111], [-79.78471, 34.20113], [-79.78468, 34.20063], [-79.78451, 34.20064], [-79.78435, 34.20064], [-79.78426, 34.20065], [-79.78425, 34.20041], [-79.78423, 34.20011], [-79.78437, 34.20012], [-79.78514, 34.20008], [-79.78516, 34.20008], [-79.78518, 34.20017], [-79.78518, 34.20096], [-79.78521, 34.2011]], [[-79.76207, 34.18287], [-79.76201, 34.18302], [-79.76198, 34.18316], [-79.76195, 34.1833], [-79.76193, 34.18343], [-79.7619, 34.18357], [-79.76183, 34.18383], [-79.7618, 34.18383], [-79.76121, 34.1838], [-79.76115, 34.18379], [-79.76111, 34.18379], [-79.76116, 34.18304], [-79.76117, 34.18282], [-79.7612, 34.18282], [-79.76128, 34.18282], [-79.76201, 34.18287], [-79.76204, 34.18287], [-79.76205, 34.18287], [-79.76207, 34.18287]], [[-79.87415, 34.17159], [-79.87341, 34.17179], [-79.87314, 34.17203], [-79.87264, 34.17171], [-79.87278, 34.17141], [-79.8727, 34.1713], [-79.87249, 34.17116], [-79.87221, 34.17121], [-79.87207, 34.17132], [-79.87171, 34.17115], [-79.87163, 34.17111], [-79.87164, 34.17108], [-79.87173, 34.17098], [-79.8718, 34.17091], [-79.87183, 34.17089], [-79.87197, 34.1709], [-79.87415, 34.17159]], [[-79.82222, 34.20019], [-79.82218, 34.20024], [-79.82197, 34.20048], [-79.82191, 34.20056], [-79.82177, 34.20048], [-79.82162, 34.2004], [-79.82156, 34.20038], [-79.8215, 34.20048], [-79.82102, 34.20094], [-79.82072, 34.20079], [-79.82064, 34.20074], [-79.82024, 34.20053], [-79.82063, 34.20013], [-79.82069, 34.20007], [-79.82081, 34.20012], [-79.82102, 34.20021], [-79.82115, 34.20025], [-79.82123, 34.20028], [-79.82131, 34.2003], [-79.82136, 34.20025], [-79.8216, 34.19998], [-79.82169, 34.19989], [-79.82186, 34.2], [-79.82222, 34.20019]], [[-79.81367, 34.20662], [-79.81315, 34.20707], [-79.81329, 34.20718], [-79.81286, 34.20756], [-79.81279, 34.2076], [-79.81255, 34.20741], [-79.81222, 34.20715], [-79.81228, 34.2071], [-79.81272, 34.20672], [-79.81258, 34.20661], [-79.81301, 34.20624], [-79.81309, 34.20617], [-79.81321, 34.20626], [-79.81349, 34.20648], [-79.81367, 34.20662]], [[-79.81964, 34.19042], [-79.81964, 34.19044], [-79.81962, 34.19046], [-79.81917, 34.19067], [-79.81905, 34.19073], [-79.81894, 34.19078], [-79.81887, 34.19073], [-79.81879, 34.19068], [-79.8187, 34.19064], [-79.81865, 34.19062], [-79.81853, 34.19058], [-79.81838, 34.19055], [-79.81824, 34.19053], [-79.81822, 34.19053], [-79.81817, 34.19053], [-79.81804, 34.19053], [-79.81803, 34.19044], [-79.818, 34.19013], [-79.81798, 34.18996], [-79.81819, 34.18996], [-79.8187, 34.19005], [-79.81949, 34.18995], [-79.81953, 34.18995], [-79.81954, 34.18994], [-79.81955, 34.19], [-79.81964, 34.19042]], [[-79.78563, 34.20537], [-79.78565, 34.206], [-79.7855, 34.20596], [-79.78548, 34.20546], [-79.78548, 34.20537], [-79.78549, 34.20532], [-79.78549, 34.2053], [-79.78548, 34.20526], [-79.78548, 34.20518], [-79.78547, 34.20504], [-79.78546, 34.20491], [-79.78531, 34.20492], [-79.78533, 34.20533], [-79.78516, 34.20533], [-79.78516, 34.20538], [-79.78516, 34.20542], [-79.78517, 34.20588], [-79.78495, 34.20583], [-79.78482, 34.20581], [-79.78477, 34.20579], [-79.78477, 34.20565], [-79.78477, 34.20545], [-79.78477, 34.20539], [-79.78461, 34.20539], [-79.78454, 34.20539], [-79.78454, 34.20522], [-79.78454, 34.20492], [-79.78459, 34.20492], [-79.7848, 34.20492], [-79.78483, 34.20492], [-79.78482, 34.20448], [-79.78482, 34.20441], [-79.78542, 34.2044], [-79.78544, 34.20449], [-79.78546, 34.20481], [-79.78546, 34.20491], [-79.78562, 34.20491], [-79.78563, 34.20512], [-79.78563, 34.2053], [-79.78563, 34.20537]], [[-79.80489, 34.19271], [-79.80467, 34.19338], [-79.80465, 34.19343], [-79.80455, 34.19338], [-79.80441, 34.19331], [-79.80406, 34.19313], [-79.80396, 34.19308], [-79.80341, 34.19283], [-79.80365, 34.1921], [-79.80472, 34.19262], [-79.80489, 34.19271]], [[-79.81833, 34.19373], [-79.81832, 34.19375], [-79.81826, 34.19381], [-79.81821, 34.19385], [-79.81812, 34.19394], [-79.81784, 34.19376], [-79.81753, 34.19354], [-79.81744, 34.19362], [-79.81733, 34.19374], [-79.81718, 34.19388], [-79.8171, 34.19396], [-79.81701, 34.19405], [-79.8169, 34.19416], [-79.81689, 34.19417], [-79.81698, 34.19423], [-79.81748, 34.19457], [-79.81724, 34.19481], [-79.81714, 34.19473], [-79.81688, 34.19454], [-79.81667, 34.19439], [-79.81683, 34.19423], [-79.81652, 34.19407], [-79.81644, 34.19404], [-79.81689, 34.19349], [-79.81671, 34.1934], [-79.8168, 34.19329], [-79.81696, 34.1931], [-79.817, 34.19306], [-79.8175, 34.19339], [-79.81761, 34.19346], [-79.81767, 34.19339], [-79.81774, 34.19333], [-79.81786, 34.19341], [-79.81831, 34.19372], [-79.81833, 34.19373], [-79.81833, 34.19373]], [[-79.76101, 34.21651], [-79.76096, 34.21658], [-79.76095, 34.21659], [-79.76092, 34.21664], [-79.76083, 34.21661], [-79.76054, 34.21655], [-79.76034, 34.21651], [-79.76032, 34.21651], [-79.76028, 34.2165], [-79.76007, 34.21646], [-79.76007, 34.21647], [-79.76001, 34.21671], [-79.75998, 34.21681], [-79.75997, 34.21683], [-79.75972, 34.21679], [-79.75963, 34.21676], [-79.75964, 34.21673], [-79.75965, 34.2167], [-79.75967, 34.21665], [-79.75968, 34.21663], [-79.7597, 34.21656], [-79.75972, 34.21649], [-79.75973, 34.21643], [-79.75977, 34.21637], [-79.75981, 34.21631], [-79.75986, 34.21625], [-79.7598, 34.21622], [-79.7595, 34.21601], [-79.75944, 34.21597], [-79.7592, 34.21621], [-79.75914, 34.21628], [-79.75916, 34.21628], [-79.75913, 34.2164], [-79.75908, 34.21654], [-79.75906, 34.21661], [-79.75905, 34.21665], [-79.75901, 34.21675], [-79.75894, 34.21673], [-79.75892, 34.21673], [-79.75883, 34.21671], [-79.75878, 34.2167], [-79.75876, 34.2167], [-79.75879, 34.2166], [-79.75881, 34.21653], [-79.7589, 34.21623], [-79.75865, 34.21618], [-79.75855, 34.21628], [-79.75846, 34.21623], [-79.75853, 34.21615], [-79.75885, 34.21585], [-79.75892, 34.21577], [-79.75919, 34.21549], [-79.75926, 34.21554], [-79.75938, 34.21562], [-79.75962, 34.21579], [-79.75997, 34.21603], [-79.75995, 34.21606], [-79.76001, 34.2161], [-79.76044, 34.2164], [-79.76047, 34.21636], [-79.76061, 34.21623], [-79.76101, 34.21651]], [[-79.80868, 34.19442], [-79.80823, 34.19473], [-79.80776, 34.19504], [-79.80766, 34.19491], [-79.80762, 34.19489], [-79.80666, 34.19442], [-79.80675, 34.19436], [-79.80684, 34.19429], [-79.80693, 34.19422], [-79.80702, 34.19415], [-79.8071, 34.19407], [-79.80718, 34.19399], [-79.80732, 34.19385], [-79.80751, 34.19364], [-79.80859, 34.19436], [-79.80868, 34.19442]], [[-79.81759, 34.1916], [-79.81739, 34.19178], [-79.81722, 34.19193], [-79.81716, 34.19187], [-79.81711, 34.19183], [-79.81669, 34.19159], [-79.81666, 34.19156], [-79.81683, 34.19142], [-79.81694, 34.19132], [-79.817, 34.19126], [-79.81691, 34.19121], [-79.81643, 34.19093], [-79.81637, 34.19096], [-79.81603, 34.19117], [-79.81587, 34.19127], [-79.8154, 34.19077], [-79.81575, 34.19055], [-79.81583, 34.1905], [-79.81598, 34.19041], [-79.81639, 34.19032], [-79.81646, 34.19045], [-79.81662, 34.19074], [-79.81666, 34.19081], [-79.81671, 34.19079], [-79.81674, 34.19077], [-79.81692, 34.19071], [-79.81695, 34.1907], [-79.81698, 34.19068], [-79.81712, 34.19065], [-79.81724, 34.19062], [-79.81726, 34.19065], [-79.81729, 34.19073], [-79.81731, 34.19077], [-79.81749, 34.19115], [-79.8175, 34.19118], [-79.81736, 34.19136], [-79.81729, 34.19143], [-79.81759, 34.1916]], [[-79.81451, 34.1937], [-79.81447, 34.19377], [-79.81424, 34.194], [-79.8141, 34.19412], [-79.8139, 34.19402], [-79.8138, 34.19398], [-79.81358, 34.19388], [-79.81333, 34.1941], [-79.81318, 34.19425], [-79.81309, 34.19433], [-79.81262, 34.19407], [-79.81246, 34.19398], [-79.81225, 34.19387], [-79.81198, 34.19372], [-79.81206, 34.19364], [-79.81235, 34.19336], [-79.81254, 34.19317], [-79.8129, 34.19336], [-79.81315, 34.19351], [-79.81322, 34.19347], [-79.81332, 34.19342], [-79.81344, 34.19337], [-79.81348, 34.19335], [-79.81374, 34.19328], [-79.81389, 34.19335], [-79.81451, 34.1937]], [[-79.82129, 34.18393], [-79.82001, 34.18544], [-79.81721, 34.18543], [-79.81726, 34.18537], [-79.81732, 34.18532], [-79.81744, 34.18531], [-79.81754, 34.18522], [-79.81925, 34.18522], [-79.81953, 34.18522], [-79.82091, 34.18356], [-79.82098, 34.18365], [-79.82101, 34.18381], [-79.82116, 34.18389], [-79.82129, 34.18393]], [[-79.81723, 34.19286], [-79.81698, 34.19305], [-79.81647, 34.19273], [-79.81639, 34.19267], [-79.81636, 34.1927], [-79.8163, 34.19275], [-79.81621, 34.19283], [-79.8161, 34.19293], [-79.81601, 34.19302], [-79.81598, 34.193], [-79.81596, 34.193], [-79.81593, 34.19299], [-79.81574, 34.19295], [-79.81571, 34.19295], [-79.81544, 34.19292], [-79.81528, 34.19293], [-79.81513, 34.19294], [-79.81499, 34.19296], [-79.81473, 34.19301], [-79.81472, 34.19288], [-79.81473, 34.19246], [-79.81473, 34.19242], [-79.81475, 34.19232], [-79.81476, 34.19228], [-79.81476, 34.19225], [-79.81479, 34.19217], [-79.81482, 34.1921], [-79.81485, 34.19204], [-79.81489, 34.192], [-79.81495, 34.19194], [-79.81506, 34.19185], [-79.81508, 34.19183], [-79.81575, 34.19237], [-79.81598, 34.19217], [-79.81619, 34.19198], [-79.81628, 34.19204], [-79.81668, 34.19228], [-79.81676, 34.19234], [-79.81661, 34.19247], [-79.8167, 34.19253], [-79.81723, 34.19286]], [[-79.86289, 34.15887], [-79.86288, 34.15905], [-79.86282, 34.15991], [-79.86284, 34.1602], [-79.86279, 34.16029], [-79.86271, 34.16045], [-79.86252, 34.16078], [-79.86243, 34.16095], [-79.86233, 34.16098], [-79.86214, 34.16099], [-79.86191, 34.16107], [-79.86178, 34.16107], [-79.86179, 34.16121], [-79.86169, 34.16122], [-79.86167, 34.16104], [-79.86157, 34.16104], [-79.86155, 34.16101], [-79.86169, 34.16076], [-79.86201, 34.16043], [-79.86155, 34.15951], [-79.86146, 34.15933], [-79.86154, 34.15931], [-79.86237, 34.15904], [-79.86271, 34.15893], [-79.86275, 34.15891], [-79.86289, 34.15887]], [[-79.86255, 34.17321], [-79.86241, 34.17366], [-79.86135, 34.1757], [-79.86099, 34.17641], [-79.86082, 34.17639], [-79.86119, 34.17565], [-79.86157, 34.17489], [-79.8607, 34.17459], [-79.86114, 34.17366], [-79.86122, 34.17353], [-79.86244, 34.17319], [-79.86255, 34.17316], [-79.86255, 34.17321]], [[-79.78576, 34.20894], [-79.78572, 34.20902], [-79.78556, 34.20928], [-79.7854, 34.20922], [-79.78538, 34.20925], [-79.78536, 34.20924], [-79.7852, 34.20953], [-79.78516, 34.20955], [-79.78507, 34.20958], [-79.7832, 34.20923], [-79.78339, 34.20887], [-79.7836, 34.20851], [-79.78348, 34.20846], [-79.78341, 34.20843], [-79.78356, 34.20818], [-79.78362, 34.20809], [-79.78468, 34.2085], [-79.78488, 34.20858], [-79.78489, 34.20858], [-79.78485, 34.20865], [-79.78484, 34.20867], [-79.78468, 34.20894], [-79.7848, 34.20898], [-79.78496, 34.20872], [-79.78497, 34.2087], [-79.78501, 34.20863], [-79.78521, 34.20872], [-79.78551, 34.20883], [-79.78576, 34.20894]], [[-79.77139, 34.14292], [-79.77136, 34.14292], [-79.77068, 34.14292], [-79.77057, 34.14293], [-79.77038, 34.14295], [-79.77026, 34.14296], [-79.77034, 34.14395], [-79.77017, 34.14409], [-79.76925, 34.14408], [-79.76906, 34.14408], [-79.76833, 34.14408], [-79.76824, 34.14408], [-79.76821, 34.14335], [-79.76821, 34.14329], [-79.76879, 34.14324], [-79.76897, 34.14323], [-79.76908, 34.14322], [-79.76936, 34.1432], [-79.76954, 34.14319], [-79.76951, 34.14291], [-79.76966, 34.1429], [-79.77026, 34.14285], [-79.77038, 34.14284], [-79.77056, 34.14282], [-79.77068, 34.14281], [-79.77064, 34.14253], [-79.77137, 34.14252], [-79.77137, 34.14253], [-79.77138, 34.14279], [-79.77139, 34.14292]], [[-79.78146, 34.14522], [-79.78006, 34.14635], [-79.77983, 34.14652], [-79.77893, 34.14597], [-79.77879, 34.14588], [-79.77888, 34.14581], [-79.77951, 34.14526], [-79.77987, 34.14497], [-79.78038, 34.14456], [-79.78146, 34.14522]], [[-79.80708, 34.18755], [-79.80691, 34.18764], [-79.80659, 34.1878], [-79.80702, 34.18837], [-79.80698, 34.18839], [-79.80687, 34.18845], [-79.80635, 34.18778], [-79.80633, 34.18773], [-79.80631, 34.1877], [-79.8063, 34.18767], [-79.80625, 34.18762], [-79.8062, 34.18758], [-79.80616, 34.18756], [-79.80611, 34.18752], [-79.80582, 34.18732], [-79.80529, 34.18697], [-79.80524, 34.18693], [-79.80533, 34.18667], [-79.80584, 34.18509], [-79.80585, 34.18504], [-79.80595, 34.18507], [-79.80641, 34.18518], [-79.80652, 34.1852], [-79.80662, 34.18523], [-79.80659, 34.18532], [-79.80652, 34.18549], [-79.80644, 34.18568], [-79.80641, 34.18578], [-79.80638, 34.18584], [-79.80635, 34.18595], [-79.80627, 34.18617], [-79.80637, 34.18633], [-79.80643, 34.18648], [-79.80701, 34.18688], [-79.80699, 34.18693], [-79.80697, 34.18702], [-79.80688, 34.1874], [-79.80696, 34.18747], [-79.80708, 34.18755]], [[-79.83013, 34.15762], [-79.82931, 34.15773], [-79.82928, 34.15773], [-79.82897, 34.15777], [-79.82885, 34.15778], [-79.82841, 34.15762], [-79.82768, 34.15734], [-79.8275, 34.15727], [-79.82753, 34.15725], [-79.82776, 34.15701], [-79.82783, 34.15689], [-79.82784, 34.15686], [-79.82788, 34.15683], [-79.82793, 34.15678], [-79.82821, 34.15652], [-79.82828, 34.15643], [-79.82847, 34.15619], [-79.82838, 34.1559], [-79.82834, 34.15578], [-79.82897, 34.1557], [-79.82897, 34.15572], [-79.82897, 34.15573], [-79.82896, 34.15574], [-79.82895, 34.15576], [-79.82894, 34.15576], [-79.82892, 34.15579], [-79.82891, 34.15582], [-79.82891, 34.15583], [-79.82891, 34.15584], [-79.82891, 34.15586], [-79.82893, 34.15586], [-79.82896, 34.15586], [-79.82914, 34.15583], [-79.82931, 34.15581], [-79.82938, 34.1558], [-79.82955, 34.15578], [-79.82964, 34.15577], [-79.82973, 34.15576], [-79.82987, 34.15656], [-79.82996, 34.1569], [-79.83001, 34.15707], [-79.83009, 34.15737], [-79.83013, 34.15762]], [[-79.75326, 34.22121], [-79.75319, 34.2213], [-79.75291, 34.22163], [-79.75281, 34.22174], [-79.75265, 34.22194], [-79.75245, 34.22216], [-79.75237, 34.22225], [-79.75221, 34.22244], [-79.75188, 34.22281], [-79.75185, 34.22277], [-79.75176, 34.22264], [-79.75173, 34.22259], [-79.75169, 34.22253], [-79.75158, 34.22235], [-79.75141, 34.22209], [-79.75118, 34.22174], [-79.75113, 34.22165], [-79.75106, 34.22155], [-79.75098, 34.22144], [-79.75096, 34.22139], [-79.75087, 34.22121], [-79.75084, 34.22116], [-79.7508, 34.22108], [-79.75064, 34.22079], [-79.75062, 34.22074], [-79.75067, 34.22073], [-79.75123, 34.22062], [-79.75139, 34.22059], [-79.75297, 34.22026], [-79.75324, 34.2202], [-79.75324, 34.22027], [-79.75324, 34.22032], [-79.75325, 34.22048], [-79.75325, 34.22077], [-79.75326, 34.22114], [-79.75326, 34.22121]], [[-79.81853, 34.20166], [-79.81854, 34.20167], [-79.81805, 34.20214], [-79.8177, 34.20192], [-79.8172, 34.20242], [-79.81756, 34.20264], [-79.81793, 34.20288], [-79.81787, 34.20294], [-79.81803, 34.20304], [-79.81822, 34.20316], [-79.81784, 34.20354], [-79.81783, 34.20353], [-79.81776, 34.20349], [-79.81749, 34.20332], [-79.81706, 34.20376], [-79.81699, 34.20383], [-79.81715, 34.20393], [-79.81729, 34.20401], [-79.81724, 34.20407], [-79.81685, 34.20448], [-79.81683, 34.2045], [-79.81721, 34.20472], [-79.81746, 34.20485], [-79.81707, 34.20526], [-79.81701, 34.20533], [-79.81667, 34.20513], [-79.81661, 34.20519], [-79.81622, 34.2056], [-79.81615, 34.20556], [-79.81589, 34.20539], [-79.81583, 34.20535], [-79.81556, 34.20518], [-79.81551, 34.20515], [-79.81523, 34.20498], [-79.81519, 34.20495], [-79.81473, 34.20544], [-79.81441, 34.20524], [-79.81455, 34.2051], [-79.81488, 34.20476], [-79.81489, 34.20477], [-79.81514, 34.20452], [-79.81534, 34.20432], [-79.81536, 34.2043], [-79.81542, 34.20425], [-79.81581, 34.20383], [-79.81582, 34.20384], [-79.81614, 34.20403], [-79.81616, 34.20405], [-79.81655, 34.20364], [-79.81661, 34.2036], [-79.81671, 34.20354], [-79.81712, 34.2031], [-79.81676, 34.20289], [-79.81707, 34.20255], [-79.81714, 34.20248], [-79.8172, 34.20242], [-79.81684, 34.2022], [-79.81715, 34.20187], [-79.81733, 34.20168], [-79.8174, 34.20173], [-79.81757, 34.20184], [-79.8177, 34.20192], [-79.81813, 34.2015], [-79.81819, 34.20143], [-79.81832, 34.20151], [-79.81853, 34.20166]], [[-79.88033, 34.17666], [-79.88033, 34.17672], [-79.88032, 34.17675], [-79.88032, 34.17679], [-79.8803, 34.17684], [-79.88025, 34.1769], [-79.8802, 34.17694], [-79.88017, 34.17695], [-79.88012, 34.17698], [-79.88008, 34.17701], [-79.88003, 34.17704], [-79.88, 34.17706], [-79.87996, 34.17708], [-79.87989, 34.17712], [-79.87982, 34.17716], [-79.87975, 34.17719], [-79.8796, 34.17726], [-79.87928, 34.17666], [-79.87916, 34.17639], [-79.87907, 34.17626], [-79.87898, 34.17614], [-79.87876, 34.17594], [-79.87864, 34.17587], [-79.87847, 34.17578], [-79.87808, 34.17561], [-79.87795, 34.17553], [-79.87779, 34.17543], [-79.87751, 34.17522], [-79.87737, 34.17513], [-79.87725, 34.17504], [-79.87714, 34.17498], [-79.8768, 34.17483], [-79.87612, 34.17458], [-79.87593, 34.17451], [-79.8759, 34.17448], [-79.87582, 34.17443], [-79.87573, 34.17435], [-79.87562, 34.17429], [-79.87553, 34.17424], [-79.87511, 34.17406], [-79.87461, 34.17384], [-79.8744, 34.17374], [-79.8741, 34.1736], [-79.8736, 34.17337], [-79.87332, 34.17324], [-79.87337, 34.17316], [-79.8735, 34.17296], [-79.87357, 34.17299], [-79.87369, 34.17281], [-79.87412, 34.17302], [-79.874, 34.17319], [-79.87407, 34.17323], [-79.87419, 34.17305], [-79.87439, 34.17314], [-79.87462, 34.17325], [-79.87451, 34.17343], [-79.87458, 34.17346], [-79.87469, 34.17329], [-79.87485, 34.17337], [-79.8749, 34.1734], [-79.8751, 34.17347], [-79.87504, 34.17362], [-79.87499, 34.17376], [-79.87515, 34.17361], [-79.87524, 34.17348], [-79.87536, 34.17353], [-79.87562, 34.17365], [-79.87556, 34.17379], [-79.87547, 34.17394], [-79.87552, 34.17397], [-79.87564, 34.17383], [-79.87574, 34.17368], [-79.87588, 34.17373], [-79.87595, 34.17375], [-79.87616, 34.17387], [-79.87621, 34.17379], [-79.87633, 34.17384], [-79.87634, 34.17383], [-79.87635, 34.17378], [-79.87645, 34.17381], [-79.87639, 34.17391], [-79.8765, 34.17395], [-79.87689, 34.17411], [-79.87734, 34.17436], [-79.87778, 34.17442], [-79.87784, 34.17443], [-79.87813, 34.17459], [-79.87822, 34.17456], [-79.87851, 34.17471], [-79.87849, 34.17483], [-79.87845, 34.17489], [-79.87846, 34.17495], [-79.87848, 34.17503], [-79.87851, 34.17509], [-79.8786, 34.17517], [-79.87878, 34.17523], [-79.87884, 34.17523], [-79.87889, 34.17523], [-79.87898, 34.17521], [-79.87912, 34.17521], [-79.87926, 34.17521], [-79.87929, 34.17524], [-79.87964, 34.17547], [-79.87964, 34.17549], [-79.8795, 34.1756], [-79.87977, 34.17595], [-79.88008, 34.17634], [-79.88013, 34.17632], [-79.88017, 34.17634], [-79.88022, 34.17641], [-79.88027, 34.17647], [-79.8803, 34.17657], [-79.88033, 34.17666]], [[-79.76513, 34.16368], [-79.76506, 34.16382], [-79.76432, 34.16364], [-79.76299, 34.16332], [-79.76261, 34.16313], [-79.76252, 34.16311], [-79.76247, 34.1631], [-79.76237, 34.1635], [-79.76234, 34.16361], [-79.7621, 34.16454], [-79.76199, 34.16496], [-79.76129, 34.16459], [-79.76103, 34.16445], [-79.76085, 34.16435], [-79.76076, 34.16311], [-79.76073, 34.16267], [-79.76064, 34.1614], [-79.76078, 34.16144], [-79.76086, 34.16146], [-79.76108, 34.16152], [-79.76165, 34.16167], [-79.76213, 34.16179], [-79.76252, 34.16188], [-79.76309, 34.162], [-79.76342, 34.16208], [-79.76336, 34.16226], [-79.76393, 34.16241], [-79.76394, 34.16246], [-79.76394, 34.16253], [-79.764, 34.163], [-79.76111, 34.16231], [-79.76114, 34.16245], [-79.76149, 34.16261], [-79.76223, 34.16297], [-79.76377, 34.16335], [-79.76425, 34.16347], [-79.76513, 34.16368]], [[-79.82733, 34.18797], [-79.82699, 34.18793], [-79.82648, 34.18786], [-79.82584, 34.18777], [-79.82566, 34.18774], [-79.82558, 34.18813], [-79.82553, 34.18832], [-79.82546, 34.18869], [-79.82544, 34.18869], [-79.82528, 34.18956], [-79.82526, 34.18964], [-79.82475, 34.18957], [-79.82446, 34.18952], [-79.82448, 34.1894], [-79.82465, 34.18858], [-79.82453, 34.18856], [-79.82455, 34.18846], [-79.82461, 34.18818], [-79.82463, 34.18808], [-79.82465, 34.18799], [-79.82479, 34.18738], [-79.82487, 34.18695], [-79.82492, 34.18677], [-79.82498, 34.18661], [-79.82508, 34.18643], [-79.82517, 34.18632], [-79.82528, 34.18621], [-79.82536, 34.18615], [-79.82546, 34.18609], [-79.82561, 34.18603], [-79.82631, 34.18472], [-79.82627, 34.18484], [-79.82626, 34.1849], [-79.82626, 34.18497], [-79.82627, 34.18502], [-79.8263, 34.18511], [-79.82636, 34.18518], [-79.82662, 34.18545], [-79.8267, 34.18555], [-79.82681, 34.18574], [-79.82681, 34.18588], [-79.82681, 34.18602], [-79.82698, 34.18601], [-79.827, 34.18601], [-79.82702, 34.18605], [-79.82702, 34.18612], [-79.82701, 34.18614], [-79.82698, 34.18619], [-79.82692, 34.1863], [-79.8269, 34.18636], [-79.82691, 34.18642], [-79.82694, 34.1865], [-79.82696, 34.18663], [-79.82696, 34.18671], [-79.82694, 34.1868], [-79.82693, 34.187], [-79.82693, 34.1871], [-79.82694, 34.18716], [-79.82697, 34.18722], [-79.82702, 34.18728], [-79.82711, 34.18735], [-79.82714, 34.1874], [-79.82715, 34.18747], [-79.82717, 34.18765], [-79.82719, 34.18769], [-79.82728, 34.18783], [-79.82733, 34.18797]], [[-79.86801, 34.16871], [-79.86791, 34.16899], [-79.8678, 34.16926], [-79.86738, 34.17039], [-79.86694, 34.17154], [-79.86656, 34.17166], [-79.86605, 34.17182], [-79.86582, 34.17188], [-79.86552, 34.17086], [-79.865, 34.17101], [-79.86592, 34.16841], [-79.866, 34.1682], [-79.86654, 34.16831], [-79.86663, 34.16834], [-79.86681, 34.16838], [-79.86728, 34.1685], [-79.86769, 34.16862], [-79.86801, 34.16871]], [[-79.76157, 34.17778], [-79.76152, 34.17844], [-79.76148, 34.17889], [-79.7614, 34.17995], [-79.76131, 34.1804], [-79.7613, 34.18052], [-79.76129, 34.18092], [-79.76128, 34.18137], [-79.76125, 34.18172], [-79.76001, 34.18168], [-79.75905, 34.18165], [-79.75887, 34.18165], [-79.75873, 34.18165], [-79.75922, 34.17777], [-79.75925, 34.17757], [-79.76157, 34.17778]], [[-79.76652, 34.2135], [-79.76652, 34.21378], [-79.76651, 34.2141], [-79.76648, 34.21417], [-79.76645, 34.21421], [-79.76643, 34.21423], [-79.76642, 34.21425], [-79.76641, 34.21427], [-79.76637, 34.21432], [-79.76633, 34.21439], [-79.76627, 34.21448], [-79.76627, 34.21468], [-79.76633, 34.21468], [-79.76648, 34.21469], [-79.76644, 34.21505], [-79.76604, 34.21513], [-79.7655, 34.2151], [-79.76545, 34.21505], [-79.76542, 34.21502], [-79.76486, 34.21495], [-79.76471, 34.21494], [-79.76463, 34.21506], [-79.76406, 34.21501], [-79.76394, 34.21499], [-79.76394, 34.21501], [-79.76387, 34.21512], [-79.76454, 34.2152], [-79.7645, 34.21526], [-79.76445, 34.21533], [-79.76443, 34.21536], [-79.7646, 34.21538], [-79.76508, 34.21542], [-79.76462, 34.21554], [-79.76461, 34.21555], [-79.76424, 34.21565], [-79.76382, 34.21577], [-79.76276, 34.21609], [-79.76271, 34.2161], [-79.7627, 34.21608], [-79.76263, 34.21598], [-79.76262, 34.21595], [-79.76261, 34.21593], [-79.76259, 34.2159], [-79.76257, 34.21587], [-79.76255, 34.2158], [-79.76254, 34.21577], [-79.76252, 34.21571], [-79.76248, 34.21566], [-79.76246, 34.21563], [-79.76244, 34.2156], [-79.76243, 34.21558], [-79.76239, 34.21554], [-79.76236, 34.21551], [-79.76234, 34.21548], [-79.76231, 34.21543], [-79.76231, 34.21541], [-79.76232, 34.21537], [-79.76232, 34.21531], [-79.76233, 34.21528], [-79.76231, 34.21523], [-79.76228, 34.21518], [-79.76226, 34.21512], [-79.76224, 34.21509], [-79.76223, 34.21508], [-79.76221, 34.21503], [-79.76221, 34.21496], [-79.76169, 34.21488], [-79.76143, 34.21485], [-79.76091, 34.21477], [-79.76066, 34.21474], [-79.76065, 34.21473], [-79.76013, 34.21466], [-79.76, 34.21458], [-79.75987, 34.2147], [-79.75992, 34.21475], [-79.75995, 34.21474], [-79.75999, 34.21474], [-79.76004, 34.21475], [-79.76006, 34.21477], [-79.76029, 34.21495], [-79.76038, 34.21502], [-79.76026, 34.21514], [-79.76015, 34.21525], [-79.7605, 34.2155], [-79.76042, 34.2156], [-79.76038, 34.21565], [-79.76034, 34.21569], [-79.76026, 34.21564], [-79.76015, 34.21556], [-79.76002, 34.21548], [-79.75997, 34.21544], [-79.75983, 34.21557], [-79.75979, 34.2156], [-79.75961, 34.21548], [-79.75949, 34.21539], [-79.75937, 34.21531], [-79.7594, 34.21528], [-79.75941, 34.21527], [-79.75955, 34.21512], [-79.75958, 34.21514], [-79.7596, 34.21516], [-79.75964, 34.21519], [-79.7597, 34.21523], [-79.75979, 34.2153], [-79.75989, 34.21537], [-79.75998, 34.21544], [-79.76006, 34.21534], [-79.76014, 34.21525], [-79.76002, 34.21516], [-79.7599, 34.21508], [-79.75985, 34.21504], [-79.75978, 34.21499], [-79.75976, 34.21498], [-79.75971, 34.21495], [-79.75953, 34.21457], [-79.75911, 34.2137], [-79.75868, 34.21282], [-79.7586, 34.21266], [-79.75848, 34.21241], [-79.75859, 34.21237], [-79.75889, 34.21223], [-79.75899, 34.21219], [-79.75905, 34.21221], [-79.75933, 34.21232], [-79.75956, 34.21241], [-79.75978, 34.2125], [-79.76002, 34.21257], [-79.76013, 34.2126], [-79.76017, 34.21261], [-79.76025, 34.21264], [-79.76037, 34.21267], [-79.7605, 34.21271], [-79.76073, 34.21278], [-79.76097, 34.21283], [-79.76116, 34.21289], [-79.7612, 34.2129], [-79.76144, 34.21296], [-79.76147, 34.21296], [-79.76184, 34.21305], [-79.76192, 34.21307], [-79.76199, 34.21308], [-79.76208, 34.2131], [-79.76216, 34.21312], [-79.76274, 34.21322], [-79.76255, 34.21338], [-79.76241, 34.2135], [-79.76233, 34.21365], [-79.76228, 34.21381], [-79.76223, 34.21398], [-79.76219, 34.21409], [-79.76226, 34.21421], [-79.76228, 34.21424], [-79.76232, 34.21428], [-79.76233, 34.21438], [-79.76234, 34.21447], [-79.76316, 34.2145], [-79.76336, 34.21456], [-79.76338, 34.21455], [-79.76341, 34.21454], [-79.76347, 34.21452], [-79.76355, 34.21452], [-79.76371, 34.21453], [-79.76406, 34.21454], [-79.7647, 34.21456], [-79.76479, 34.21456], [-79.76487, 34.21457], [-79.76496, 34.21456], [-79.76485, 34.21473], [-79.7648, 34.2148], [-79.76494, 34.21482], [-79.7655, 34.21489], [-79.76554, 34.21491], [-79.76559, 34.21483], [-79.76573, 34.2146], [-79.76574, 34.21458], [-79.76582, 34.21446], [-79.76584, 34.21444], [-79.766, 34.2142], [-79.76609, 34.21405], [-79.76613, 34.214], [-79.76608, 34.21397], [-79.76601, 34.21395], [-79.766, 34.21394], [-79.76591, 34.2139], [-79.76572, 34.21382], [-79.76562, 34.21378], [-79.76564, 34.21376], [-79.7657, 34.21366], [-79.76592, 34.21375], [-79.76603, 34.2138], [-79.76606, 34.21382], [-79.7661, 34.21383], [-79.76616, 34.21386], [-79.76621, 34.21388], [-79.7663, 34.21374], [-79.76632, 34.21371], [-79.76637, 34.21373], [-79.76639, 34.21371], [-79.76645, 34.21362], [-79.76652, 34.2135]], [[-79.7594, 34.185], [-79.7594, 34.18521], [-79.75883, 34.18523], [-79.75873, 34.18522], [-79.75872, 34.18524], [-79.75871, 34.18535], [-79.7587, 34.18549], [-79.7587, 34.18558], [-79.7587, 34.18565], [-79.7587, 34.18572], [-79.75867, 34.18573], [-79.75845, 34.18573], [-79.75845, 34.18581], [-79.75846, 34.18592], [-79.75846, 34.18599], [-79.75845, 34.18602], [-79.75845, 34.18608], [-79.75845, 34.18621], [-79.75815, 34.18623], [-79.75816, 34.18637], [-79.75762, 34.18637], [-79.75753, 34.18637], [-79.75753, 34.18635], [-79.75751, 34.18625], [-79.75719, 34.18626], [-79.75695, 34.18625], [-79.75696, 34.1865], [-79.7569, 34.18652], [-79.7569, 34.18668], [-79.75686, 34.18668], [-79.75656, 34.18668], [-79.75635, 34.18668], [-79.75637, 34.18709], [-79.75571, 34.18711], [-79.75572, 34.18723], [-79.75546, 34.18724], [-79.75513, 34.18727], [-79.75514, 34.18753], [-79.75514, 34.18771], [-79.75469, 34.18772], [-79.75468, 34.18765], [-79.75468, 34.18751], [-79.75465, 34.1871], [-79.75464, 34.18695], [-79.75463, 34.18669], [-79.75461, 34.18628], [-79.75456, 34.18628], [-79.75444, 34.18628], [-79.75395, 34.1863], [-79.75394, 34.18615], [-79.75371, 34.18616], [-79.7534, 34.18616], [-79.75338, 34.18585], [-79.75332, 34.18585], [-79.75325, 34.18584], [-79.7532, 34.18584], [-79.75315, 34.18558], [-79.75315, 34.1855], [-79.75314, 34.18545], [-79.75315, 34.18531], [-79.75506, 34.18527], [-79.75504, 34.18421], [-79.75503, 34.18412], [-79.75683, 34.18424], [-79.75763, 34.1843], [-79.75883, 34.18438], [-79.75935, 34.1844], [-79.75936, 34.18445], [-79.75936, 34.18452], [-79.75938, 34.18479], [-79.7594, 34.185]], [[-79.80561, 34.15818], [-79.80558, 34.15841], [-79.80556, 34.15854], [-79.80553, 34.15873], [-79.80546, 34.15923], [-79.80543, 34.15948], [-79.8054, 34.15968], [-79.80539, 34.15976], [-79.80535, 34.16003], [-79.80535, 34.16006], [-79.80534, 34.16007], [-79.80531, 34.16026], [-79.80531, 34.1603], [-79.80527, 34.1605], [-79.80526, 34.16058], [-79.80522, 34.16083], [-79.80522, 34.16084], [-79.80519, 34.16097], [-79.80519, 34.16101], [-79.80517, 34.16111], [-79.80515, 34.16124], [-79.80513, 34.16139], [-79.80512, 34.1615], [-79.80512, 34.16152], [-79.80511, 34.16156], [-79.80511, 34.16158], [-79.8051, 34.16166], [-79.80509, 34.16172], [-79.80508, 34.16183], [-79.80505, 34.16203], [-79.80503, 34.16202], [-79.80502, 34.1621], [-79.80489, 34.16205], [-79.80471, 34.16197], [-79.80456, 34.1619], [-79.80446, 34.16186], [-79.80441, 34.16183], [-79.80261, 34.16099], [-79.80244, 34.16091], [-79.80238, 34.16088], [-79.80234, 34.16083], [-79.80231, 34.16079], [-79.80228, 34.1607], [-79.80226, 34.1606], [-79.80224, 34.16046], [-79.80217, 34.16011], [-79.80227, 34.16009], [-79.80288, 34.15997], [-79.80287, 34.15981], [-79.80286, 34.15971], [-79.80285, 34.15965], [-79.80285, 34.15963], [-79.80285, 34.15946], [-79.80285, 34.15944], [-79.80285, 34.15926], [-79.80285, 34.15923], [-79.80287, 34.15907], [-79.80288, 34.159], [-79.80288, 34.15899], [-79.80289, 34.15891], [-79.80291, 34.15876], [-79.80226, 34.15858], [-79.80225, 34.15861], [-79.8022, 34.15865], [-79.80215, 34.15869], [-79.80202, 34.15879], [-79.802, 34.15876], [-79.80196, 34.15869], [-79.80187, 34.1586], [-79.80177, 34.1585], [-79.80176, 34.15849], [-79.80191, 34.15831], [-79.80204, 34.15817], [-79.80226, 34.15792], [-79.8022, 34.15788], [-79.80232, 34.15776], [-79.80237, 34.1577], [-79.80257, 34.15749], [-79.80278, 34.15728], [-79.80298, 34.15707], [-79.80319, 34.15685], [-79.80339, 34.15663], [-79.80367, 34.15635], [-79.80386, 34.15615], [-79.80397, 34.15603], [-79.80414, 34.15615], [-79.80455, 34.15642], [-79.80481, 34.1566], [-79.80509, 34.15678], [-79.80517, 34.15684], [-79.80522, 34.15687], [-79.80529, 34.15682], [-79.8055, 34.15702], [-79.8055, 34.15708], [-79.80552, 34.15709], [-79.80554, 34.15711], [-79.8055, 34.15723], [-79.80549, 34.15727], [-79.80547, 34.15732], [-79.80545, 34.15739], [-79.80544, 34.15743], [-79.80539, 34.15762], [-79.80536, 34.15771], [-79.80534, 34.15778], [-79.80533, 34.15781], [-79.80535, 34.15784], [-79.80551, 34.15805], [-79.80561, 34.15818]], [[-79.76155, 34.17423], [-79.76152, 34.17403], [-79.76148, 34.17382], [-79.76144, 34.17362], [-79.76139, 34.17341], [-79.7613, 34.17308], [-79.76114, 34.17308], [-79.76084, 34.17314], [-79.76071, 34.17315], [-79.76058, 34.17316], [-79.76029, 34.17321], [-79.76004, 34.17324], [-79.75991, 34.17326], [-79.7596, 34.17327], [-79.75927, 34.17329], [-79.75916, 34.17327], [-79.75907, 34.17324], [-79.75901, 34.17316], [-79.75896, 34.17306], [-79.75895, 34.17299], [-79.75893, 34.17268], [-79.75892, 34.17262], [-79.75878, 34.17391], [-79.75862, 34.17519], [-79.75853, 34.17589], [-79.75848, 34.17627], [-79.75846, 34.1764], [-79.75846, 34.17643], [-79.75842, 34.1767], [-79.75835, 34.17711], [-79.75825, 34.17771], [-79.75824, 34.17777], [-79.75816, 34.17861], [-79.75802, 34.17986], [-79.75799, 34.18011], [-79.75794, 34.18049], [-79.75789, 34.18083], [-79.75784, 34.1812], [-79.7578, 34.1815], [-79.75778, 34.18166], [-79.75766, 34.18166], [-79.75751, 34.18166], [-79.75702, 34.18165], [-79.75696, 34.18165], [-79.75689, 34.18163], [-79.75685, 34.18158], [-79.75684, 34.18154], [-79.75685, 34.18142], [-79.75688, 34.18123], [-79.75697, 34.18067], [-79.7562, 34.18063], [-79.75612, 34.18063], [-79.75619, 34.18011], [-79.75621, 34.17998], [-79.75625, 34.1797], [-79.75629, 34.17943], [-79.75634, 34.17916], [-79.75637, 34.17899], [-79.7564, 34.1788], [-79.75642, 34.17864], [-79.75645, 34.17845], [-79.75649, 34.17825], [-79.75655, 34.17785], [-79.75659, 34.17762], [-79.75671, 34.17687], [-79.75675, 34.17662], [-79.75678, 34.17643], [-79.7568, 34.17624], [-79.75683, 34.17598], [-79.75686, 34.17579], [-79.75692, 34.17522], [-79.75697, 34.17522], [-79.75716, 34.17524], [-79.75749, 34.17527], [-79.75767, 34.17529], [-79.75768, 34.17516], [-79.75768, 34.17515], [-79.75757, 34.17514], [-79.75749, 34.17514], [-79.75742, 34.17513], [-79.75709, 34.1751], [-79.75699, 34.17509], [-79.75694, 34.17508], [-79.75727, 34.17265], [-79.75729, 34.17246], [-79.75741, 34.17158], [-79.75733, 34.17157], [-79.75718, 34.17151], [-79.75662, 34.17134], [-79.75634, 34.17126], [-79.75609, 34.17119], [-79.75585, 34.17114], [-79.7555, 34.17108], [-79.75532, 34.17106], [-79.7553, 34.17107], [-79.75458, 34.17098], [-79.75443, 34.17096], [-79.75436, 34.17097], [-79.75435, 34.17096], [-79.75422, 34.17093], [-79.75406, 34.17093], [-79.75427, 34.17054], [-79.75452, 34.1701], [-79.75494, 34.16935], [-79.75529, 34.16866], [-79.75541, 34.1684], [-79.75554, 34.16815], [-79.75567, 34.16789], [-79.7557, 34.1679], [-79.75652, 34.1662], [-79.75682, 34.16561], [-79.7573, 34.16467], [-79.75807, 34.16312], [-79.75815, 34.16296], [-79.75835, 34.16311], [-79.75854, 34.16325], [-79.7586, 34.16333], [-79.75858, 34.16335], [-79.75851, 34.16347], [-79.75831, 34.16387], [-79.75812, 34.16425], [-79.75798, 34.16451], [-79.75808, 34.16454], [-79.75875, 34.16478], [-79.75886, 34.16482], [-79.75889, 34.16482], [-79.75908, 34.16482], [-79.75934, 34.16485], [-79.75992, 34.16485], [-79.7601, 34.16484], [-79.7601, 34.16494], [-79.76011, 34.1651], [-79.76027, 34.16511], [-79.7609, 34.16516], [-79.76101, 34.16671], [-79.76114, 34.16842], [-79.76133, 34.1709], [-79.76146, 34.1727], [-79.76147, 34.17284], [-79.76155, 34.17423]], [[-79.84458, 34.17774], [-79.84451, 34.17776], [-79.84421, 34.17784], [-79.84394, 34.17791], [-79.84345, 34.17805], [-79.84312, 34.17814], [-79.84279, 34.17823], [-79.84246, 34.17832], [-79.84213, 34.17841], [-79.84211, 34.17842], [-79.84173, 34.17852], [-79.84136, 34.17862], [-79.84105, 34.17871], [-79.84072, 34.1788], [-79.84041, 34.17889], [-79.84008, 34.17898], [-79.83976, 34.17906], [-79.83945, 34.17915], [-79.83914, 34.17924], [-79.83882, 34.17932], [-79.83856, 34.1794], [-79.83814, 34.17951], [-79.8378, 34.17961], [-79.83747, 34.1797], [-79.83714, 34.17979], [-79.83681, 34.17988], [-79.83648, 34.17997], [-79.83613, 34.18006], [-79.83563, 34.1802], [-79.8352, 34.18032], [-79.83476, 34.18044], [-79.83392, 34.18067], [-79.83305, 34.18091], [-79.83145, 34.18134], [-79.83121, 34.18141], [-79.83097, 34.18149], [-79.83079, 34.18122], [-79.82966, 34.18051], [-79.82863, 34.17942], [-79.82847, 34.17925], [-79.82833, 34.17911], [-79.82807, 34.17883], [-79.82736, 34.17808], [-79.82729, 34.178], [-79.82722, 34.17793], [-79.82723, 34.17792], [-79.82791, 34.17757], [-79.82798, 34.17753], [-79.82791, 34.17746], [-79.82779, 34.17735], [-79.82772, 34.17731], [-79.82717, 34.17704], [-79.82651, 34.17669], [-79.82597, 34.17642], [-79.82593, 34.1765], [-79.82549, 34.17709], [-79.82524, 34.17742], [-79.82661, 34.17812], [-79.82673, 34.17818], [-79.82597, 34.17857], [-79.82565, 34.17873], [-79.82547, 34.17883], [-79.82559, 34.17898], [-79.82829, 34.18257], [-79.82835, 34.18265], [-79.8282, 34.18273], [-79.82811, 34.18278], [-79.82604, 34.18401], [-79.82574, 34.18419], [-79.82559, 34.18398], [-79.82557, 34.18382], [-79.82526, 34.18345], [-79.82512, 34.18335], [-79.82472, 34.18342], [-79.82447, 34.18335], [-79.82438, 34.18316], [-79.82402, 34.18305], [-79.82401, 34.18284], [-79.82387, 34.18282], [-79.82384, 34.18273], [-79.8237, 34.18272], [-79.82344, 34.18279], [-79.82338, 34.18281], [-79.82329, 34.18277], [-79.82322, 34.18258], [-79.82302, 34.18255], [-79.82298, 34.18244], [-79.82283, 34.1824], [-79.82271, 34.18234], [-79.82266, 34.1823], [-79.82265, 34.18226], [-79.82251, 34.18228], [-79.82241, 34.18223], [-79.82232, 34.18224], [-79.82231, 34.18215], [-79.8223, 34.18208], [-79.82202, 34.1817], [-79.82255, 34.18143], [-79.82203, 34.18073], [-79.82195, 34.18064], [-79.8219, 34.18055], [-79.82178, 34.18061], [-79.82162, 34.1807], [-79.82134, 34.18085], [-79.8214, 34.18093], [-79.82029, 34.18151], [-79.82021, 34.18154], [-79.82009, 34.18161], [-79.82003, 34.18153], [-79.81997, 34.18149], [-79.81992, 34.18147], [-79.81988, 34.18146], [-79.81986, 34.18144], [-79.81977, 34.18141], [-79.81969, 34.18138], [-79.81962, 34.18137], [-79.81954, 34.18134], [-79.8195, 34.18132], [-79.8194, 34.18129], [-79.81929, 34.18126], [-79.81923, 34.18123], [-79.81911, 34.1812], [-79.81899, 34.18117], [-79.81908, 34.18107], [-79.81974, 34.18028], [-79.81991, 34.1801], [-79.82026, 34.17969], [-79.82075, 34.17912], [-79.82097, 34.17926], [-79.82157, 34.1786], [-79.82205, 34.17805], [-79.82214, 34.17795], [-79.82217, 34.17791], [-79.82199, 34.1778], [-79.82174, 34.17764], [-79.8214, 34.17743], [-79.82095, 34.17714], [-79.82054, 34.17686], [-79.82, 34.17645], [-79.81972, 34.17621], [-79.81963, 34.17613], [-79.8191, 34.17568], [-79.819, 34.17575], [-79.81888, 34.17583], [-79.81856, 34.17602], [-79.81743, 34.17674], [-79.81703, 34.17699], [-79.81693, 34.17706], [-79.8165, 34.17733], [-79.81648, 34.17731], [-79.81634, 34.17721], [-79.81615, 34.17706], [-79.81615, 34.17732], [-79.81598, 34.17713], [-79.8159, 34.17719], [-79.81586, 34.17722], [-79.81534, 34.17757], [-79.81564, 34.17788], [-79.81607, 34.17832], [-79.81597, 34.18025], [-79.81596, 34.18036], [-79.81598, 34.18036], [-79.81598, 34.18041], [-79.81589, 34.18041], [-79.81583, 34.18043], [-79.81553, 34.18109], [-79.81537, 34.18144], [-79.81544, 34.18146], [-79.81572, 34.18157], [-79.81645, 34.18183], [-79.81659, 34.18188], [-79.81644, 34.18196], [-79.81622, 34.18208], [-79.81583, 34.18227], [-79.81537, 34.1825], [-79.81534, 34.18247], [-79.81508, 34.18212], [-79.81497, 34.18217], [-79.81481, 34.18226], [-79.81459, 34.18237], [-79.81452, 34.18241], [-79.81453, 34.18243], [-79.81472, 34.18268], [-79.81482, 34.1828], [-79.81502, 34.18307], [-79.81531, 34.18346], [-79.81532, 34.18347], [-79.81511, 34.18358], [-79.81503, 34.18363], [-79.81494, 34.18367], [-79.81486, 34.18371], [-79.81478, 34.18376], [-79.81502, 34.18409], [-79.81504, 34.18411], [-79.81504, 34.18412], [-79.81501, 34.18413], [-79.81497, 34.18415], [-79.81483, 34.18422], [-79.81479, 34.18424], [-79.8147, 34.18428], [-79.81462, 34.18433], [-79.81459, 34.18434], [-79.81419, 34.18456], [-79.81405, 34.18464], [-79.81399, 34.18457], [-79.81396, 34.18452], [-79.81379, 34.18428], [-79.81388, 34.18423], [-79.81407, 34.18412], [-79.81392, 34.18393], [-79.81375, 34.18402], [-79.81368, 34.18405], [-79.81363, 34.18408], [-79.81359, 34.18402], [-79.81352, 34.18393], [-79.81347, 34.18388], [-79.8134, 34.18379], [-79.8133, 34.1837], [-79.81325, 34.18366], [-79.81309, 34.18356], [-79.81275, 34.18337], [-79.81288, 34.18313], [-79.81304, 34.18284], [-79.81333, 34.18293], [-79.81359, 34.18302], [-79.81369, 34.18282], [-79.81281, 34.18255], [-79.81271, 34.18252], [-79.81276, 34.18241], [-79.81254, 34.18233], [-79.81251, 34.18232], [-79.81237, 34.18226], [-79.81235, 34.18225], [-79.81231, 34.18224], [-79.81217, 34.18217], [-79.81213, 34.18215], [-79.81197, 34.18208], [-79.81194, 34.18206], [-79.81161, 34.18192], [-79.81155, 34.18189], [-79.81144, 34.18184], [-79.81143, 34.18184], [-79.81135, 34.1818], [-79.81133, 34.18179], [-79.8113, 34.18178], [-79.81131, 34.18177], [-79.81108, 34.18168], [-79.81111, 34.18163], [-79.81121, 34.18144], [-79.81124, 34.18137], [-79.81132, 34.18121], [-79.81136, 34.18113], [-79.81139, 34.18106], [-79.81149, 34.18109], [-79.81178, 34.1812], [-79.81221, 34.18135], [-79.81224, 34.1813], [-79.81301, 34.17981], [-79.8131, 34.17964], [-79.81316, 34.17953], [-79.81313, 34.17952], [-79.8131, 34.17951], [-79.81308, 34.1795], [-79.81298, 34.17946], [-79.8129, 34.17943], [-79.81283, 34.17938], [-79.8128, 34.17937], [-79.81277, 34.17934], [-79.81274, 34.17931], [-79.81271, 34.1793], [-79.81268, 34.17929], [-79.81259, 34.17928], [-79.8125, 34.17927], [-79.81236, 34.17924], [-79.81231, 34.17921], [-79.81228, 34.17917], [-79.81227, 34.17915], [-79.81229, 34.17907], [-79.81229, 34.17904], [-79.81229, 34.17901], [-79.81228, 34.17896], [-79.81226, 34.17892], [-79.81223, 34.17889], [-79.8122, 34.17887], [-79.81213, 34.17884], [-79.81197, 34.17881], [-79.81188, 34.17879], [-79.81184, 34.17888], [-79.8118, 34.17896], [-79.81129, 34.17997], [-79.8111, 34.18034], [-79.81084, 34.18087], [-79.81074, 34.18083], [-79.81058, 34.18078], [-79.81048, 34.18075], [-79.81046, 34.18074], [-79.81038, 34.18071], [-79.81051, 34.18044], [-79.81126, 34.17896], [-79.81131, 34.17886], [-79.8114, 34.17868], [-79.81129, 34.17863], [-79.81125, 34.17861], [-79.81121, 34.17858], [-79.81118, 34.17856], [-79.81114, 34.17854], [-79.81101, 34.17851], [-79.81096, 34.17849], [-79.8109, 34.17846], [-79.81085, 34.17843], [-79.81078, 34.17839], [-79.8107, 34.17834], [-79.81062, 34.1783], [-79.8106, 34.17829], [-79.81055, 34.17828], [-79.8105, 34.17825], [-79.8104, 34.17823], [-79.81034, 34.17822], [-79.8103, 34.1782], [-79.81016, 34.17818], [-79.81012, 34.17817], [-79.80997, 34.17816], [-79.8099, 34.17814], [-79.80969, 34.17813], [-79.80964, 34.17813], [-79.80958, 34.17813], [-79.80945, 34.17814], [-79.80932, 34.17815], [-79.80936, 34.17803], [-79.80941, 34.17791], [-79.80944, 34.17783], [-79.80948, 34.17776], [-79.80953, 34.17764], [-79.8096, 34.17751], [-79.80964, 34.17744], [-79.80982, 34.17718], [-79.81053, 34.17626], [-79.81073, 34.17601], [-79.81084, 34.17589], [-79.81092, 34.1758], [-79.81105, 34.17569], [-79.81117, 34.17559], [-79.81119, 34.17557], [-79.81115, 34.17554], [-79.81113, 34.17551], [-79.81112, 34.17549], [-79.81111, 34.17548], [-79.81109, 34.17546], [-79.81106, 34.17542], [-79.81102, 34.17539], [-79.81098, 34.17536], [-79.81053, 34.17501], [-79.81031, 34.17523], [-79.81015, 34.17539], [-79.81012, 34.17543], [-79.81009, 34.17545], [-79.80981, 34.17573], [-79.80975, 34.1757], [-79.80964, 34.17579], [-79.80859, 34.17524], [-79.80811, 34.17499], [-79.80753, 34.17469], [-79.80738, 34.17461], [-79.80734, 34.17468], [-79.80711, 34.17502], [-79.80685, 34.17541], [-79.80653, 34.17591], [-79.80605, 34.17662], [-79.80561, 34.17728], [-79.80516, 34.17796], [-79.80496, 34.178], [-79.80486, 34.17801], [-79.80479, 34.17801], [-79.80462, 34.178], [-79.80458, 34.178], [-79.80453, 34.17799], [-79.80446, 34.17798], [-79.80444, 34.17797], [-79.80435, 34.17795], [-79.80427, 34.17792], [-79.80415, 34.17787], [-79.80405, 34.17782], [-79.80399, 34.17779], [-79.80397, 34.17779], [-79.80396, 34.17778], [-79.8039, 34.17775], [-79.80382, 34.17772], [-79.80375, 34.17768], [-79.80366, 34.17762], [-79.80362, 34.17758], [-79.8035, 34.1775], [-79.80344, 34.17745], [-79.8034, 34.17743], [-79.80336, 34.17741], [-79.8033, 34.17738], [-79.80322, 34.17735], [-79.80317, 34.17732], [-79.80312, 34.17731], [-79.80296, 34.17716], [-79.8028, 34.177], [-79.80269, 34.17689], [-79.8026, 34.17682], [-79.80245, 34.17672], [-79.80238, 34.17668], [-79.80228, 34.17665], [-79.80209, 34.17663], [-79.80199, 34.17663], [-79.80184, 34.17663], [-79.80178, 34.17661], [-79.80171, 34.1766], [-79.80161, 34.17658], [-79.80152, 34.17653], [-79.80145, 34.1765], [-79.80128, 34.17644], [-79.80114, 34.17637], [-79.80108, 34.17632], [-79.80082, 34.17619], [-79.80067, 34.17613], [-79.80069, 34.17609], [-79.80095, 34.17569], [-79.8014, 34.17498], [-79.80152, 34.1748], [-79.803, 34.17261], [-79.80304, 34.17255], [-79.80313, 34.17242], [-79.80279, 34.17225], [-79.80275, 34.17223], [-79.80273, 34.17222], [-79.80282, 34.17212], [-79.80299, 34.1719], [-79.80316, 34.17167], [-79.80305, 34.17161], [-79.80297, 34.17156], [-79.80288, 34.17151], [-79.80277, 34.17146], [-79.80234, 34.17202], [-79.80229, 34.17199], [-79.80215, 34.17192], [-79.80204, 34.17186], [-79.8023, 34.17156], [-79.80243, 34.17137], [-79.80248, 34.17128], [-79.80248, 34.17126], [-79.80251, 34.17118], [-79.80252, 34.17112], [-79.80246, 34.17111], [-79.80243, 34.17111], [-79.8024, 34.1711], [-79.80209, 34.17105], [-79.8021, 34.17101], [-79.80212, 34.17089], [-79.8018, 34.17083], [-79.8022, 34.16902], [-79.80222, 34.1689], [-79.80282, 34.16898], [-79.80289, 34.16899], [-79.80295, 34.169], [-79.80305, 34.16901], [-79.80306, 34.16899], [-79.80308, 34.16888], [-79.80297, 34.16882], [-79.80287, 34.16876], [-79.80308, 34.16849], [-79.8035, 34.16871], [-79.80359, 34.16875], [-79.80408, 34.16811], [-79.80364, 34.16788], [-79.80365, 34.16787], [-79.80357, 34.16783], [-79.80383, 34.16747], [-79.80433, 34.1667], [-79.80434, 34.16659], [-79.80457, 34.16509], [-79.80468, 34.16431], [-79.80478, 34.16371], [-79.80487, 34.16315], [-79.8049, 34.16289], [-79.80502, 34.16292], [-79.8051, 34.16294], [-79.80516, 34.16295], [-79.80524, 34.16297], [-79.80543, 34.16302], [-79.80586, 34.16313], [-79.80604, 34.16317], [-79.80615, 34.1632], [-79.80626, 34.16323], [-79.80628, 34.16305], [-79.80632, 34.16267], [-79.80632, 34.16256], [-79.80631, 34.1625], [-79.80627, 34.16244], [-79.80621, 34.16238], [-79.80619, 34.16237], [-79.80616, 34.16229], [-79.80618, 34.16221], [-79.8062, 34.16215], [-79.80625, 34.16201], [-79.80635, 34.16169], [-79.80641, 34.16149], [-79.80645, 34.16133], [-79.8065, 34.16117], [-79.80655, 34.16101], [-79.80659, 34.16085], [-79.80664, 34.16068], [-79.80669, 34.16051], [-79.80674, 34.16036], [-79.80679, 34.16018], [-79.80684, 34.16001], [-79.80689, 34.15984], [-79.80694, 34.15964], [-79.80703, 34.15934], [-79.80701, 34.15933], [-79.807, 34.15933], [-79.80689, 34.15932], [-79.80674, 34.15914], [-79.80663, 34.15899], [-79.80659, 34.15893], [-79.80621, 34.15913], [-79.80612, 34.15904], [-79.80655, 34.15882], [-79.80651, 34.15869], [-79.80645, 34.15852], [-79.80639, 34.15834], [-79.8064, 34.15826], [-79.80641, 34.1581], [-79.80642, 34.1579], [-79.80644, 34.15742], [-79.80644, 34.15738], [-79.80689, 34.15739], [-79.80763, 34.15742], [-79.80885, 34.15746], [-79.80873, 34.1579], [-79.80864, 34.15846], [-79.80849, 34.15943], [-79.80839, 34.16004], [-79.80856, 34.16013], [-79.80875, 34.16022], [-79.80907, 34.16038], [-79.80916, 34.16043], [-79.80918, 34.16029], [-79.80933, 34.1596], [-79.80979, 34.15966], [-79.81019, 34.1597], [-79.81025, 34.15971], [-79.81067, 34.15976], [-79.81071, 34.15977], [-79.81068, 34.15993], [-79.81047, 34.16102], [-79.81074, 34.16126], [-79.81095, 34.16145], [-79.81124, 34.1617], [-79.81146, 34.1619], [-79.81149, 34.16192], [-79.8115, 34.16193], [-79.81159, 34.16196], [-79.81166, 34.16198], [-79.81193, 34.16207], [-79.81213, 34.16213], [-79.81229, 34.16219], [-79.8123, 34.16219], [-79.81211, 34.16157], [-79.81206, 34.16142], [-79.81207, 34.16079], [-79.81295, 34.16089], [-79.81291, 34.16115], [-79.8129, 34.16125], [-79.81286, 34.16151], [-79.81285, 34.16163], [-79.81338, 34.16166], [-79.81342, 34.16204], [-79.81403, 34.16228], [-79.81452, 34.16251], [-79.8147, 34.16233], [-79.81493, 34.16248], [-79.81536, 34.16211], [-79.81666, 34.16129], [-79.81638, 34.16094], [-79.81632, 34.16088], [-79.81621, 34.16074], [-79.81616, 34.16069], [-79.81739, 34.16068], [-79.81765, 34.16068], [-79.8178, 34.16068], [-79.81825, 34.16067], [-79.81836, 34.16067], [-79.81842, 34.16066], [-79.81847, 34.16067], [-79.81885, 34.16069], [-79.81945, 34.1604], [-79.81976, 34.16024], [-79.82008, 34.16009], [-79.82059, 34.15983], [-79.82091, 34.15968], [-79.82101, 34.15965], [-79.82123, 34.1596], [-79.82133, 34.15958], [-79.82164, 34.15926], [-79.82196, 34.15906], [-79.822, 34.15904], [-79.82215, 34.15895], [-79.82252, 34.15895], [-79.82275, 34.15894], [-79.82317, 34.15894], [-79.82332, 34.15892], [-79.82367, 34.15885], [-79.82411, 34.15879], [-79.82447, 34.15873], [-79.82495, 34.15864], [-79.82512, 34.15864], [-79.82542, 34.15865], [-79.82574, 34.15862], [-79.82601, 34.15881], [-79.82656, 34.15896], [-79.82697, 34.15912], [-79.82731, 34.15925], [-79.82732, 34.15975], [-79.82733, 34.16024], [-79.82733, 34.16046], [-79.82734, 34.16086], [-79.82735, 34.16135], [-79.82736, 34.16158], [-79.82736, 34.16182], [-79.82737, 34.16225], [-79.82738, 34.16252], [-79.82739, 34.1628], [-79.82739, 34.16325], [-79.8274, 34.16359], [-79.82741, 34.16416], [-79.82745, 34.16545], [-79.82739, 34.16549], [-79.82707, 34.16568], [-79.82679, 34.16586], [-79.82465, 34.16713], [-79.82312, 34.16805], [-79.8229, 34.16819], [-79.82263, 34.16835], [-79.82258, 34.16838], [-79.82221, 34.16794], [-79.82212, 34.16783], [-79.82176, 34.1674], [-79.82109, 34.16783], [-79.82032, 34.16833], [-79.82117, 34.16925], [-79.82043, 34.16972], [-79.82022, 34.16985], [-79.81996, 34.17001], [-79.81965, 34.17021], [-79.81951, 34.17029], [-79.81832, 34.17105], [-79.81916, 34.17195], [-79.81938, 34.17218], [-79.81986, 34.17268], [-79.81992, 34.17274], [-79.82069, 34.17224], [-79.82218, 34.17365], [-79.82229, 34.17356], [-79.82248, 34.17339], [-79.82255, 34.17333], [-79.82308, 34.17327], [-79.82341, 34.17323], [-79.82375, 34.17319], [-79.82407, 34.17316], [-79.82471, 34.17303], [-79.82485, 34.17301], [-79.82515, 34.17316], [-79.82534, 34.17325], [-79.82563, 34.1734], [-79.82591, 34.17354], [-79.82619, 34.17368], [-79.8266, 34.17389], [-79.82675, 34.17396], [-79.82706, 34.17436], [-79.82714, 34.17445], [-79.82718, 34.17449], [-79.82766, 34.17424], [-79.82827, 34.17392], [-79.82877, 34.1746], [-79.829, 34.1749], [-79.82934, 34.17472], [-79.8298, 34.17521], [-79.83059, 34.17604], [-79.8306, 34.17605], [-79.83066, 34.17613], [-79.83072, 34.1761], [-79.83092, 34.176], [-79.83124, 34.17583], [-79.83118, 34.17575], [-79.83067, 34.17507], [-79.83047, 34.17479], [-79.83006, 34.17425], [-79.83008, 34.17411], [-79.83009, 34.17406], [-79.83009, 34.17402], [-79.82939, 34.17369], [-79.82944, 34.17395], [-79.82947, 34.17407], [-79.8294, 34.17404], [-79.82869, 34.17369], [-79.82866, 34.17348], [-79.82866, 34.17347], [-79.8284, 34.17313], [-79.82822, 34.1729], [-79.82816, 34.17282], [-79.82815, 34.1728], [-79.82804, 34.17266], [-79.82777, 34.17232], [-79.82741, 34.17185], [-79.82904, 34.17099], [-79.82944, 34.17078], [-79.82968, 34.17066], [-79.82974, 34.17062], [-79.82996, 34.17092], [-79.8303, 34.17137], [-79.83051, 34.17166], [-79.83054, 34.17169], [-79.83086, 34.17214], [-79.83109, 34.17244], [-79.83106, 34.17246], [-79.83134, 34.17283], [-79.8315, 34.17304], [-79.83164, 34.17322], [-79.83182, 34.17346], [-79.83202, 34.17373], [-79.83242, 34.17427], [-79.83218, 34.1744], [-79.8323, 34.17456], [-79.83263, 34.175], [-79.83265, 34.17503], [-79.8327, 34.17509], [-79.83338, 34.17474], [-79.8339, 34.17447], [-79.83431, 34.17425], [-79.83452, 34.17414], [-79.83493, 34.17393], [-79.83463, 34.17352], [-79.83439, 34.17318], [-79.83386, 34.17249], [-79.83379, 34.17239], [-79.83306, 34.17142], [-79.83431, 34.17077], [-79.83566, 34.17172], [-79.83615, 34.17237], [-79.8358, 34.17257], [-79.83621, 34.1731], [-79.83624, 34.17314], [-79.8363, 34.17322], [-79.83589, 34.17343], [-79.83601, 34.17359], [-79.83635, 34.17405], [-79.83605, 34.17421], [-79.83598, 34.17412], [-79.83591, 34.17403], [-79.83575, 34.17422], [-79.8355, 34.17451], [-79.83546, 34.17456], [-79.83525, 34.1748], [-79.83504, 34.17505], [-79.83493, 34.17518], [-79.83477, 34.17562], [-79.83465, 34.17596], [-79.83452, 34.17631], [-79.83443, 34.1766], [-79.83432, 34.17689], [-79.83421, 34.1772], [-79.83412, 34.17747], [-79.83477, 34.17729], [-79.83514, 34.17719], [-79.83539, 34.1778], [-79.83547, 34.17778], [-79.83553, 34.17776], [-79.83554, 34.17776], [-79.8353, 34.17714], [-79.83568, 34.17704], [-79.83605, 34.17694], [-79.83643, 34.17684], [-79.83681, 34.17673], [-79.83719, 34.17663], [-79.83756, 34.17653], [-79.83794, 34.17642], [-79.83831, 34.17632], [-79.83869, 34.17621], [-79.83907, 34.17611], [-79.83944, 34.17601], [-79.83982, 34.1759], [-79.8402, 34.1758], [-79.84057, 34.17569], [-79.84095, 34.17559], [-79.84133, 34.17549], [-79.8417, 34.17538], [-79.8418, 34.17535], [-79.84166, 34.17505], [-79.84152, 34.17473], [-79.84137, 34.17442], [-79.8413, 34.17427], [-79.84129, 34.17424], [-79.84123, 34.17411], [-79.84115, 34.17393], [-79.84107, 34.17377], [-79.84099, 34.1736], [-79.84089, 34.17339], [-79.84081, 34.17322], [-79.84073, 34.17305], [-79.84065, 34.17287], [-79.84057, 34.17291], [-79.84051, 34.17281], [-79.84114, 34.17261], [-79.84124, 34.17257], [-79.84124, 34.17258], [-79.84125, 34.1726], [-79.84128, 34.17266], [-79.84132, 34.17273], [-79.84134, 34.17273], [-79.84138, 34.17271], [-79.84147, 34.17269], [-79.84193, 34.17254], [-79.842, 34.17252], [-79.84201, 34.17255], [-79.84211, 34.17276], [-79.84216, 34.17287], [-79.8422, 34.17296], [-79.84229, 34.17314], [-79.84232, 34.17323], [-79.84239, 34.17336], [-79.84249, 34.17358], [-79.84253, 34.17368], [-79.84265, 34.17394], [-79.84268, 34.174], [-79.84295, 34.17459], [-79.84298, 34.17464], [-79.84304, 34.17477], [-79.84306, 34.17482], [-79.84314, 34.175], [-79.8432, 34.17513], [-79.8433, 34.1751], [-79.84332, 34.17515], [-79.8434, 34.17533], [-79.84348, 34.1755], [-79.84351, 34.1755], [-79.84357, 34.17562], [-79.84367, 34.17583], [-79.84374, 34.17597], [-79.84379, 34.17609], [-79.84385, 34.1762], [-79.84391, 34.17632], [-79.84396, 34.17642], [-79.84404, 34.1766], [-79.84409, 34.1767], [-79.84418, 34.17688], [-79.84425, 34.17702], [-79.8443, 34.17715], [-79.84443, 34.17741], [-79.84444, 34.17743], [-79.84458, 34.17774]]], [[[-79.83563, 34.22198], [-79.83544, 34.22184], [-79.83551, 34.22154], [-79.83555, 34.22131], [-79.83556, 34.22115], [-79.83557, 34.22099], [-79.83476, 34.22104], [-79.83469, 34.22041], [-79.83481, 34.2204], [-79.8348, 34.22031], [-79.83479, 34.22022], [-79.83451, 34.21985], [-79.83444, 34.21975], [-79.83189, 34.21627], [-79.8318, 34.21631], [-79.83137, 34.21647], [-79.83119, 34.21655], [-79.83042, 34.21683], [-79.82942, 34.21555], [-79.8287, 34.21464], [-79.82808, 34.21342], [-79.82684, 34.2137], [-79.8262, 34.21385], [-79.82524, 34.21383], [-79.82524, 34.21405], [-79.82523, 34.21438], [-79.8254, 34.21475], [-79.82567, 34.21511], [-79.82592, 34.21532], [-79.82639, 34.21561], [-79.8266, 34.2158], [-79.82688, 34.21605], [-79.82597, 34.21742], [-79.82557, 34.21802], [-79.82536, 34.21834], [-79.82578, 34.21902], [-79.82552, 34.21935], [-79.82599, 34.22033], [-79.82598, 34.22042], [-79.82599, 34.22042], [-79.82636, 34.22043], [-79.82743, 34.22045], [-79.82819, 34.22047], [-79.82856, 34.22048], [-79.82864, 34.22048], [-79.82866, 34.2204], [-79.82866, 34.22003], [-79.82867, 34.21932], [-79.82868, 34.2189], [-79.82874, 34.21863], [-79.82911, 34.21863], [-79.82984, 34.21864], [-79.83045, 34.21865], [-79.83096, 34.21865], [-79.83094, 34.22003], [-79.83093, 34.22043], [-79.83093, 34.22052], [-79.83101, 34.22052], [-79.83135, 34.22052], [-79.83277, 34.22043], [-79.83278, 34.22054], [-79.83307, 34.22308], [-79.83311, 34.22345], [-79.83317, 34.22403], [-79.83318, 34.22404], [-79.83327, 34.2241], [-79.83348, 34.22394], [-79.83398, 34.22352], [-79.83563, 34.22198]]], [[[-79.8638, 34.22082], [-79.86362, 34.22065], [-79.8635, 34.22051], [-79.86343, 34.22043], [-79.86332, 34.22028], [-79.86327, 34.22019], [-79.86316, 34.21991], [-79.8631, 34.21972], [-79.86306, 34.21962], [-79.86303, 34.21952], [-79.86291, 34.21913], [-79.86281, 34.21883], [-79.86278, 34.21873], [-79.86266, 34.21841], [-79.86261, 34.2183], [-79.86252, 34.21807], [-79.86247, 34.21796], [-79.86243, 34.21786], [-79.85948, 34.21972], [-79.8546, 34.22281], [-79.85462, 34.22282], [-79.85478, 34.22286], [-79.8553, 34.22299], [-79.85514, 34.22367], [-79.85728, 34.22392], [-79.85793, 34.22316], [-79.85904, 34.2227], [-79.86013, 34.22242], [-79.86113, 34.222], [-79.86122, 34.22207], [-79.86372, 34.22086], [-79.86374, 34.22085], [-79.8638, 34.22082]]], [[[-79.85158, 34.22472], [-79.84954, 34.22601], [-79.84954, 34.22604], [-79.84957, 34.22616], [-79.84957, 34.22617], [-79.84963, 34.22615], [-79.85155, 34.22562], [-79.85157, 34.22508], [-79.85158, 34.22475], [-79.85158, 34.22472]]]]}, "properties": {"geoid": "4525810", "name": "Florence", "facts": {"population": 40408.0, "median_age": 37.8, "median_household_income": 56143.0, "poverty_rate_pct": 18.9, "unemployment_rate_pct": 5.4, "renter_share_pct": 41.6}, "factsSource": "US Census ACS 2024 5-year estimates"}}]}